Time (s),Voltage (V)
0.000000,2.7520
0.000025,2.7778
0.000050,2.8237
0.000075,2.8761
0.000100,2.9599
0.000125,3.0341
0.000150,3.0953
0.000175,3.1485
0.000200,3.1896
0.000225,3.2178
0.000250,3.2371
0.000275,3.2460
0.000300,3.2468
0.000325,3.2371
0.000350,3.2170
0.000375,3.1832
0.000400,3.1412
0.000425,3.0905
0.000450,3.0325
0.000475,2.9607
0.000500,2.8793
0.000525,2.7923
0.000550,2.7004
0.000575,2.6142
0.000600,2.5103
0.000625,2.4063
0.000650,2.3007
0.000675,2.1903
0.000700,2.0968
0.000725,1.9953
0.000750,1.8946
0.000775,1.7842
0.000800,1.6762
0.000825,1.5755
0.000850,1.4691
0.000875,1.3587
0.000900,1.2394
0.000925,1.1056
0.000950,0.9598
0.000975,0.8212
0.001000,0.6834
0.001025,0.5577
0.001050,0.4505
0.001075,0.3578
0.001100,0.2748
0.001125,0.2023
0.001150,0.1418
0.001175,0.0927
0.001200,0.0572
0.001225,0.0338
0.001250,0.0210
0.001275,0.0169
0.001300,0.0218
0.001325,0.0395
0.001350,0.0701
0.001375,0.1136
0.001400,0.1676
0.001425,0.2321
0.001450,0.3095
0.001475,0.3989
0.001500,0.5061
0.001525,0.6229
0.001550,0.7478
0.001575,0.8760
0.001600,1.0009
0.001625,1.1137
0.001650,1.2185
0.001675,1.2982
0.001700,1.3764
0.001725,1.4651
0.001750,1.5577
0.001775,1.6705
0.001800,1.7697
0.001825,1.8688
0.001850,1.9736
0.001875,2.0799
0.001900,2.1992
0.001925,2.3120
0.001950,2.4168
0.001975,2.5175
0.002000,2.6150
0.002025,2.7085
0.002050,2.7996
0.002075,2.8842
0.002100,2.9607
0.002125,3.0333
0.002150,3.0945
0.002175,3.1461
0.002200,3.1896
0.002225,3.2178
0.002250,3.2363
0.002275,3.2460
0.002300,3.2452
0.002325,3.2371
0.002350,3.2170
0.002375,3.1840
0.002400,3.1412
0.002425,3.0873
0.002450,3.0276
0.002475,2.9559
0.002500,2.8785
0.002525,2.7963
0.002550,2.7093
0.002575,2.6158
0.002600,2.5135
0.002625,2.4079
0.002650,2.3032
0.002675,2.2016
0.002700,2.0952
0.002725,1.9848
0.002750,1.8728
0.002775,1.7640
0.002800,1.6722
0.002825,1.5851
0.002850,1.4836
0.002875,1.3764
0.002900,1.2467
0.002925,1.1056
0.002950,0.9614
0.002975,0.8123
0.003000,0.6818
0.003025,0.5593
0.003050,0.4553
0.003075,0.3651
0.003100,0.2772
0.003125,0.2031
0.003150,0.1410
0.003175,0.0911
0.003200,0.0572
0.003225,0.0338
0.003250,0.0210
0.003275,0.0169
0.003300,0.0218
0.003325,0.0403
0.003350,0.0709
0.003375,0.1136
0.003400,0.1668
0.003425,0.2297
0.003450,0.3046
0.003475,0.3997
0.003500,0.5053
0.003525,0.6221
0.003550,0.7462
0.003575,0.8744
0.003600,0.9872
0.003625,1.0911
0.003650,1.1870
0.003675,1.2692
0.003700,1.3684
0.003725,1.4731
0.003750,1.5819
0.003775,1.6786
0.003800,1.7753
0.003825,1.8712
0.003850,1.9719
0.003875,2.0920
0.003900,2.2000
0.003925,2.3056
0.003950,2.4047
0.003975,2.5038
0.004000,2.6118
0.004025,2.7117
0.004050,2.8076
0.004075,2.8882
0.004100,2.9623
0.004125,3.0333
0.004150,3.0921
0.004175,3.1485
0.004200,3.1896
0.004225,3.2170
0.004250,3.2371
0.004275,3.2444
0.004300,3.2460
0.004325,3.2379
0.004350,3.2170
0.004375,3.1840
0.004400,3.1396
0.004425,3.0881
0.004450,3.0292
0.004475,2.9599
0.004500,2.8793
0.004525,2.7899
0.004550,2.6988
0.004575,2.6070
0.004600,2.5119
0.004625,2.4160
0.004650,2.3177
0.004675,2.2056
0.004700,2.1001
0.004725,1.9873
0.004750,1.8752
0.004775,1.7801
0.004800,1.6714
0.004825,1.5722
0.004850,1.4699
0.004875,1.3538
0.004900,1.2314
0.004925,1.0968
0.004950,0.9477
0.004975,0.8067
0.005000,0.6785
0.005025,0.5593
0.005050,0.4569
0.005075,0.3602
0.005100,0.2756
0.005125,0.2031
0.005150,0.1410
0.005175,0.0935
0.005200,0.0580
0.005225,0.0338
0.005250,0.0201
0.005275,0.0161
0.005300,0.0210
0.005325,0.0387
0.005350,0.0701
0.005375,0.1120
0.005400,0.1676
0.005425,0.2329
0.005450,0.3111
0.005475,0.4045
0.005500,0.5053
0.005525,0.6165
0.005550,0.7341
0.005575,0.8518
0.005600,0.9743
0.005625,1.0855
0.005650,1.1886
0.005675,1.2894
0.005700,1.3700
0.005725,1.4618
0.005750,1.5593
0.005775,1.6536
0.005800,1.7681
0.005825,1.8777
0.005850,1.9905
0.005875,2.0993
0.005900,2.2048
0.005925,2.3080
0.005950,2.4039
0.005975,2.5119
0.006000,2.6126
0.006025,2.7085
0.006050,2.8012
0.006075,2.8801
0.006100,2.9591
0.006125,3.0333
0.006150,3.0953
0.006175,3.1501
0.006200,3.1904
0.006225,3.2186
0.006250,3.2371
0.006275,3.2460
0.006300,3.2468
0.006325,3.2388
0.006350,3.2170
0.006375,3.1840
0.006400,3.1421
0.006425,3.0905
0.006450,3.0333
0.006475,2.9599
0.006500,2.8793
0.006525,2.7923
0.006550,2.7004
0.006575,2.6142
0.006600,2.5111
0.006625,2.4071
0.006650,2.3015
0.006675,2.1919
0.006700,2.0977
0.006725,1.9953
0.006750,1.8954
0.006775,1.7834
0.006800,1.6762
0.006825,1.5747
0.006850,1.4683
0.006875,1.3595
0.006900,1.2386
0.006925,1.1056
0.006950,0.9606
0.006975,0.8212
0.007000,0.6834
0.007025,0.5585
0.007050,0.4505
0.007075,0.3586
0.007100,0.2748
0.007125,0.2023
0.007150,0.1418
0.007175,0.0927
0.007200,0.0572
0.007225,0.0330
0.007250,0.0201
0.007275,0.0153
0.007300,0.0210
0.007325,0.0387
0.007350,0.0685
0.007375,0.1136
0.007400,0.1676
0.007425,0.2313
0.007450,0.3103
0.007475,0.3989
0.007500,0.5061
0.007525,0.6245
0.007550,0.7478
0.007575,0.8760
0.007600,1.0009
0.007625,1.1137
0.007650,1.2168
0.007675,1.2974
0.007700,1.3764
0.007725,1.4651
0.007750,1.5593
0.007775,1.6722
0.007800,1.7705
0.007825,1.8696
0.007850,1.9744
0.007875,2.0791
0.007900,2.1992
0.007925,2.3120
0.007950,2.4160
0.007975,2.5175
0.008000,2.6166
0.008025,2.7093
0.008050,2.8004
0.008075,2.8850
0.008100,2.9607
0.008125,3.0333
0.008150,3.0945
0.008175,3.1477
0.008200,3.1888
0.008225,3.2178
0.008250,3.2379
0.008275,3.2468
0.008300,3.2476
0.008325,3.2371
0.008350,3.2170
0.008375,3.1840
0.008400,3.1404
0.008425,3.0889
0.008450,3.0268
0.008475,2.9567
0.008500,2.8793
0.008525,2.7963
0.008550,2.7093
0.008575,2.6150
0.008600,2.5127
0.008625,2.4079
0.008650,2.3032
0.008675,2.2024
0.008700,2.0952
0.008725,1.9840
0.008750,1.8728
0.008775,1.7640
0.008800,1.6714
0.008825,1.5851
0.008850,1.4836
0.008875,1.3764
0.008900,1.2459
0.008925,1.1048
0.008950,0.9614
0.008975,0.8115
0.009000,0.6810
0.009025,0.5601
0.009050,0.4545
0.009075,0.3642
0.009100,0.2772
0.009125,0.2031
0.009150,0.1410
0.009175,0.0911
0.009200,0.0572
0.009225,0.0338
0.009250,0.0210
0.009275,0.0169
0.009300,0.0218
0.009325,0.0403
0.009350,0.0701
0.009375,0.1136
0.009400,0.1668
0.009425,0.2297
0.009450,0.3054
0.009475,0.3989
0.009500,0.5053
0.009525,0.6221
0.009550,0.7446
0.009575,0.8744
0.009600,0.9864
0.009625,1.0903
0.009650,1.1870
0.009675,1.2692
0.009700,1.3675
0.009725,1.4731
0.009750,1.5827
0.009775,1.6778
0.009800,1.7761
0.009825,1.8712
0.009850,1.9727
0.009875,2.0928
0.009900,2.2008
0.009925,2.3064
0.009950,2.4047
0.009975,2.5046
0.010000,2.6110
0.010025,2.7117
0.010050,2.8068
0.010075,2.8882
0.010100,2.9623
0.010125,3.0325
0.010150,3.0937
0.010175,3.1477
0.010200,3.1896
0.010225,3.2178
0.010250,3.2363
0.010275,3.2460
0.010300,3.2452
0.010325,3.2379
0.010350,3.2178
0.010375,3.1840
0.010400,3.1404
0.010425,3.0881
0.010450,3.0284
0.010475,2.9599
0.010500,2.8793
0.010525,2.7907
0.010550,2.6988
0.010575,2.6062
0.010600,2.5111
0.010625,2.4152
0.010650,2.3168
0.010675,2.2048
0.010700,2.0985
0.010725,1.9856
0.010750,1.8744
0.010775,1.7793
0.010800,1.6705
0.010825,1.5714
0.010850,1.4691
0.010875,1.3538
0.010900,1.2322
0.010925,1.0968
0.010950,0.9485
0.010975,0.8067
0.011000,0.6785
0.011025,0.5593
0.011050,0.4569
0.011075,0.3610
0.011100,0.2756
0.011125,0.2023
0.011150,0.1410
0.011175,0.0927
0.011200,0.0572
0.011225,0.0338
0.011250,0.0201
0.011275,0.0161
0.011300,0.0210
0.011325,0.0387
0.011350,0.0693
0.011375,0.1120
0.011400,0.1668
0.011425,0.2321
0.011450,0.3119
0.011475,0.4037
0.011500,0.5053
0.011525,0.6165
0.011550,0.7325
0.011575,0.8518
0.011600,0.9743
0.011625,1.0847
0.011650,1.1886
0.011675,1.2902
0.011700,1.3700
0.011725,1.4626
0.011750,1.5601
0.011775,1.6544
0.011800,1.7689
0.011825,1.8777
0.011850,1.9905
0.011875,2.0985
0.011900,2.2048
0.011925,2.3080
0.011950,2.4039
0.011975,2.5127
0.012000,2.6126
0.012025,2.7085
0.012050,2.8012
0.012075,2.8810
0.012100,2.9591
0.012125,3.0333
0.012150,3.0961
0.012175,3.1493
0.012200,3.1904
0.012225,3.2186
0.012250,3.2371
0.012275,3.2468
0.012300,3.2468
0.012325,3.2371
0.012350,3.2170
0.012375,3.1823
0.012400,3.1404
0.012425,3.0905
0.012450,3.0333
0.012475,2.9607
0.012500,2.8810
0.012525,2.7931
0.012550,2.7012
0.012575,2.6150
0.012600,2.5111
0.012625,2.4071
0.012650,2.3023
0.012675,2.1911
0.012700,2.0977
0.012725,1.9961
0.012750,1.8954
0.012775,1.7842
0.012800,1.6762
0.012825,1.5747
0.012850,1.4683
0.012875,1.3595
0.012900,1.2386
0.012925,1.1064
0.012950,0.9598
0.012975,0.8220
0.013000,0.6842
0.013025,0.5585
0.013050,0.4513
0.013075,0.3586
0.013100,0.2756
0.013125,0.2031
0.013150,0.1418
0.013175,0.0919
0.013200,0.0572
0.013225,0.0338
0.013250,0.0201
0.013275,0.0161
0.013300,0.0218
0.013325,0.0395
0.013350,0.0693
0.013375,0.1136
0.013400,0.1668
0.013425,0.2321
0.013450,0.3103
0.013475,0.3989
0.013500,0.5061
0.013525,0.6237
0.013550,0.7470
0.013575,0.8760
0.013600,1.0009
0.013625,1.1137
0.013650,1.2185
0.013675,1.2974
0.013700,1.3764
0.013725,1.4651
0.013750,1.5585
0.013775,1.6722
0.013800,1.7705
0.013825,1.8688
0.013850,1.9736
0.013875,2.0791
0.013900,2.1984
0.013925,2.3120
0.013950,2.4160
0.013975,2.5175
0.014000,2.6150
0.014025,2.7093
0.014050,2.7996
0.014075,2.8842
0.014100,2.9599
0.014125,3.0316
0.014150,3.0937
0.014175,3.1461
0.014200,3.1896
0.014225,3.2186
0.014250,3.2371
0.014275,3.2468
0.014300,3.2460
0.014325,3.2379
0.014350,3.2170
0.014375,3.1840
0.014400,3.1404
0.014425,3.0873
0.014450,3.0276
0.014475,2.9551
0.014500,2.8785
0.014525,2.7963
0.014550,2.7093
0.014575,2.6158
0.014600,2.5135
0.014625,2.4079
0.014650,2.3032
0.014675,2.2032
0.014700,2.0960
0.014725,1.9848
0.014750,1.8736
0.014775,1.7640
0.014800,1.6722
0.014825,1.5851
0.014850,1.4836
0.014875,1.3756
0.014900,1.2459
0.014925,1.1048
0.014950,0.9606
0.014975,0.8123
0.015000,0.6818
0.015025,0.5601
0.015050,0.4561
0.015075,0.3642
0.015100,0.2772
0.015125,0.2023
0.015150,0.1402
0.015175,0.0919
0.015200,0.0564
0.015225,0.0338
0.015250,0.0210
0.015275,0.0161
0.015300,0.0218
0.015325,0.0395
0.015350,0.0709
0.015375,0.1136
0.015400,0.1668
0.015425,0.2297
0.015450,0.3046
0.015475,0.3997
0.015500,0.5045
0.015525,0.6221
0.015550,0.7462
0.015575,0.8744
0.015600,0.9880
0.015625,1.0911
0.015650,1.1870
0.015675,1.2692
0.015700,1.3675
0.015725,1.4739
0.015750,1.5827
0.015775,1.6778
0.015800,1.7761
0.015825,1.8712
0.015850,1.9719
0.015875,2.0928
0.015900,2.2000
0.015925,2.3064
0.015950,2.4047
0.015975,2.5038
0.016000,2.6126
0.016025,2.7117
0.016050,2.8084
0.016075,2.8882
0.016100,2.9623
0.016125,3.0333
0.016150,3.0937
0.016175,3.1477
0.016200,3.1896
0.016225,3.2186
0.016250,3.2363
0.016275,3.2468
0.016300,3.2468
0.016325,3.2388
0.016350,3.2194
0.016375,3.1840
0.016400,3.1412
0.016425,3.0881
0.016450,3.0276
0.016475,2.9599
0.016500,2.8785
0.016525,2.7915
0.016550,2.6996
0.016575,2.6070
0.016600,2.5111
0.016625,2.4144
0.016650,2.3177
0.016675,2.2056
0.016700,2.1001
0.016725,1.9873
0.016750,1.8752
0.016775,1.7793
0.016800,1.6714
0.016825,1.5714
0.016850,1.4691
0.016875,1.3530
0.016900,1.2305
0.016925,1.0976
0.016950,0.9485
0.016975,0.8075
0.017000,0.6785
0.017025,0.5593
0.017050,0.4569
0.017075,0.3602
0.017100,0.2756
0.017125,0.2023
0.017150,0.1410
0.017175,0.0927
0.017200,0.0572
0.017225,0.0338
0.017250,0.0210
0.017275,0.0161
0.017300,0.0218
0.017325,0.0395
0.017350,0.0701
0.017375,0.1128
0.017400,0.1676
0.017425,0.2321
0.017450,0.3119
0.017475,0.4037
0.017500,0.5053
0.017525,0.6165
0.017550,0.7325
0.017575,0.8510
0.017600,0.9735
0.017625,1.0839
0.017650,1.1886
0.017675,1.2894
0.017700,1.3692
0.017725,1.4626
0.017750,1.5593
0.017775,1.6552
0.017800,1.7689
0.017825,1.8777
0.017850,1.9913
0.017875,2.0985
0.017900,2.2040
0.017925,2.3072
0.017950,2.4031
0.017975,2.5119
0.018000,2.6126
0.018025,2.7077
0.018050,2.8004
0.018075,2.8810
0.018100,2.9591
0.018125,3.0341
0.018150,3.0961
0.018175,3.1501
0.018200,3.1912
0.018225,3.2186
0.018250,3.2371
0.018275,3.2468
0.018300,3.2468
0.018325,3.2379
0.018350,3.2162
0.018375,3.1832
0.018400,3.1396
0.018425,3.0897
0.018450,3.0325
0.018475,2.9591
0.018500,2.8801
0.018525,2.7915
0.018550,2.6996
0.018575,2.6142
0.018600,2.5103
0.018625,2.4071
0.018650,2.3015
0.018675,2.1911
0.018700,2.0968
0.018725,1.9953
0.018750,1.8962
0.018775,1.7842
0.018800,1.6778
0.018825,1.5755
0.018850,1.4699
0.018875,1.3603
0.018900,1.2394
0.018925,1.1064
0.018950,0.9598
0.018975,0.8212
0.019000,0.6834
0.019025,0.5585
0.019050,0.4505
0.019075,0.3586
0.019100,0.2748
0.019125,0.2023
0.019150,0.1426
0.019175,0.0919
0.019200,0.0580
0.019225,0.0338
0.019250,0.0201
0.019275,0.0161
0.019300,0.0210
0.019325,0.0387
0.019350,0.0685
0.019375,0.1128
0.019400,0.1668
0.019425,0.2313
0.019450,0.3095
0.019475,0.3989
0.019500,0.5061
0.019525,0.6237
0.019550,0.7478
0.019575,0.8768
0.019600,1.0009
0.019625,1.1145
0.019650,1.2185
0.019675,1.2982
0.019700,1.3772
0.019725,1.4659
0.019750,1.5585
0.019775,1.6714
0.019800,1.7697
0.019825,1.8688
0.019850,1.9736
0.019875,2.0791
0.019900,2.1992
0.019925,2.3120
0.019950,2.4160
0.019975,2.5175
0.020000,2.6150
0.020025,2.7093
0.020050,2.8004
0.020075,2.8850
0.020100,2.9607
0.020125,3.0333
0.020150,3.0937
0.020175,3.1469
0.020200,3.1888
0.020225,3.2178
0.020250,3.2371
0.020275,3.2460
0.020300,3.2460
0.020325,3.2371
0.020350,3.2162
0.020375,3.1840
0.020400,3.1388
0.020425,3.0873
0.020450,3.0268
0.020475,2.9559
0.020500,2.8793
0.020525,2.7963
0.020550,2.7093
0.020575,2.6158
0.020600,2.5135
0.020625,2.4079
0.020650,2.3032
0.020675,2.2024
0.020700,2.0952
0.020725,1.9840
0.020750,1.8728
0.020775,1.7640
0.020800,1.6714
0.020825,1.5851
0.020850,1.4836
0.020875,1.3764
0.020900,1.2459
0.020925,1.1048
0.020950,0.9614
0.020975,0.8115
0.021000,0.6818
0.021025,0.5601
0.021050,0.4553
0.021075,0.3634
0.021100,0.2756
0.021125,0.2015
0.021150,0.1394
0.021175,0.0919
0.021200,0.0572
0.021225,0.0338
0.021250,0.0201
0.021275,0.0153
0.021300,0.0210
0.021325,0.0379
0.021350,0.0701
0.021375,0.1144
0.021400,0.1668
0.021425,0.2305
0.021450,0.3054
0.021475,0.3997
0.021500,0.5053
0.021525,0.6221
0.021550,0.7454
0.021575,0.8736
0.021600,0.9864
0.021625,1.0903
0.021650,1.1870
0.021675,1.2692
0.021700,1.3684
0.021725,1.4739
0.021750,1.5819
0.021775,1.6786
0.021800,1.7753
0.021825,1.8720
0.021850,1.9736
0.021875,2.0936
0.021900,2.2016
0.021925,2.3064
0.021950,2.4055
0.021975,2.5046
0.022000,2.6118
0.022025,2.7117
0.022050,2.8068
0.022075,2.8882
0.022100,2.9623
0.022125,3.0341
0.022150,3.0937
0.022175,3.1493
0.022200,3.1912
0.022225,3.2194
0.022250,3.2371
0.022275,3.2468
0.022300,3.2452
0.022325,3.2371
0.022350,3.2178
0.022375,3.1832
0.022400,3.1412
0.022425,3.0881
0.022450,3.0284
0.022475,2.9599
0.022500,2.8785
0.022525,2.7907
0.022550,2.6988
0.022575,2.6070
0.022600,2.5111
0.022625,2.4152
0.022650,2.3177
0.022675,2.2048
0.022700,2.0993
0.022725,1.9864
0.022750,1.8744
0.022775,1.7801
0.022800,1.6714
0.022825,1.5722
0.022850,1.4699
0.022875,1.3538
0.022900,1.2314
0.022925,1.0968
0.022950,0.9485
0.022975,0.8067
0.023000,0.6785
0.023025,0.5593
0.023050,0.4569
0.023075,0.3610
0.023100,0.2772
0.023125,0.2031
0.023150,0.1418
0.023175,0.0935
0.023200,0.0572
0.023225,0.0338
0.023250,0.0210
0.023275,0.0169
0.023300,0.0226
0.023325,0.0395
0.023350,0.0709
0.023375,0.1120
0.023400,0.1668
0.023425,0.2321
0.023450,0.3111
0.023475,0.4037
0.023500,0.5053
0.023525,0.6165
0.023550,0.7333
0.023575,0.8518
0.023600,0.9751
0.023625,1.0855
0.023650,1.1886
0.023675,1.2894
0.023700,1.3692
0.023725,1.4626
0.023750,1.5593
0.023775,1.6544
0.023800,1.7681
0.023825,1.8777
0.023850,1.9905
0.023875,2.0977
0.023900,2.2040
0.023925,2.3072
0.023950,2.4039
0.023975,2.5127
0.024000,2.6134
0.024025,2.7085
0.024050,2.8012
0.024075,2.8801
0.024100,2.9599
0.024125,3.0341
0.024150,3.0969
0.024175,3.1501
0.024200,3.1904
0.024225,3.2186
0.024250,3.2363
0.024275,3.2468
0.024300,3.2468
0.024325,3.2379
0.024350,3.2170
0.024375,3.1832
0.024400,3.1404
0.024425,3.0905
0.024450,3.0325
0.024475,2.9591
0.024500,2.8793
0.024525,2.7915
0.024550,2.7004
0.024575,2.6142
0.024600,2.5103
0.024625,2.4063
0.024650,2.3015
0.024675,2.1903
0.024700,2.0968
0.024725,1.9953
0.024750,1.8946
0.024775,1.7842
0.024800,1.6770
0.024825,1.5755
0.024850,1.4691
0.024875,1.3603
0.024900,1.2394
0.024925,1.1073
0.024950,0.9606
0.024975,0.8228
0.025000,2.8052
0.025025,2.7480
0.025050,2.6924
0.025075,2.6037
0.025100,2.5151
0.025125,2.4192
0.025150,2.3112
0.025175,2.1992
0.025200,2.0936
0.025225,1.9816
0.025250,1.8825
0.025275,1.7858
0.025300,1.6778
0.025325,1.5755
0.025350,1.4707
0.025375,1.3547
0.025400,1.2314
0.025425,1.0968
0.025450,0.9485
0.025475,0.8067
0.025500,0.6785
0.025525,0.5593
0.025550,0.4569
0.025575,0.3610
0.025600,0.2764
0.025625,0.2023
0.025650,0.1410
0.025675,0.0927
0.025700,0.0572
0.025725,0.0338
0.025750,0.0201
0.025775,0.0161
0.025800,0.0210
0.025825,0.0387
0.025850,0.0693
0.025875,0.1128
0.025900,0.1676
0.025925,0.2321
0.025950,0.3111
0.025975,0.4037
0.026000,0.5045
0.026025,0.6165
0.026050,0.7325
0.026075,0.8518
0.026100,0.9751
0.026125,1.0847
0.026150,1.1895
0.026175,1.2902
0.026200,1.3700
0.026225,1.4626
0.026250,1.5601
0.026275,1.6544
0.026300,1.7689
0.026325,1.8785
0.026350,1.9913
0.026375,2.0985
0.026400,2.2048
0.026425,2.3088
0.026450,2.4031
0.026475,2.5127
0.026500,2.6126
0.026525,2.7077
0.026550,2.8004
0.026575,2.8801
0.026600,2.9591
0.026625,3.0333
0.026650,3.0961
0.026675,3.1493
0.026700,3.1896
0.026725,3.2178
0.026750,3.2355
0.026775,3.2452
0.026800,3.2468
0.026825,3.2371
0.026850,3.2162
0.026875,3.1823
0.026900,3.1396
0.026925,3.0897
0.026950,3.0325
0.026975,2.9591
0.027000,2.8801
0.027025,2.7915
0.027050,2.7012
0.027075,2.6150
0.027100,2.5111
0.027125,2.4071
0.027150,2.3015
0.027175,2.1911
0.027200,2.0968
0.027225,1.9961
0.027250,1.8954
0.027275,1.7842
0.027300,1.6770
0.027325,1.5747
0.027350,1.4691
0.027375,1.3587
0.027400,1.2386
0.027425,1.1064
0.027450,0.9606
0.027475,0.8220
0.027500,0.6842
0.027525,0.5585
0.027550,0.4513
0.027575,0.3586
0.027600,0.2756
0.027625,0.2031
0.027650,0.1426
0.027675,0.0927
0.027700,0.0572
0.027725,0.0338
0.027750,0.0210
0.027775,0.0161
0.027800,0.0218
0.027825,0.0387
0.027850,0.0693
0.027875,0.1136
0.027900,0.1676
0.027925,0.2321
0.027950,0.3103
0.027975,0.3981
0.028000,0.5061
0.028025,0.6237
0.028050,0.7478
0.028075,0.8768
0.028100,1.0009
0.028125,1.1137
0.028150,1.2177
0.028175,1.2974
0.028200,1.3764
0.028225,1.4651
0.028250,1.5585
0.028275,1.6722
0.028300,1.7705
0.028325,1.8688
0.028350,1.9736
0.028375,2.0791
0.028400,2.1984
0.028425,2.3120
0.028450,2.4160
0.028475,2.5175
0.028500,2.6158
0.028525,2.7101
0.028550,2.7988
0.028575,2.8842
0.028600,2.9599
0.028625,3.0325
0.028650,3.0945
0.028675,3.1461
0.028700,3.1888
0.028725,3.2178
0.028750,3.2371
0.028775,3.2460
0.028800,3.2460
0.028825,3.2379
0.028850,3.2170
0.028875,3.1848
0.028900,3.1404
0.028925,3.0881
0.028950,3.0276
0.028975,2.9559
0.029000,2.8801
0.029025,2.7963
0.029050,2.7101
0.029075,2.6158
0.029100,2.5135
0.029125,2.4087
0.029150,2.3032
0.029175,2.2024
0.029200,2.0960
0.029225,1.9840
0.029250,1.8728
0.029275,1.7632
0.029300,1.6714
0.029325,1.5843
0.029350,1.4828
0.029375,1.3764
0.029400,1.2459
0.029425,1.1056
0.029450,0.9614
0.029475,0.8123
0.029500,0.6818
0.029525,0.5601
0.029550,0.4553
0.029575,0.3642
0.029600,0.2772
0.029625,0.2031
0.029650,0.1410
0.029675,0.0919
0.029700,0.0572
0.029725,0.0338
0.029750,0.0210
0.029775,0.0161
0.029800,0.0218
0.029825,0.0395
0.029850,0.0701
0.029875,0.1136
0.029900,0.1668
0.029925,0.2297
0.029950,0.3054
0.029975,0.3997
0.030000,0.5053
0.030025,0.6229
0.030050,0.7454
0.030075,0.8744
0.030100,0.9872
0.030125,1.0911
0.030150,1.1878
0.030175,1.2700
0.030200,1.3684
0.030225,1.4747
0.030250,1.5827
0.030275,1.6794
0.030300,1.7769
0.030325,1.8720
0.030350,1.9727
0.030375,2.0928
0.030400,2.2008
0.030425,2.3072
0.030450,2.4047
0.030475,2.5046
0.030500,2.6118
0.030525,2.7117
0.030550,2.8076
0.030575,2.8882
0.030600,2.9623
0.030625,3.0325
0.030650,3.0937
0.030675,3.1477
0.030700,3.1896
0.030725,3.2178
0.030750,3.2363
0.030775,3.2460
0.030800,3.2468
0.030825,3.2388
0.030850,3.2186
0.030875,3.1848
0.030900,3.1404
0.030925,3.0881
0.030950,3.0276
0.030975,2.9591
0.031000,2.8777
0.031025,2.7899
0.031050,2.6988
0.031075,2.6062
0.031100,2.5119
0.031125,2.4152
0.031150,2.3177
0.031175,2.2056
0.031200,2.0993
0.031225,1.9873
0.031250,1.8744
0.031275,1.7793
0.031300,1.6714
0.031325,1.5714
0.031350,1.4691
0.031375,1.3530
0.031400,1.2314
0.031425,1.0968
0.031450,0.9485
0.031475,0.8067
0.031500,0.6785
0.031525,0.5593
0.031550,0.4569
0.031575,0.3610
0.031600,0.2756
0.031625,0.2023
0.031650,0.1410
0.031675,0.0927
0.031700,0.0572
0.031725,0.0338
0.031750,0.0210
0.031775,0.0161
0.031800,0.0218
0.031825,0.0395
0.031850,0.0693
0.031875,0.1128
0.031900,0.1668
0.031925,0.2321
0.031950,0.3103
0.031975,0.4037
0.032000,0.5053
0.032025,0.6165
0.032050,0.7341
0.032075,0.8518
0.032100,0.9751
0.032125,1.0863
0.032150,1.1895
0.032175,1.2910
0.032200,1.3692
0.032225,1.4626
0.032250,1.5593
0.032275,1.6544
0.032300,1.7689
0.032325,1.8768
0.032350,1.9905
0.032375,2.0985
0.032400,2.2040
0.032425,2.3072
0.032450,2.4031
0.032475,2.5127
0.032500,2.6126
0.032525,2.7093
0.032550,2.8012
0.032575,2.8810
0.032600,2.9599
0.032625,3.0333
0.032650,3.0969
0.032675,3.1493
0.032700,3.1904
0.032725,3.2186
0.032750,3.2371
0.032775,3.2476
0.032800,3.2476
0.032825,3.2388
0.032850,3.2170
0.032875,3.1840
0.032900,3.1404
0.032925,3.0905
0.032950,3.0333
0.032975,2.9591
0.033000,2.8801
0.033025,2.7915
0.033050,2.7004
0.033075,2.6142
0.033100,2.5103
0.033125,2.4063
0.033150,2.3015
0.033175,2.1911
0.033200,2.0968
0.033225,1.9961
0.033250,1.8946
0.033275,1.7834
0.033300,1.6754
0.033325,1.5747
0.033350,1.4691
0.033375,1.3587
0.033400,1.2394
0.033425,1.1064
0.033450,0.9606
0.033475,0.8220
0.033500,0.6834
0.033525,0.5577
0.033550,0.4505
0.033575,0.3578
0.033600,0.2748
0.033625,0.2023
0.033650,0.1418
0.033675,0.0927
0.033700,0.0572
0.033725,0.0338
0.033750,0.0210
0.033775,0.0161
0.033800,0.0218
0.033825,0.0387
0.033850,0.0693
0.033875,0.1136
0.033900,0.1668
0.033925,0.2321
0.033950,0.3095
0.033975,0.3989
0.034000,0.5069
0.034025,0.6237
0.034050,0.7478
0.034075,0.8760
0.034100,1.0009
0.034125,1.1137
0.034150,1.2177
0.034175,1.2982
0.034200,1.3764
0.034225,1.4659
0.034250,1.5585
0.034275,1.6714
0.034300,1.7697
0.034325,1.8688
0.034350,1.9736
0.034375,2.0791
0.034400,2.1992
0.034425,2.3112
0.034450,2.4168
0.034475,2.5167
0.034500,2.6150
0.034525,2.7093
0.034550,2.7996
0.034575,2.8850
0.034600,2.9607
0.034625,3.0333
0.034650,3.0937
0.034675,3.1469
0.034700,3.1888
0.034725,3.2178
0.034750,3.2371
0.034775,3.2460
0.034800,3.2468
0.034825,3.2379
0.034850,3.2170
0.034875,3.1840
0.034900,3.1396
0.034925,3.0873
0.034950,3.0268
0.034975,2.9559
0.035000,2.8793
0.035025,2.7955
0.035050,2.7093
0.035075,2.6158
0.035100,2.5135
0.035125,2.4087
0.035150,2.3032
0.035175,2.2024
0.035200,2.0952
0.035225,1.9840
0.035250,1.8728
0.035275,1.7632
0.035300,1.6722
0.035325,1.5851
0.035350,1.4836
0.035375,1.3764
0.035400,1.2459
0.035425,1.1056
0.035450,0.9614
0.035475,0.8123
0.035500,0.6818
0.035525,0.5593
0.035550,0.4545
0.035575,0.3642
0.035600,0.2764
0.035625,0.2023
0.035650,0.1402
0.035675,0.0911
0.035700,0.0572
0.035725,0.0338
0.035750,0.0210
0.035775,0.0161
0.035800,0.0218
0.035825,0.0395
0.035850,0.0701
0.035875,0.1136
0.035900,0.1668
0.035925,0.2297
0.035950,0.3054
0.035975,0.3997
0.036000,0.5061
0.036025,0.6221
0.036050,0.7454
0.036075,0.8744
0.036100,0.9872
0.036125,1.0911
0.036150,1.1870
0.036175,1.2692
0.036200,1.3684
0.036225,1.4739
0.036250,1.5827
0.036275,1.6786
0.036300,1.7753
0.036325,1.8712
0.036350,1.9719
0.036375,2.0928
0.036400,2.2008
0.036425,2.3064
0.036450,2.4055
0.036475,2.5046
0.036500,2.6118
0.036525,2.7117
0.036550,2.8076
0.036575,2.8882
0.036600,2.9623
0.036625,3.0333
0.036650,3.0945
0.036675,3.1485
0.036700,3.1904
0.036725,3.2186
0.036750,3.2371
0.036775,3.2452
0.036800,3.2460
0.036825,3.2379
0.036850,3.2178
0.036875,3.1840
0.036900,3.1404
0.036925,3.0881
0.036950,3.0284
0.036975,2.9599
0.037000,2.8777
0.037025,2.7907
0.037050,2.6980
0.037075,2.6070
0.037100,2.5111
0.037125,2.4144
0.037150,2.3168
0.037175,2.2040
0.037200,2.0985
0.037225,1.9864
0.037250,1.8744
0.037275,1.7801
0.037300,1.6714
0.037325,1.5722
0.037350,1.4699
0.037375,1.3538
0.037400,1.2314
0.037425,1.0968
0.037450,0.9485
0.037475,0.8067
0.037500,0.6785
0.037525,0.5593
0.037550,0.4569
0.037575,0.3610
0.037600,0.2764
0.037625,0.2023
0.037650,0.1418
0.037675,0.0927
0.037700,0.0580
0.037725,0.0347
0.037750,0.0210
0.037775,0.0161
0.037800,0.0218
0.037825,0.0387
0.037850,0.0693
0.037875,0.1120
0.037900,0.1676
0.037925,0.2321
0.037950,0.3111
0.037975,0.4037
0.038000,0.5045
0.038025,0.6165
0.038050,0.7333
0.038075,0.8518
0.038100,0.9735
0.038125,1.0839
0.038150,1.1878
0.038175,1.2886
0.038200,1.3692
0.038225,1.4626
0.038250,1.5593
0.038275,1.6544
0.038300,1.7681
0.038325,1.8777
0.038350,1.9905
0.038375,2.0985
0.038400,2.2048
0.038425,2.3080
0.038450,2.4039
0.038475,2.5127
0.038500,2.6126
0.038525,2.7085
0.038550,2.8004
0.038575,2.8801
0.038600,2.9591
0.038625,3.0333
0.038650,3.0961
0.038675,3.1501
0.038700,3.1904
0.038725,3.2186
0.038750,3.2355
0.038775,3.2452
0.038800,3.2460
0.038825,3.2363
0.038850,3.2178
0.038875,3.1832
0.038900,3.1412
0.038925,3.0905
0.038950,3.0325
0.038975,2.9591
0.039000,2.8793
0.039025,2.7915
0.039050,2.7004
0.039075,2.6142
0.039100,2.5095
0.039125,2.4063
0.039150,2.3007
0.039175,2.1911
0.039200,2.0977
0.039225,1.9953
0.039250,1.8962
0.039275,1.7842
0.039300,1.6762
0.039325,1.5755
0.039350,1.4683
0.039375,1.3587
0.039400,1.2386
0.039425,1.1056
0.039450,0.9598
0.039475,0.8220
0.039500,0.6834
0.039525,0.5585
0.039550,0.4505
0.039575,0.3586
0.039600,0.2748
0.039625,0.2023
0.039650,0.1418
0.039675,0.0919
0.039700,0.0572
0.039725,0.0338
0.039750,0.0201
0.039775,0.0161
0.039800,0.0210
0.039825,0.0387
0.039850,0.0693
0.039875,0.1128
0.039900,0.1676
0.039925,0.2321
0.039950,0.3103
0.039975,0.3989
0.040000,0.5069
0.040025,0.6237
0.040050,0.7478
0.040075,0.8768
0.040100,1.0009
0.040125,1.1129
0.040150,1.2177
0.040175,1.2974
0.040200,1.3764
0.040225,1.4651
0.040250,1.5585
0.040275,1.6722
0.040300,1.7697
0.040325,1.8696
0.040350,1.9736
0.040375,2.0791
0.040400,2.1984
0.040425,2.3120
0.040450,2.4160
0.040475,2.5167
0.040500,2.6150
0.040525,2.7085
0.040550,2.7996
0.040575,2.8842
0.040600,2.9599
0.040625,3.0325
0.040650,3.0937
0.040675,3.1461
0.040700,3.1888
0.040725,3.2178
0.040750,3.2371
0.040775,3.2460
0.040800,3.2468
0.040825,3.2371
0.040850,3.2170
0.040875,3.1840
0.040900,3.1404
0.040925,3.0881
0.040950,3.0268
0.040975,2.9559
0.041000,2.8793
0.041025,2.7955
0.041050,2.7101
0.041075,2.6158
0.041100,2.5135
0.041125,2.4087
0.041150,2.3032
0.041175,2.2032
0.041200,2.0952
0.041225,1.9848
0.041250,1.8728
0.041275,1.7632
0.041300,1.6722
0.041325,1.5843
0.041350,1.4836
0.041375,1.3756
0.041400,1.2451
0.041425,1.1048
0.041450,0.9606
0.041475,0.8123
0.041500,0.6818
0.041525,0.5601
0.041550,0.4553
0.041575,0.3651
0.041600,0.2772
0.041625,0.2031
0.041650,0.1410
0.041675,0.0911
0.041700,0.0572
0.041725,0.0338
0.041750,0.0210
0.041775,0.0161
0.041800,0.0218
0.041825,0.0395
0.041850,0.0701
0.041875,0.1136
0.041900,0.1668
0.041925,0.2297
0.041950,0.3054
0.041975,0.3997
0.042000,0.5053
0.042025,0.6229
0.042050,0.7454
0.042075,0.8744
0.042100,0.9864
0.042125,1.0911
0.042150,1.1870
0.042175,1.2692
0.042200,1.3684
0.042225,1.4739
0.042250,1.5827
0.042275,1.6786
0.042300,1.7753
0.042325,1.8704
0.042350,1.9727
0.042375,2.0920
0.042400,2.2008
0.042425,2.3080
0.042450,2.4055
0.042475,2.5046
0.042500,2.6110
0.042525,2.7109
0.042550,2.8076
0.042575,2.8882
0.042600,2.9632
0.042625,3.0333
0.042650,3.0929
0.042675,3.1477
0.042700,3.1888
0.042725,3.2178
0.042750,3.2363
0.042775,3.2452
0.042800,3.2460
0.042825,3.2379
0.042850,3.2186
0.042875,3.1840
0.042900,3.1412
0.042925,3.0881
0.042950,3.0284
0.042975,2.9607
0.043000,2.8785
0.043025,2.7915
0.043050,2.6996
0.043075,2.6070
0.043100,2.5119
0.043125,2.4144
0.043150,2.3177
0.043175,2.2048
0.043200,2.1001
0.043225,1.9873
0.043250,1.8744
0.043275,1.7801
0.043300,1.6714
0.043325,1.5722
0.043350,1.4699
0.043375,1.3538
0.043400,1.2314
0.043425,1.0968
0.043450,0.9485
0.043475,0.8059
0.043500,0.6785
0.043525,0.5585
0.043550,0.4561
0.043575,0.3602
0.043600,0.2756
0.043625,0.2031
0.043650,0.1410
0.043675,0.0935
0.043700,0.0572
0.043725,0.0338
0.043750,0.0210
0.043775,0.0161
0.043800,0.0218
0.043825,0.0387
0.043850,0.0701
0.043875,0.1128
0.043900,0.1676
0.043925,0.2329
0.043950,0.3111
0.043975,0.4037
0.044000,0.5053
0.044025,0.6157
0.044050,0.7325
0.044075,0.8510
0.044100,0.9735
0.044125,1.0847
0.044150,1.1886
0.044175,1.2902
0.044200,1.3700
0.044225,1.4626
0.044250,1.5601
0.044275,1.6544
0.044300,1.7689
0.044325,1.8777
0.044350,1.9913
0.044375,2.0985
0.044400,2.2056
0.044425,2.3080
0.044450,2.4039
0.044475,2.5127
0.044500,2.6126
0.044525,2.7085
0.044550,2.8004
0.044575,2.8801
0.044600,2.9599
0.044625,3.0333
0.044650,3.0961
0.044675,3.1501
0.044700,3.1904
0.044725,3.2186
0.044750,3.2371
0.044775,3.2460
0.044800,3.2468
0.044825,3.2371
0.044850,3.2170
0.044875,3.1832
0.044900,3.1412
0.044925,3.0913
0.044950,3.0333
0.044975,2.9599
0.045000,2.8801
0.045025,2.7923
0.045050,2.7004
0.045075,2.6150
0.045100,2.5103
0.045125,2.4063
0.045150,2.3015
0.045175,2.1903
0.045200,2.0968
0.045225,1.9953
0.045250,1.8946
0.045275,1.7850
0.045300,1.6778
0.045325,1.5763
0.045350,1.4699
0.045375,1.3595
0.045400,1.2386
0.045425,1.1064
0.045450,0.9598
0.045475,0.8212
0.045500,0.6834
0.045525,0.5577
0.045550,0.4505
0.045575,0.3578
0.045600,0.2756
0.045625,0.2023
0.045650,0.1418
0.045675,0.0919
0.045700,0.0572
0.045725,0.0338
0.045750,0.0201
0.045775,0.0169
0.045800,0.0218
0.045825,0.0395
0.045850,0.0693
0.045875,0.1128
0.045900,0.1668
0.045925,0.2313
0.045950,0.3103
0.045975,0.3981
0.046000,0.5061
0.046025,0.6237
0.046050,0.7478
0.046075,0.8768
0.046100,1.0009
0.046125,1.1137
0.046150,1.2177
0.046175,1.2982
0.046200,1.3764
0.046225,1.4659
0.046250,1.5585
0.046275,1.6714
0.046300,1.7705
0.046325,1.8688
0.046350,1.9736
0.046375,2.0799
0.046400,2.1984
0.046425,2.3128
0.046450,2.4160
0.046475,2.5175
0.046500,2.6150
0.046525,2.7093
0.046550,2.7996
0.046575,2.8850
0.046600,2.9607
0.046625,3.0325
0.046650,3.0945
0.046675,3.1461
0.046700,3.1888
0.046725,3.2178
0.046750,3.2371
0.046775,3.2476
0.046800,3.2476
0.046825,3.2396
0.046850,3.2178
0.046875,3.1840
0.046900,3.1396
0.046925,3.0864
0.046950,3.0268
0.046975,2.9551
0.047000,2.8785
0.047025,2.7947
0.047050,2.7085
0.047075,2.6142
0.047100,2.5119
0.047125,2.4087
0.047150,2.3023
0.047175,2.2032
0.047200,2.0960
0.047225,1.9848
0.047250,1.8744
0.047275,1.7640
0.047300,1.6722
0.047325,1.5859
0.047350,1.4836
0.047375,1.3772
0.047400,1.2467
0.047425,1.1056
0.047450,0.9614
0.047475,0.8123
0.047500,0.6818
0.047525,0.5593
0.047550,0.4553
0.047575,0.3642
0.047600,0.2764
0.047625,0.2023
0.047650,0.1402
0.047675,0.0911
0.047700,0.0572
0.047725,0.0338
0.047750,0.0201
0.047775,0.0161
0.047800,0.0210
0.047825,0.0387
0.047850,0.0701
0.047875,0.1144
0.047900,0.1668
0.047925,0.2297
0.047950,0.3054
0.047975,0.3989
0.048000,0.5053
0.048025,0.6221
0.048050,0.7454
0.048075,0.8736
0.048100,0.9872
0.048125,1.0903
0.048150,1.1878
0.048175,1.2692
0.048200,1.3684
0.048225,1.4739
0.048250,1.5835
0.048275,1.6794
0.048300,1.7761
0.048325,1.8720
0.048350,1.9719
0.048375,2.0920
0.048400,2.2000
0.048425,2.3056
0.048450,2.4047
0.048475,2.5038
0.048500,2.6118
0.048525,2.7117
0.048550,2.8068
0.048575,2.8882
0.048600,2.9623
0.048625,3.0333
0.048650,3.0937
0.048675,3.1485
0.048700,3.1896
0.048725,3.2178
0.048750,3.2363
0.048775,3.2452
0.048800,3.2468
0.048825,3.2379
0.048850,3.2178
0.048875,3.1840
0.048900,3.1404
0.048925,3.0881
0.048950,3.0276
0.048975,2.9591
0.049000,2.8785
0.049025,2.7907
0.049050,2.6988
0.049075,2.6070
0.049100,2.5111
0.049125,2.4144
0.049150,2.3177
0.049175,2.2048
0.049200,2.0993
0.049225,1.9856
0.049250,1.8736
0.049275,1.7793
0.049300,1.6705
0.049325,1.5722
0.049350,1.4691
0.049375,1.3530
0.049400,1.2305
0.049425,1.0968
0.049450,0.9477
0.049475,0.8067
0.049500,0.6785
0.049525,0.5593
0.049550,0.4569
0.049575,0.3610
0.049600,0.2764
0.049625,0.2023
0.049650,0.1410
0.049675,0.0927
0.049700,0.0572
0.049725,0.0338
0.049750,0.0201
0.049775,0.0161
0.049800,0.0218
0.049825,0.0395
0.049850,0.0701
0.049875,0.1128
0.049900,0.1676
0.049925,0.2329
0.049950,0.3119
0.049975,0.4045
0.050000,0.4940
0.050025,0.4601
0.050050,0.4400
0.050075,0.3707
0.050100,0.2756
0.050125,0.2023
0.050150,0.1402
0.050175,0.0911
0.050200,0.0572
0.050225,0.0338
0.050250,0.0210
0.050275,0.0169
0.050300,0.0218
0.050325,0.0395
0.050350,0.0709
0.050375,0.1144
0.050400,0.1676
0.050425,0.2305
0.050450,0.3054
0.050475,0.3997
0.050500,0.5045
0.050525,0.6213
0.050550,0.7454
0.050575,0.8744
0.050600,0.9872
0.050625,1.0919
0.050650,1.1878
0.050675,1.2692
0.050700,1.3684
0.050725,1.4731
0.050750,1.5827
0.050775,1.6786
0.050800,1.7761
0.050825,1.8712
0.050850,1.9727
0.050875,2.0920
0.050900,2.2000
0.050925,2.3056
0.050950,2.4047
0.050975,2.5038
0.051000,2.6110
0.051025,2.7117
0.051050,2.8068
0.051075,2.8882
0.051100,2.9615
0.051125,3.0325
0.051150,3.0937
0.051175,3.1477
0.051200,3.1896
0.051225,3.2178
0.051250,3.2363
0.051275,3.2460
0.051300,3.2460
0.051325,3.2388
0.051350,3.2186
0.051375,3.1832
0.051400,3.1404
0.051425,3.0881
0.051450,3.0284
0.051475,2.9599
0.051500,2.8785
0.051525,2.7915
0.051550,2.6996
0.051575,2.6078
0.051600,2.5119
0.051625,2.4152
0.051650,2.3177
0.051675,2.2056
0.051700,2.1001
0.051725,1.9873
0.051750,1.8752
0.051775,1.7801
0.051800,1.6714
0.051825,1.5722
0.051850,1.4699
0.051875,1.3538
0.051900,1.2314
0.051925,1.0968
0.051950,0.9485
0.051975,0.8067
0.052000,0.6785
0.052025,0.5593
0.052050,0.4569
0.052075,0.3610
0.052100,0.2764
0.052125,0.2031
0.052150,0.1418
0.052175,0.0927
0.052200,0.0580
0.052225,0.0338
0.052250,0.0201
0.052275,0.0169
0.052300,0.0218
0.052325,0.0395
0.052350,0.0701
0.052375,0.1120
0.052400,0.1676
0.052425,0.2321
0.052450,0.3111
0.052475,0.4037
0.052500,0.5045
0.052525,0.6165
0.052550,0.7325
0.052575,0.8510
0.052600,0.9743
0.052625,1.0855
0.052650,1.1895
0.052675,1.2910
0.052700,1.3700
0.052725,1.4634
0.052750,1.5593
0.052775,1.6544
0.052800,1.7689
0.052825,1.8777
0.052850,1.9913
0.052875,2.0985
0.052900,2.2048
0.052925,2.3080
0.052950,2.4031
0.052975,2.5135
0.053000,2.6126
0.053025,2.7085
0.053050,2.8012
0.053075,2.8801
0.053100,2.9599
0.053125,3.0333
0.053150,3.0961
0.053175,3.1493
0.053200,3.1904
0.053225,3.2186
0.053250,3.2363
0.053275,3.2460
0.053300,3.2468
0.053325,3.2379
0.053350,3.2170
0.053375,3.1832
0.053400,3.1404
0.053425,3.0905
0.053450,3.0325
0.053475,2.9599
0.053500,2.8793
0.053525,2.7923
0.053550,2.7012
0.053575,2.6142
0.053600,2.5111
0.053625,2.4063
0.053650,2.3015
0.053675,2.1903
0.053700,2.0968
0.053725,1.9961
0.053750,1.8954
0.053775,1.7842
0.053800,1.6762
0.053825,1.5747
0.053850,1.4683
0.053875,1.3587
0.053900,1.2386
0.053925,1.1064
0.053950,0.9598
0.053975,0.8220
0.054000,0.6834
0.054025,0.5585
0.054050,0.4505
0.054075,0.3586
0.054100,0.2748
0.054125,0.2015
0.054150,0.1410
0.054175,0.0919
0.054200,0.0564
0.054225,0.0338
0.054250,0.0210
0.054275,0.0169
0.054300,0.0218
0.054325,0.0387
0.054350,0.0685
0.054375,0.1128
0.054400,0.1676
0.054425,0.2313
0.054450,0.3103
0.054475,0.3981
0.054500,0.5069
0.054525,0.6237
0.054550,0.7478
0.054575,0.8760
0.054600,1.0001
0.054625,1.1137
0.054650,1.2177
0.054675,1.2974
0.054700,1.3756
0.054725,1.4651
0.054750,1.5577
0.054775,1.6714
0.054800,1.7705
0.054825,1.8688
0.054850,1.9736
0.054875,2.0799
0.054900,2.1992
0.054925,2.3120
0.054950,2.4160
0.054975,2.5175
0.055000,2.6158
0.055025,2.7093
0.055050,2.7996
0.055075,2.8842
0.055100,2.9615
0.055125,3.0325
0.055150,3.0953
0.055175,3.1477
0.055200,3.1896
0.055225,3.2194
0.055250,3.2379
0.055275,3.2476
0.055300,3.2468
0.055325,3.2379
0.055350,3.2170
0.055375,3.1848
0.055400,3.1396
0.055425,3.0873
0.055450,3.0268
0.055475,2.9551
0.055500,2.8793
0.055525,2.7955
0.055550,2.7093
0.055575,2.6158
0.055600,2.5135
0.055625,2.4087
0.055650,2.3032
0.055675,2.2024
0.055700,2.0960
0.055725,1.9840
0.055750,1.8728
0.055775,1.7640
0.055800,1.6722
0.055825,1.5859
0.055850,1.4844
0.055875,1.3764
0.055900,1.2459
0.055925,1.1048
0.055950,0.9606
0.055975,0.8123
0.056000,0.6818
0.056025,0.5601
0.056050,0.4553
0.056075,0.3642
0.056100,0.2764
0.056125,0.2023
0.056150,0.1402
0.056175,0.0919
0.056200,0.0572
0.056225,0.0338
0.056250,0.0218
0.056275,0.0161
0.056300,0.0218
0.056325,0.0395
0.056350,0.0701
0.056375,0.1136
0.056400,0.1668
0.056425,0.2297
0.056450,0.3054
0.056475,0.3989
0.056500,0.5053
0.056525,0.6221
0.056550,0.7454
0.056575,0.8744
0.056600,0.9872
0.056625,1.0911
0.056650,1.1878
0.056675,1.2692
0.056700,1.3692
0.056725,1.4739
0.056750,1.5819
0.056775,1.6786
0.056800,1.7753
0.056825,1.8712
0.056850,1.9727
0.056875,2.0928
0.056900,2.2008
0.056925,2.3064
0.056950,2.4047
0.056975,2.5038
0.057000,2.6110
0.057025,2.7117
0.057050,2.8068
0.057075,2.8874
0.057100,2.9615
0.057125,3.0325
0.057150,3.0929
0.057175,3.1477
0.057200,3.1904
0.057225,3.2178
0.057250,3.2371
0.057275,3.2452
0.057300,3.2460
0.057325,3.2379
0.057350,3.2178
0.057375,3.1840
0.057400,3.1404
0.057425,3.0889
0.057450,3.0284
0.057475,2.9599
0.057500,2.8785
0.057525,2.7899
0.057550,2.6988
0.057575,2.6070
0.057600,2.5111
0.057625,2.4152
0.057650,2.3168
0.057675,2.2048
0.057700,2.1001
0.057725,1.9873
0.057750,1.8752
0.057775,1.7801
0.057800,1.6705
0.057825,1.5714
0.057850,1.4691
0.057875,1.3530
0.057900,1.2314
0.057925,1.0968
0.057950,0.9485
0.057975,0.8067
0.058000,0.6777
0.058025,0.5593
0.058050,0.4569
0.058075,0.3610
0.058100,0.2756
0.058125,0.2023
0.058150,0.1410
0.058175,0.0927
0.058200,0.0580
0.058225,0.0338
0.058250,0.0201
0.058275,0.0161
0.058300,0.0210
0.058325,0.0387
0.058350,0.0701
0.058375,0.1120
0.058400,0.1676
0.058425,0.2321
0.058450,0.3111
0.058475,0.4037
0.058500,0.5045
0.058525,0.6173
0.058550,0.7333
0.058575,0.8518
0.058600,0.9743
0.058625,1.0855
0.058650,1.1895
0.058675,1.2902
0.058700,1.3700
0.058725,1.4626
0.058750,1.5601
0.058775,1.6536
0.058800,1.7689
0.058825,1.8768
0.058850,1.9913
0.058875,2.0993
0.058900,2.2056
0.058925,2.3088
0.058950,2.4039
0.058975,2.5127
0.059000,2.6118
0.059025,2.7085
0.059050,2.8012
0.059075,2.8810
0.059100,2.9607
0.059125,3.0341
0.059150,3.0969
0.059175,3.1509
0.059200,3.1904
0.059225,3.2186
0.059250,3.2371
0.059275,3.2460
0.059300,3.2468
0.059325,3.2371
0.059350,3.2170
0.059375,3.1840
0.059400,3.1412
0.059425,3.0913
0.059450,3.0316
0.059475,2.9591
0.059500,2.8793
0.059525,2.7907
0.059550,2.7004
0.059575,2.6134
0.059600,2.5103
0.059625,2.4063
0.059650,2.3007
0.059675,2.1903
0.059700,2.0960
0.059725,1.9961
0.059750,1.8946
0.059775,1.7834
0.059800,1.6754
0.059825,1.5747
0.059850,1.4683
0.059875,1.3595
0.059900,1.2394
0.059925,1.1056
0.059950,0.9598
0.059975,0.8220
0.060000,0.6834
0.060025,0.5585
0.060050,0.4505
0.060075,0.3586
0.060100,0.2748
0.060125,0.2031
0.060150,0.1418
0.060175,0.0919
0.060200,0.0572
0.060225,0.0338
0.060250,0.0201
0.060275,0.0161
0.060300,0.0210
0.060325,0.0379
0.060350,0.0693
0.060375,0.1128
0.060400,0.1668
0.060425,0.2313
0.060450,0.3095
0.060475,0.3989
0.060500,0.5061
0.060525,0.6237
0.060550,0.7470
0.060575,0.8760
0.060600,1.0001
0.060625,1.1129
0.060650,1.2177
0.060675,1.2974
0.060700,1.3772
0.060725,1.4659
0.060750,1.5585
0.060775,1.6722
0.060800,1.7705
0.060825,1.8696
0.060850,1.9744
0.060875,2.0799
0.060900,2.1992
0.060925,2.3120
0.060950,2.4168
0.060975,2.5175
0.061000,2.6158
0.061025,2.7093
0.061050,2.7988
0.061075,2.8842
0.061100,2.9599
0.061125,3.0325
0.061150,3.0945
0.061175,3.1469
0.061200,3.1896
0.061225,3.2178
0.061250,3.2371
0.061275,3.2460
0.061300,3.2460
0.061325,3.2371
0.061350,3.2170
0.061375,3.1848
0.061400,3.1404
0.061425,3.0881
0.061450,3.0276
0.061475,2.9559
0.061500,2.8801
0.061525,2.7971
0.061550,2.7093
0.061575,2.6166
0.061600,2.5127
0.061625,2.4087
0.061650,2.3040
0.061675,2.2024
0.061700,2.0960
0.061725,1.9840
0.061750,1.8728
0.061775,1.7640
0.061800,1.6714
0.061825,1.5851
0.061850,1.4844
0.061875,1.3764
0.061900,1.2467
0.061925,1.1048
0.061950,0.9614
0.061975,0.8131
0.062000,0.6818
0.062025,0.5601
0.062050,0.4553
0.062075,0.3642
0.062100,0.2772
0.062125,0.2023
0.062150,0.1410
0.062175,0.0919
0.062200,0.0580
0.062225,0.0347
0.062250,0.0201
0.062275,0.0161
0.062300,0.0210
0.062325,0.0387
0.062350,0.0701
0.062375,0.1136
0.062400,0.1668
0.062425,0.2289
0.062450,0.3054
0.062475,0.3989
0.062500,0.5053
0.062525,0.6221
0.062550,0.7446
0.062575,0.8744
0.062600,0.9864
0.062625,1.0911
0.062650,1.1878
0.062675,1.2692
0.062700,1.3692
0.062725,1.4739
0.062750,1.5819
0.062775,1.6786
0.062800,1.7753
0.062825,1.8712
0.062850,1.9727
0.062875,2.0928
0.062900,2.2008
0.062925,2.3064
0.062950,2.4055
0.062975,2.5046
0.063000,2.6110
0.063025,2.7117
0.063050,2.8068
0.063075,2.8882
0.063100,2.9623
0.063125,3.0341
0.063150,3.0945
0.063175,3.1477
0.063200,3.1896
0.063225,3.2170
0.063250,3.2363
0.063275,3.2452
0.063300,3.2460
0.063325,3.2379
0.063350,3.2178
0.063375,3.1848
0.063400,3.1404
0.063425,3.0881
0.063450,3.0284
0.063475,2.9599
0.063500,2.8785
0.063525,2.7907
0.063550,2.6988
0.063575,2.6070
0.063600,2.5119
0.063625,2.4144
0.063650,2.3177
0.063675,2.2048
0.063700,2.1001
0.063725,1.9873
0.063750,1.8752
0.063775,1.7810
0.063800,1.6714
0.063825,1.5722
0.063850,1.4699
0.063875,1.3538
0.063900,1.2322
0.063925,1.0976
0.063950,0.9493
0.063975,0.8067
0.064000,0.6785
0.064025,0.5593
0.064050,0.4569
0.064075,0.3610
0.064100,0.2764
0.064125,0.2031
0.064150,0.1410
0.064175,0.0935
0.064200,0.0572
0.064225,0.0338
0.064250,0.0201
0.064275,0.0161
0.064300,0.0218
0.064325,0.0387
0.064350,0.0701
0.064375,0.1128
0.064400,0.1676
0.064425,0.2321
0.064450,0.3111
0.064475,0.4037
0.064500,0.5045
0.064525,0.6157
0.064550,0.7325
0.064575,0.8502
0.064600,0.9743
0.064625,1.0855
0.064650,1.1886
0.064675,1.2902
0.064700,1.3692
0.064725,1.4626
0.064750,1.5593
0.064775,1.6536
0.064800,1.7689
0.064825,1.8768
0.064850,1.9913
0.064875,2.0985
0.064900,2.2040
0.064925,2.3080
0.064950,2.4031
0.064975,2.5127
0.065000,2.6126
0.065025,2.7085
0.065050,2.8012
0.065075,2.8801
0.065100,2.9591
0.065125,3.0341
0.065150,3.0961
0.065175,3.1501
0.065200,3.1904
0.065225,3.2178
0.065250,3.2363
0.065275,3.2460
0.065300,3.2468
0.065325,3.2379
0.065350,3.2170
0.065375,3.1840
0.065400,3.1412
0.065425,3.0897
0.065450,3.0325
0.065475,2.9591
0.065500,2.8793
0.065525,2.7923
0.065550,2.6996
0.065575,2.6150
0.065600,2.5103
0.065625,2.4071
0.065650,2.3023
0.065675,2.1903
0.065700,2.0977
0.065725,1.9953
0.065750,1.8946
0.065775,1.7842
0.065800,1.6762
0.065825,1.5747
0.065850,1.4691
0.065875,1.3587
0.065900,1.2394
0.065925,1.1064
0.065950,0.9598
0.065975,0.8228
0.066000,0.6842
0.066025,0.5593
0.066050,0.4513
0.066075,0.3578
0.066100,0.2748
0.066125,0.2023
0.066150,0.1426
0.066175,0.0919
0.066200,0.0580
0.066225,0.0347
0.066250,0.0210
0.066275,0.0169
0.066300,0.0218
0.066325,0.0395
0.066350,0.0693
0.066375,0.1128
0.066400,0.1668
0.066425,0.2313
0.066450,0.3103
0.066475,0.3989
0.066500,0.5069
0.066525,0.6237
0.066550,0.7478
0.066575,0.8760
0.066600,1.0009
0.066625,1.1129
0.066650,1.2168
0.066675,1.2974
0.066700,1.3756
0.066725,1.4659
0.066750,1.5585
0.066775,1.6714
0.066800,1.7705
0.066825,1.8688
0.066850,1.9736
0.066875,2.0799
0.066900,2.1992
0.066925,2.3128
0.066950,2.4168
0.066975,2.5167
0.067000,2.6158
0.067025,2.7093
0.067050,2.7996
0.067075,2.8850
0.067100,2.9599
0.067125,3.0316
0.067150,3.0937
0.067175,3.1453
0.067200,3.1888
0.067225,3.2178
0.067250,3.2371
0.067275,3.2476
0.067300,3.2468
0.067325,3.2388
0.067350,3.2178
0.067375,3.1848
0.067400,3.1404
0.067425,3.0873
0.067450,3.0276
0.067475,2.9551
0.067500,2.8793
0.067525,2.7955
0.067550,2.7085
0.067575,2.6158
0.067600,2.5127
0.067625,2.4087
0.067650,2.3023
0.067675,2.2024
0.067700,2.0952
0.067725,1.9840
0.067750,1.8728
0.067775,1.7632
0.067800,1.6730
0.067825,1.5851
0.067850,1.4844
0.067875,1.3764
0.067900,1.2459
0.067925,1.1056
0.067950,0.9606
0.067975,0.8123
0.068000,0.6810
0.068025,0.5601
0.068050,0.4553
0.068075,0.3642
0.068100,0.2772
0.068125,0.2031
0.068150,0.1410
0.068175,0.0919
0.068200,0.0580
0.068225,0.0347
0.068250,0.0218
0.068275,0.0161
0.068300,0.0218
0.068325,0.0387
0.068350,0.0701
0.068375,0.1136
0.068400,0.1660
0.068425,0.2297
0.068450,0.3054
0.068475,0.3989
0.068500,0.5053
0.068525,0.6213
0.068550,0.7446
0.068575,0.8736
0.068600,0.9856
0.068625,1.0903
0.068650,1.1870
0.068675,1.2684
0.068700,1.3684
0.068725,1.4739
0.068750,1.5827
0.068775,1.6794
0.068800,1.7753
0.068825,1.8704
0.068850,1.9719
0.068875,2.0920
0.068900,2.2000
0.068925,2.3064
0.068950,2.4039
0.068975,2.5038
0.069000,2.6110
0.069025,2.7109
0.069050,2.8068
0.069075,2.8882
0.069100,2.9615
0.069125,3.0325
0.069150,3.0937
0.069175,3.1477
0.069200,3.1896
0.069225,3.2186
0.069250,3.2363
0.069275,3.2460
0.069300,3.2468
0.069325,3.2379
0.069350,3.2186
0.069375,3.1840
0.069400,3.1404
0.069425,3.0889
0.069450,3.0292
0.069475,2.9599
0.069500,2.8793
0.069525,2.7907
0.069550,2.6996
0.069575,2.6078
0.069600,2.5119
0.069625,2.4160
0.069650,2.3185
0.069675,2.2056
0.069700,2.1001
0.069725,1.9864
0.069750,1.8744
0.069775,1.7801
0.069800,1.6705
0.069825,1.5722
0.069850,1.4691
0.069875,1.3530
0.069900,1.2322
0.069925,1.0968
0.069950,0.9485
0.069975,0.8075
0.070000,0.6777
0.070025,0.5601
0.070050,0.4569
0.070075,0.3610
0.070100,0.2772
0.070125,0.2031
0.070150,0.1418
0.070175,0.0927
0.070200,0.0564
0.070225,0.0330
0.070250,0.0193
0.070275,0.0161
0.070300,0.0218
0.070325,0.0387
0.070350,0.0701
0.070375,0.1128
0.070400,0.1676
0.070425,0.2329
0.070450,0.3103
0.070475,0.4029
0.070500,0.5045
0.070525,0.6165
0.070550,0.7333
0.070575,0.8534
0.070600,0.9767
0.070625,1.0879
0.070650,1.1911
0.070675,1.2910
0.070700,1.3692
0.070725,1.4618
0.070750,1.5593
0.070775,1.6536
0.070800,1.7689
0.070825,1.8760
0.070850,1.9905
0.070875,2.0985
0.070900,2.2040
0.070925,2.3080
0.070950,2.4031
0.070975,2.5119
0.071000,2.6118
0.071025,2.7077
0.071050,2.8004
0.071075,2.8810
0.071100,2.9599
0.071125,3.0341
0.071150,3.0961
0.071175,3.1493
0.071200,3.1896
0.071225,3.2178
0.071250,3.2363
0.071275,3.2468
0.071300,3.2468
0.071325,3.2371
0.071350,3.2170
0.071375,3.1823
0.071400,3.1412
0.071425,3.0905
0.071450,3.0325
0.071475,2.9607
0.071500,2.8793
0.071525,2.7923
0.071550,2.7004
0.071575,2.6142
0.071600,2.5103
0.071625,2.4063
0.071650,2.3023
0.071675,2.1903
0.071700,2.0968
0.071725,1.9953
0.071750,1.8946
0.071775,1.7842
0.071800,1.6762
0.071825,1.5747
0.071850,1.4691
0.071875,1.3587
0.071900,1.2394
0.071925,1.1064
0.071950,0.9606
0.071975,0.8220
0.072000,0.6834
0.072025,0.5585
0.072050,0.4505
0.072075,0.3586
0.072100,0.2748
0.072125,0.2023
0.072150,0.1426
0.072175,0.0919
0.072200,0.0580
0.072225,0.0338
0.072250,0.0201
0.072275,0.0161
0.072300,0.0218
0.072325,0.0395
0.072350,0.0693
0.072375,0.1136
0.072400,0.1676
0.072425,0.2313
0.072450,0.3103
0.072475,0.3981
0.072500,0.5061
0.072525,0.6237
0.072550,0.7470
0.072575,0.8768
0.072600,1.0009
0.072625,1.1129
0.072650,1.2185
0.072675,1.2974
0.072700,1.3764
0.072725,1.4659
0.072750,1.5585
0.072775,1.6714
0.072800,1.7697
0.072825,1.8688
0.072850,1.9736
0.072875,2.0799
0.072900,2.1992
0.072925,2.3112
0.072950,2.4168
0.072975,2.5167
0.073000,2.6158
0.073025,2.7093
0.073050,2.7996
0.073075,2.8858
0.073100,2.9607
0.073125,3.0333
0.073150,3.0945
0.073175,3.1461
0.073200,3.1896
0.073225,3.2178
0.073250,3.2371
0.073275,3.2460
0.073300,3.2460
0.073325,3.2379
0.073350,3.2162
0.073375,3.1848
0.073400,3.1404
0.073425,3.0873
0.073450,3.0276
0.073475,2.9551
0.073500,2.8793
0.073525,2.7963
0.073550,2.7085
0.073575,2.6158
0.073600,2.5127
0.073625,2.4087
0.073650,2.3040
0.073675,2.2032
0.073700,2.0968
0.073725,1.9840
0.073750,1.8736
0.073775,1.7640
0.073800,1.6714
0.073825,1.5859
0.073850,1.4836
0.073875,1.3764
0.073900,1.2467
0.073925,1.1056
0.073950,0.9622
0.073975,0.8123
0.074000,0.6818
0.074025,0.5601
0.074050,0.4545
0.074075,0.3642
0.074100,0.2772
0.074125,0.2031
0.074150,0.1410
0.074175,0.0911
0.074200,0.0572
0.074225,0.0330
0.074250,0.0201
0.074275,0.0161
0.074300,0.0218
0.074325,0.0395
0.074350,0.0701
0.074375,0.1144
0.074400,0.1668
0.074425,0.2297
0.074450,0.3054
0.074475,0.3997
0.074500,0.5053
0.074525,0.6221
0.074550,0.7462
0.074575,0.8744
0.074600,0.9880
0.074625,1.0911
0.074650,1.1878
0.074675,1.2692
0.074700,1.3684
0.074725,1.4739
0.074750,1.5827
0.074775,1.6794
0.074800,1.7753
0.074825,1.8712
0.074850,1.9727
0.074875,2.0936
0.074900,2.2016
0.074925,2.3080
0.074950,2.4063
0.074975,2.5046
0.075000,0.5343
0.075025,0.6084
0.075050,0.7535
0.075075,0.8873
0.075100,1.0025
0.075125,1.1201
0.075150,1.2281
0.075175,1.3071
0.075200,1.3861
0.075225,1.4739
0.075250,1.5674
0.075275,1.6770
0.075300,1.7906
0.075325,1.8865
0.075350,1.9889
0.075375,2.0944
0.075400,2.1984
0.075425,2.3112
0.075450,2.4160
0.075475,2.5232
0.075500,2.6223
0.075525,2.7158
0.075550,2.8060
0.075575,2.8850
0.075600,2.9632
0.075625,3.0357
0.075650,3.0969
0.075675,3.1501
0.075700,3.1896
0.075725,3.2186
0.075750,3.2371
0.075775,3.2468
0.075800,3.2468
0.075825,3.2379
0.075850,3.2178
0.075875,3.1840
0.075900,3.1429
0.075925,3.0905
0.075950,3.0300
0.075975,2.9583
0.076000,2.8801
0.076025,2.7963
0.076050,2.7093
0.076075,2.6247
0.076100,2.5223
0.076125,2.4176
0.076150,2.3120
0.076175,2.2024
0.076200,2.1105
0.076225,1.9993
0.076250,1.8889
0.076275,1.7785
0.076300,1.6730
0.076325,1.5851
0.076350,1.4836
0.076375,1.3643
0.076400,1.2330
0.076425,1.0936
0.076450,0.9485
0.076475,0.8123
0.076500,0.6777
0.076525,0.5544
0.076550,0.4505
0.076575,0.3586
0.076600,0.2764
0.076625,0.2023
0.076650,0.1394
0.076675,0.0911
0.076700,0.0564
0.076725,0.0338
0.076750,0.0210
0.076775,0.0161
0.076800,0.0218
0.076825,0.0387
0.076850,0.0701
0.076875,0.1136
0.076900,0.1660
0.076925,0.2289
0.076950,0.3046
0.076975,0.3916
0.077000,0.4980
0.077025,0.6149
0.077050,0.7382
0.077075,0.8744
0.077100,1.0081
0.077125,1.1129
0.077150,1.2088
0.077175,1.2910
0.077200,1.3692
0.077225,1.4739
0.077250,1.5835
0.077275,1.6947
0.077300,1.7914
0.077325,1.8873
0.077350,1.9881
0.077375,2.0928
0.077400,2.2105
0.077425,2.3160
0.077450,2.4144
0.077475,2.5143
0.077500,2.6110
0.077525,2.7109
0.077550,2.8068
0.077575,2.8906
0.077600,2.9656
0.077625,3.0365
0.077650,3.0969
0.077675,3.1485
0.077700,3.1904
0.077725,3.2186
0.077750,3.2371
0.077775,3.2468
0.077800,3.2476
0.077825,3.2388
0.077850,3.2186
0.077875,3.1856
0.077900,3.1421
0.077925,3.0905
0.077950,3.0300
0.077975,2.9607
0.078000,2.8858
0.078025,2.7971
0.078050,2.7061
0.078075,2.6126
0.078100,2.5119
0.078125,2.4152
0.078150,2.3177
0.078175,2.2193
0.078200,2.1130
0.078225,2.0001
0.078250,1.8873
0.078275,1.7785
0.078300,1.6883
0.078325,1.5900
0.078350,1.4876
0.078375,1.3716
0.078400,1.2314
0.078425,1.0968
0.078450,0.9477
0.078475,0.8002
0.078500,0.6721
0.078525,0.5536
0.078550,0.4505
0.078575,0.3618
0.078600,0.2748
0.078625,0.2015
0.078650,0.1402
0.078675,0.0919
0.078700,0.0572
0.078725,0.0338
0.078750,0.0210
0.078775,0.0161
0.078800,0.0218
0.078825,0.0395
0.078850,0.0709
0.078875,0.1128
0.078900,0.1652
0.078925,0.2297
0.078950,0.3078
0.078975,0.4005
0.079000,0.5045
0.079025,0.6165
0.079050,0.7333
0.079075,0.8639
0.079100,0.9864
0.079125,1.0968
0.079150,1.2007
0.079175,1.2894
0.079200,1.3877
0.079225,1.4812
0.079250,1.5779
0.079275,1.6738
0.079300,1.7689
0.079325,1.8777
0.079350,1.9913
0.079375,2.1097
0.079400,2.2161
0.079425,2.3193
0.079450,2.4144
0.079475,2.5119
0.079500,2.6182
0.079525,2.7133
0.079550,2.8068
0.079575,2.8858
0.079600,2.9591
0.079625,3.0333
0.079650,3.0953
0.079675,3.1501
0.079700,3.1904
0.079725,3.2186
0.079750,3.2371
0.079775,3.2460
0.079800,3.2468
0.079825,3.2379
0.079850,3.2170
0.079875,3.1840
0.079900,3.1404
0.079925,3.0905
0.079950,3.0316
0.079975,2.9648
0.080000,2.8850
0.080025,2.7971
0.080050,2.7061
0.080075,2.6150
0.080100,2.5215
0.080125,2.4176
0.080150,2.3120
0.080175,2.2008
0.080200,2.0968
0.080225,1.9953
0.080250,1.8954
0.080275,1.8019
0.080300,1.6947
0.080325,1.5932
0.080350,1.4860
0.080375,1.3587
0.080400,1.2265
0.080425,1.0936
0.080450,0.9477
0.080475,0.8091
0.080500,0.6826
0.080525,0.5568
0.080550,0.4505
0.080575,0.3554
0.080600,0.2724
0.080625,0.2007
0.080650,0.1402
0.080675,0.0927
0.080700,0.0572
0.080725,0.0338
0.080750,0.0201
0.080775,0.0161
0.080800,0.0218
0.080825,0.0387
0.080850,0.0693
0.080875,0.1112
0.080900,0.1644
0.080925,0.2297
0.080950,0.3078
0.080975,0.3989
0.081000,0.4980
0.081025,0.6157
0.081050,0.7398
0.081075,0.8679
0.081100,1.0009
0.081125,1.1137
0.081150,1.2177
0.081175,1.3176
0.081200,1.3966
0.081225,1.4852
0.081250,1.5779
0.081275,1.6714
0.081300,1.7850
0.081325,1.8833
0.081350,1.9889
0.081375,2.0944
0.081400,2.1984
0.081425,2.3112
0.081450,2.4160
0.081475,2.5232
0.081500,2.6223
0.081525,2.7158
0.081550,2.8060
0.081575,2.8850
0.081600,2.9632
0.081625,3.0357
0.081650,3.0969
0.081675,3.1493
0.081700,3.1888
0.081725,3.2178
0.081750,3.2363
0.081775,3.2468
0.081800,3.2468
0.081825,3.2379
0.081850,3.2178
0.081875,3.1840
0.081900,3.1429
0.081925,3.0905
0.081950,3.0292
0.081975,2.9583
0.082000,2.8793
0.082025,2.7955
0.082050,2.7085
0.082075,2.6247
0.082100,2.5223
0.082125,2.4184
0.082150,2.3128
0.082175,2.2032
0.082200,2.1114
0.082225,2.0001
0.082250,1.8881
0.082275,1.7785
0.082300,1.6714
0.082325,1.5843
0.082350,1.4836
0.082375,1.3635
0.082400,1.2338
0.082425,1.0927
0.082450,0.9485
0.082475,0.8123
0.082500,0.6769
0.082525,0.5544
0.082550,0.4505
0.082575,0.3594
0.082600,0.2772
0.082625,0.2031
0.082650,0.1402
0.082675,0.0911
0.082700,0.0564
0.082725,0.0330
0.082750,0.0201
0.082775,0.0161
0.082800,0.0210
0.082825,0.0387
0.082850,0.0701
0.082875,0.1136
0.082900,0.1668
0.082925,0.2297
0.082950,0.3054
0.082975,0.3925
0.083000,0.4988
0.083025,0.6157
0.083050,0.7382
0.083075,0.8744
0.083100,1.0081
0.083125,1.1121
0.083150,1.2088
0.083175,1.2902
0.083200,1.3684
0.083225,1.4739
0.083250,1.5827
0.083275,1.6939
0.083300,1.7914
0.083325,1.8865
0.083350,1.9881
0.083375,2.0936
0.083400,2.2105
0.083425,2.3168
0.083450,2.4144
0.083475,2.5143
0.083500,2.6110
0.083525,2.7109
0.083550,2.8068
0.083575,2.8906
0.083600,2.9656
0.083625,3.0357
0.083650,3.0969
0.083675,3.1485
0.083700,3.1904
0.083725,3.2186
0.083750,3.2371
0.083775,3.2460
0.083800,3.2460
0.083825,3.2379
0.083850,3.2178
0.083875,3.1856
0.083900,3.1421
0.083925,3.0897
0.083950,3.0300
0.083975,2.9599
0.084000,2.8842
0.084025,2.7963
0.084050,2.7053
0.084075,2.6126
0.084100,2.5119
0.084125,2.4152
0.084150,2.3168
0.084175,2.2185
0.084200,2.1130
0.084225,2.0001
0.084250,1.8881
0.084275,1.7801
0.084300,1.6899
0.084325,1.5900
0.084350,1.4876
0.084375,1.3716
0.084400,1.2305
0.084425,1.0968
0.084450,0.9477
0.084475,0.8010
0.084500,0.6721
0.084525,0.5528
0.084550,0.4497
0.084575,0.3610
0.084600,0.2748
0.084625,0.2015
0.084650,0.1402
0.084675,0.0919
0.084700,0.0580
0.084725,0.0347
0.084750,0.0210
0.084775,0.0169
0.084800,0.0218
0.084825,0.0395
0.084850,0.0701
0.084875,0.1128
0.084900,0.1644
0.084925,0.2297
0.084950,0.3078
0.084975,0.4005
0.085000,0.5053
0.085025,0.6173
0.085050,0.7333
0.085075,0.8639
0.085100,0.9856
0.085125,1.0976
0.085150,1.2007
0.085175,1.2902
0.085200,1.3885
0.085225,1.4812
0.085250,1.5787
0.085275,1.6730
0.085300,1.7689
0.085325,1.8768
0.085350,1.9905
0.085375,2.1089
0.085400,2.2153
0.085425,2.3193
0.085450,2.4144
0.085475,2.5127
0.085500,2.6182
0.085525,2.7149
0.085550,2.8068
0.085575,2.8866
0.085600,2.9599
0.085625,3.0333
0.085650,3.0969
0.085675,3.1501
0.085700,3.1912
0.085725,3.2186
0.085750,3.2371
0.085775,3.2452
0.085800,3.2460
0.085825,3.2371
0.085850,3.2170
0.085875,3.1840
0.085900,3.1412
0.085925,3.0905
0.085950,3.0325
0.085975,2.9656
0.086000,2.8850
0.086025,2.7979
0.086050,2.7053
0.086075,2.6142
0.086100,2.5207
0.086125,2.4168
0.086150,2.3120
0.086175,2.2016
0.086200,2.0968
0.086225,1.9961
0.086250,1.8954
0.086275,1.8019
0.086300,1.6947
0.086325,1.5924
0.086350,1.4860
0.086375,1.3587
0.086400,1.2265
0.086425,1.0944
0.086450,0.9493
0.086475,0.8099
0.086500,0.6842
0.086525,0.5577
0.086550,0.4505
0.086575,0.3562
0.086600,0.2724
0.086625,0.2007
0.086650,0.1402
0.086675,0.0927
0.086700,0.0580
0.086725,0.0347
0.086750,0.0210
0.086775,0.0161
0.086800,0.0218
0.086825,0.0387
0.086850,0.0693
0.086875,0.1112
0.086900,0.1652
0.086925,0.2297
0.086950,0.3078
0.086975,0.3989
0.087000,0.4980
0.087025,0.6149
0.087050,0.7390
0.087075,0.8679
0.087100,1.0001
0.087125,1.1137
0.087150,1.2177
0.087175,1.3176
0.087200,1.3966
0.087225,1.4852
0.087250,1.5787
0.087275,1.6722
0.087300,1.7842
0.087325,1.8833
0.087350,1.9881
0.087375,2.0944
0.087400,2.1992
0.087425,2.3128
0.087450,2.4160
0.087475,2.5240
0.087500,2.6223
0.087525,2.7158
0.087550,2.8068
0.087575,2.8850
0.087600,2.9640
0.087625,3.0349
0.087650,3.0969
0.087675,3.1493
0.087700,3.1896
0.087725,3.2186
0.087750,3.2371
0.087775,3.2460
0.087800,3.2460
0.087825,3.2371
0.087850,3.2170
0.087875,3.1840
0.087900,3.1421
0.087925,3.0897
0.087950,3.0292
0.087975,2.9583
0.088000,2.8793
0.088025,2.7955
0.088050,2.7093
0.088075,2.6247
0.088100,2.5223
0.088125,2.4176
0.088150,2.3120
0.088175,2.2024
0.088200,2.1097
0.088225,1.9985
0.088250,1.8873
0.088275,1.7777
0.088300,1.6722
0.088325,1.5843
0.088350,1.4836
0.088375,1.3635
0.088400,1.2338
0.088425,1.0927
0.088450,0.9485
0.088475,0.8131
0.088500,0.6769
0.088525,0.5560
0.088550,0.4513
0.088575,0.3594
0.088600,0.2772
0.088625,0.2023
0.088650,0.1402
0.088675,0.0911
0.088700,0.0564
0.088725,0.0338
0.088750,0.0201
0.088775,0.0161
0.088800,0.0210
0.088825,0.0395
0.088850,0.0701
0.088875,0.1136
0.088900,0.1668
0.088925,0.2297
0.088950,0.3054
0.088975,0.3933
0.089000,0.4988
0.089025,0.6165
0.089050,0.7390
0.089075,0.8752
0.089100,1.0089
0.089125,1.1121
0.089150,1.2080
0.089175,1.2902
0.089200,1.3684
0.089225,1.4739
0.089250,1.5827
0.089275,1.6947
0.089300,1.7914
0.089325,1.8865
0.089350,1.9881
0.089375,2.0920
0.089400,2.2105
0.089425,2.3160
0.089450,2.4152
0.089475,2.5143
0.089500,2.6110
0.089525,2.7117
0.089550,2.8076
0.089575,2.8914
0.089600,2.9656
0.089625,3.0365
0.089650,3.0961
0.089675,3.1485
0.089700,3.1896
0.089725,3.2186
0.089750,3.2379
0.089775,3.2468
0.089800,3.2468
0.089825,3.2379
0.089850,3.2178
0.089875,3.1864
0.089900,3.1429
0.089925,3.0905
0.089950,3.0300
0.089975,2.9591
0.090000,2.8842
0.090025,2.7963
0.090050,2.7053
0.090075,2.6126
0.090100,2.5119
0.090125,2.4144
0.090150,2.3177
0.090175,2.2193
0.090200,2.1130
0.090225,2.0001
0.090250,1.8889
0.090275,1.7801
0.090300,1.6899
0.090325,1.5900
0.090350,1.4876
0.090375,1.3716
0.090400,1.2314
0.090425,1.0968
0.090450,0.9485
0.090475,0.8002
0.090500,0.6721
0.090525,0.5528
0.090550,0.4505
0.090575,0.3610
0.090600,0.2748
0.090625,0.2015
0.090650,0.1402
0.090675,0.0919
0.090700,0.0580
0.090725,0.0338
0.090750,0.0210
0.090775,0.0169
0.090800,0.0218
0.090825,0.0395
0.090850,0.0701
0.090875,0.1128
0.090900,0.1644
0.090925,0.2297
0.090950,0.3086
0.090975,0.4005
0.091000,0.5053
0.091025,0.6165
0.091050,0.7333
0.091075,0.8639
0.091100,0.9864
0.091125,1.0968
0.091150,1.2007
0.091175,1.2902
0.091200,1.3893
0.091225,1.4828
0.091250,1.5795
0.091275,1.6746
0.091300,1.7689
0.091325,1.8785
0.091350,1.9913
0.091375,2.1097
0.091400,2.2161
0.091425,2.3185
0.091450,2.4152
0.091475,2.5127
0.091500,2.6190
0.091525,2.7141
0.091550,2.8068
0.091575,2.8858
0.091600,2.9591
0.091625,3.0333
0.091650,3.0953
0.091675,3.1501
0.091700,3.1904
0.091725,3.2186
0.091750,3.2371
0.091775,3.2460
0.091800,3.2468
0.091825,3.2388
0.091850,3.2178
0.091875,3.1840
0.091900,3.1412
0.091925,3.0905
0.091950,3.0325
0.091975,2.9648
0.092000,2.8850
0.092025,2.7971
0.092050,2.7061
0.092075,2.6158
0.092100,2.5215
0.092125,2.4176
0.092150,2.3120
0.092175,2.2016
0.092200,2.0968
0.092225,1.9953
0.092250,1.8954
0.092275,1.8019
0.092300,1.6939
0.092325,1.5924
0.092350,1.4868
0.092375,1.3595
0.092400,1.2281
0.092425,1.0952
0.092450,0.9493
0.092475,0.8099
0.092500,0.6834
0.092525,0.5577
0.092550,0.4505
0.092575,0.3554
0.092600,0.2716
0.092625,0.1999
0.092650,0.1394
0.092675,0.0919
0.092700,0.0572
0.092725,0.0338
0.092750,0.0201
0.092775,0.0161
0.092800,0.0218
0.092825,0.0387
0.092850,0.0693
0.092875,0.1104
0.092900,0.1644
0.092925,0.2289
0.092950,0.3070
0.092975,0.3981
0.093000,0.4980
0.093025,0.6149
0.093050,0.7390
0.093075,0.8687
0.093100,1.0009
0.093125,1.1145
0.093150,1.2177
0.093175,1.3176
0.093200,1.3958
0.093225,1.4852
0.093250,1.5779
0.093275,1.6722
0.093300,1.7850
0.093325,1.8841
0.093350,1.9889
0.093375,2.0944
0.093400,2.1992
0.093425,2.3120
0.093450,2.4168
0.093475,2.5240
0.093500,2.6231
0.093525,2.7166
0.093550,2.8068
0.093575,2.8858
0.093600,2.9632
0.093625,3.0349
0.093650,3.0961
0.093675,3.1485
0.093700,3.1896
0.093725,3.2186
0.093750,3.2379
0.093775,3.2468
0.093800,3.2468
0.093825,3.2379
0.093850,3.2170
0.093875,3.1848
0.093900,3.1429
0.093925,3.0913
0.093950,3.0300
0.093975,2.9583
0.094000,2.8793
0.094025,2.7955
0.094050,2.7093
0.094075,2.6247
0.094100,2.5223
0.094125,2.4176
0.094150,2.3128
0.094175,2.2024
0.094200,2.1105
0.094225,1.9985
0.094250,1.8881
0.094275,1.7785
0.094300,1.6714
0.094325,1.5851
0.094350,1.4836
0.094375,1.3643
0.094400,1.2330
0.094425,1.0927
0.094450,0.9485
0.094475,0.8123
0.094500,0.6761
0.094525,0.5544
0.094550,0.4497
0.094575,0.3594
0.094600,0.2772
0.094625,0.2023
0.094650,0.1402
0.094675,0.0911
0.094700,0.0564
0.094725,0.0338
0.094750,0.0210
0.094775,0.0169
0.094800,0.0218
0.094825,0.0395
0.094850,0.0709
0.094875,0.1136
0.094900,0.1668
0.094925,0.2297
0.094950,0.3054
0.094975,0.3933
0.095000,0.4988
0.095025,0.6157
0.095050,0.7382
0.095075,0.8744
0.095100,1.0073
0.095125,1.1121
0.095150,1.2080
0.095175,1.2910
0.095200,1.3684
0.095225,1.4739
0.095250,1.5827
0.095275,1.6939
0.095300,1.7922
0.095325,1.8873
0.095350,1.9889
0.095375,2.0928
0.095400,2.2105
0.095425,2.3160
0.095450,2.4144
0.095475,2.5143
0.095500,2.6110
0.095525,2.7109
0.095550,2.8068
0.095575,2.8906
0.095600,2.9648
0.095625,3.0357
0.095650,3.0961
0.095675,3.1477
0.095700,3.1896
0.095725,3.2186
0.095750,3.2371
0.095775,3.2460
0.095800,3.2460
0.095825,3.2379
0.095850,3.2186
0.095875,3.1872
0.095900,3.1437
0.095925,3.0913
0.095950,3.0308
0.095975,2.9599
0.096000,2.8858
0.096025,2.7971
0.096050,2.7061
0.096075,2.6134
0.096100,2.5119
0.096125,2.4152
0.096150,2.3177
0.096175,2.2193
0.096200,2.1138
0.096225,2.0001
0.096250,1.8873
0.096275,1.7793
0.096300,1.6883
0.096325,1.5908
0.096350,1.4884
0.096375,1.3724
0.096400,1.2314
0.096425,1.0976
0.096450,0.9485
0.096475,0.8002
0.096500,0.6721
0.096525,0.5520
0.096550,0.4505
0.096575,0.3602
0.096600,0.2748
0.096625,0.2015
0.096650,0.1394
0.096675,0.0919
0.096700,0.0572
0.096725,0.0347
0.096750,0.0210
0.096775,0.0161
0.096800,0.0218
0.096825,0.0395
0.096850,0.0701
0.096875,0.1128
0.096900,0.1644
0.096925,0.2297
0.096950,0.3078
0.096975,0.4005
0.097000,0.5045
0.097025,0.6165
0.097050,0.7333
0.097075,0.8639
0.097100,0.9864
0.097125,1.0976
0.097150,1.2015
0.097175,1.2902
0.097200,1.3893
0.097225,1.4820
0.097250,1.5787
0.097275,1.6738
0.097300,1.7697
0.097325,1.8785
0.097350,1.9921
0.097375,2.1105
0.097400,2.2161
0.097425,2.3193
0.097450,2.4152
0.097475,2.5127
0.097500,2.6190
0.097525,2.7149
0.097550,2.8060
0.097575,2.8858
0.097600,2.9591
0.097625,3.0333
0.097650,3.0961
0.097675,3.1501
0.097700,3.1904
0.097725,3.2178
0.097750,3.2363
0.097775,3.2460
0.097800,3.2476
0.097825,3.2388
0.097850,3.2178
0.097875,3.1840
0.097900,3.1412
0.097925,3.0897
0.097950,3.0316
0.097975,2.9640
0.098000,2.8842
0.098025,2.7963
0.098050,2.7053
0.098075,2.6150
0.098100,2.5207
0.098125,2.4168
0.098150,2.3112
0.098175,2.2008
0.098200,2.0968
0.098225,1.9953
0.098250,1.8946
0.098275,1.8019
0.098300,1.6939
0.098325,1.5932
0.098350,1.4868
0.098375,1.3595
0.098400,1.2273
0.098425,1.0944
0.098450,0.9485
0.098475,0.8099
0.098500,0.6834
0.098525,0.5577
0.098550,0.4505
0.098575,0.3554
0.098600,0.2724
0.098625,0.2007
0.098650,0.1394
0.098675,0.0927
0.098700,0.0572
0.098725,0.0338
0.098750,0.0201
0.098775,0.0161
0.098800,0.0218
0.098825,0.0387
0.098850,0.0693
0.098875,0.1112
0.098900,0.1652
0.098925,0.2297
0.098950,0.3078
0.098975,0.3989
0.099000,0.4980
0.099025,0.6157
0.099050,0.7390
0.099075,0.8679
0.099100,1.0009
0.099125,1.1137
0.099150,1.2185
0.099175,1.3176
0.099200,1.3966
0.099225,1.4844
0.099250,1.5787
0.099275,1.6714
0.099300,1.7850
0.099325,1.8841
0.099350,1.9889
0.099375,2.0944
0.099400,2.1992
0.099425,2.3120
0.099450,2.4160
0.099475,2.5240
0.099500,2.6215
0.099525,2.7158
0.099550,2.8060
0.099575,2.8858
0.099600,2.9632
0.099625,3.0357
0.099650,3.0961
0.099675,3.1485
0.099700,3.1888
0.099725,3.2178
0.099750,3.2371
0.099775,3.2468
0.099800,3.2476
0.099825,3.2379
0.099850,3.2186
0.099875,3.1848
0.099900,3.1437
0.099925,3.0905
0.099950,3.0300
0.099975,2.9583
0.100000,2.7689
0.100025,2.7979
0.100050,2.8213
0.100075,2.8777
0.100100,2.9607
0.100125,3.0341
0.100150,3.0969
0.100175,3.1493
0.100200,3.1904
0.100225,3.2186
0.100250,3.2363
0.100275,3.2460
0.100300,3.2476
0.100325,3.2379
0.100350,3.2170
0.100375,3.1832
0.100400,3.1396
0.100425,3.0889
0.100450,3.0316
0.100475,2.9640
0.100500,2.8842
0.100525,2.7963
0.100550,2.7053
0.100575,2.6142
0.100600,2.5215
0.100625,2.4176
0.100650,2.3120
0.100675,2.2016
0.100700,2.0968
0.100725,1.9953
0.100750,1.8954
0.100775,1.8019
0.100800,1.6947
0.100825,1.5924
0.100850,1.4868
0.100875,1.3595
0.100900,1.2273
0.100925,1.0944
0.100950,0.9477
0.100975,0.8099
0.101000,0.6834
0.101025,0.5585
0.101050,0.4505
0.101075,0.3562
0.101100,0.2724
0.101125,0.1999
0.101150,0.1402
0.101175,0.0927
0.101200,0.0580
0.101225,0.0347
0.101250,0.0210
0.101275,0.0169
0.101300,0.0218
0.101325,0.0387
0.101350,0.0693
0.101375,0.1112
0.101400,0.1652
0.101425,0.2297
0.101450,0.3078
0.101475,0.3989
0.101500,0.4980
0.101525,0.6149
0.101550,0.7390
0.101575,0.8679
0.101600,1.0001
0.101625,1.1137
0.101650,1.2177
0.101675,1.3176
0.101700,1.3966
0.101725,1.4852
0.101750,1.5787
0.101775,1.6722
0.101800,1.7858
0.101825,1.8833
0.101850,1.9881
0.101875,2.0944
0.101900,2.1984
0.101925,2.3120
0.101950,2.4160
0.101975,2.5232
0.102000,2.6215
0.102025,2.7158
0.102050,2.8060
0.102075,2.8850
0.102100,2.9632
0.102125,3.0341
0.102150,3.0953
0.102175,3.1477
0.102200,3.1880
0.102225,3.2178
0.102250,3.2371
0.102275,3.2468
0.102300,3.2476
0.102325,3.2379
0.102350,3.2178
0.102375,3.1840
0.102400,3.1429
0.102425,3.0905
0.102450,3.0300
0.102475,2.9591
0.102500,2.8793
0.102525,2.7963
0.102550,2.7093
0.102575,2.6255
0.102600,2.5223
0.102625,2.4184
0.102650,2.3128
0.102675,2.2032
0.102700,2.1114
0.102725,1.9993
0.102750,1.8889
0.102775,1.7785
0.102800,1.6730
0.102825,1.5851
0.102850,1.4844
0.102875,1.3643
0.102900,1.2330
0.102925,1.0927
0.102950,0.9477
0.102975,0.8123
0.103000,0.6761
0.103025,0.5544
0.103050,0.4497
0.103075,0.3594
0.103100,0.2772
0.103125,0.2023
0.103150,0.1402
0.103175,0.0911
0.103200,0.0572
0.103225,0.0338
0.103250,0.0210
0.103275,0.0161
0.103300,0.0218
0.103325,0.0387
0.103350,0.0701
0.103375,0.1136
0.103400,0.1660
0.103425,0.2297
0.103450,0.3046
0.103475,0.3916
0.103500,0.4980
0.103525,0.6149
0.103550,0.7382
0.103575,0.8744
0.103600,1.0089
0.103625,1.1121
0.103650,1.2088
0.103675,1.2910
0.103700,1.3692
0.103725,1.4739
0.103750,1.5827
0.103775,1.6939
0.103800,1.7914
0.103825,1.8865
0.103850,1.9881
0.103875,2.0928
0.103900,2.2097
0.103925,2.3168
0.103950,2.4144
0.103975,2.5135
0.104000,2.6102
0.104025,2.7101
0.104050,2.8068
0.104075,2.8906
0.104100,2.9656
0.104125,3.0365
0.104150,3.0961
0.104175,3.1477
0.104200,3.1896
0.104225,3.2178
0.104250,3.2371
0.104275,3.2460
0.104300,3.2468
0.104325,3.2388
0.104350,3.2178
0.104375,3.1864
0.104400,3.1421
0.104425,3.0913
0.104450,3.0308
0.104475,2.9599
0.104500,2.8850
0.104525,2.7963
0.104550,2.7061
0.104575,2.6134
0.104600,2.5127
0.104625,2.4152
0.104650,2.3177
0.104675,2.2185
0.104700,2.1130
0.104725,2.0001
0.104750,1.8881
0.104775,1.7801
0.104800,1.6891
0.104825,1.5900
0.104850,1.4876
0.104875,1.3716
0.104900,1.2314
0.104925,1.0968
0.104950,0.9485
0.104975,0.8002
0.105000,0.6721
0.105025,0.5528
0.105050,0.4505
0.105075,0.3602
0.105100,0.2748
0.105125,0.2007
0.105150,0.1394
0.105175,0.0911
0.105200,0.0572
0.105225,0.0338
0.105250,0.0201
0.105275,0.0161
0.105300,0.0210
0.105325,0.0387
0.105350,0.0693
0.105375,0.1120
0.105400,0.1644
0.105425,0.2297
0.105450,0.3078
0.105475,0.4005
0.105500,0.5045
0.105525,0.6165
0.105550,0.7333
0.105575,0.8631
0.105600,0.9856
0.105625,1.0968
0.105650,1.1999
0.105675,1.2894
0.105700,1.3885
0.105725,1.4812
0.105750,1.5787
0.105775,1.6730
0.105800,1.7681
0.105825,1.8777
0.105850,1.9905
0.105875,2.1097
0.105900,2.2153
0.105925,2.3185
0.105950,2.4144
0.105975,2.5127
0.106000,2.6182
0.106025,2.7141
0.106050,2.8068
0.106075,2.8858
0.106100,2.9599
0.106125,3.0341
0.106150,3.0961
0.106175,3.1501
0.106200,3.1912
0.106225,3.2186
0.106250,3.2371
0.106275,3.2460
0.106300,3.2468
0.106325,3.2379
0.106350,3.2170
0.106375,3.1832
0.106400,3.1404
0.106425,3.0897
0.106450,3.0316
0.106475,2.9648
0.106500,2.8850
0.106525,2.7971
0.106550,2.7053
0.106575,2.6142
0.106600,2.5207
0.106625,2.4168
0.106650,2.3128
0.106675,2.2008
0.106700,2.0968
0.106725,1.9953
0.106750,1.8946
0.106775,1.8011
0.106800,1.6939
0.106825,1.5924
0.106850,1.4860
0.106875,1.3595
0.106900,1.2273
0.106925,1.0952
0.106950,0.9485
0.106975,0.8099
0.107000,0.6834
0.107025,0.5577
0.107050,0.4505
0.107075,0.3562
0.107100,0.2732
0.107125,0.2007
0.107150,0.1402
0.107175,0.0919
0.107200,0.0572
0.107225,0.0338
0.107250,0.0210
0.107275,0.0169
0.107300,0.0226
0.107325,0.0387
0.107350,0.0693
0.107375,0.1112
0.107400,0.1652
0.107425,0.2297
0.107450,0.3078
0.107475,0.3989
0.107500,0.4972
0.107525,0.6149
0.107550,0.7382
0.107575,0.8671
0.107600,1.0001
0.107625,1.1129
0.107650,1.2168
0.107675,1.3160
0.107700,1.3958
0.107725,1.4844
0.107750,1.5779
0.107775,1.6722
0.107800,1.7850
0.107825,1.8849
0.107850,1.9889
0.107875,2.0944
0.107900,2.2000
0.107925,2.3120
0.107950,2.4168
0.107975,2.5240
0.108000,2.6223
0.108025,2.7166
0.108050,2.8068
0.108075,2.8850
0.108100,2.9623
0.108125,3.0349
0.108150,3.0961
0.108175,3.1485
0.108200,3.1888
0.108225,3.2178
0.108250,3.2371
0.108275,3.2468
0.108300,3.2476
0.108325,3.2379
0.108350,3.2178
0.108375,3.1848
0.108400,3.1429
0.108425,3.0897
0.108450,3.0300
0.108475,2.9583
0.108500,2.8793
0.108525,2.7955
0.108550,2.7085
0.108575,2.6247
0.108600,2.5215
0.108625,2.4176
0.108650,2.3120
0.108675,2.2024
0.108700,2.1105
0.108725,1.9985
0.108750,1.8881
0.108775,1.7785
0.108800,1.6722
0.108825,1.5859
0.108850,1.4836
0.108875,1.3643
0.108900,1.2338
0.108925,1.0927
0.108950,0.9485
0.108975,0.8123
0.109000,0.6761
0.109025,0.5544
0.109050,0.4505
0.109075,0.3578
0.109100,0.2764
0.109125,0.2015
0.109150,0.1394
0.109175,0.0911
0.109200,0.0572
0.109225,0.0347
0.109250,0.0210
0.109275,0.0169
0.109300,0.0218
0.109325,0.0395
0.109350,0.0701
0.109375,0.1136
0.109400,0.1668
0.109425,0.2289
0.109450,0.3054
0.109475,0.3925
0.109500,0.4988
0.109525,0.6157
0.109550,0.7382
0.109575,0.8744
0.109600,1.0089
0.109625,1.1121
0.109650,1.2088
0.109675,1.2910
0.109700,1.3692
0.109725,1.4747
0.109750,1.5827
0.109775,1.6947
0.109800,1.7914
0.109825,1.8873
0.109850,1.9889
0.109875,2.0936
0.109900,2.2113
0.109925,2.3177
0.109950,2.4152
0.109975,2.5143
0.110000,2.6118
0.110025,2.7117
0.110050,2.8076
0.110075,2.8914
0.110100,2.9664
0.110125,3.0365
0.110150,3.0961
0.110175,3.1477
0.110200,3.1896
0.110225,3.2178
0.110250,3.2379
0.110275,3.2460
0.110300,3.2460
0.110325,3.2388
0.110350,3.2178
0.110375,3.1872
0.110400,3.1429
0.110425,3.0905
0.110450,3.0300
0.110475,2.9591
0.110500,2.8850
0.110525,2.7963
0.110550,2.7053
0.110575,2.6134
0.110600,2.5111
0.110625,2.4144
0.110650,2.3177
0.110675,2.2177
0.110700,2.1130
0.110725,2.0010
0.110750,1.8881
0.110775,1.7810
0.110800,1.6899
0.110825,1.5908
0.110850,1.4884
0.110875,1.3716
0.110900,1.2314
0.110925,1.0968
0.110950,0.9477
0.110975,0.8002
0.111000,0.6713
0.111025,0.5528
0.111050,0.4505
0.111075,0.3610
0.111100,0.2756
0.111125,0.2015
0.111150,0.1410
0.111175,0.0919
0.111200,0.0580
0.111225,0.0347
0.111250,0.0210
0.111275,0.0161
0.111300,0.0210
0.111325,0.0395
0.111350,0.0693
0.111375,0.1120
0.111400,0.1644
0.111425,0.2273
0.111450,0.3070
0.111475,0.3997
0.111500,0.5037
0.111525,0.6173
0.111550,0.7333
0.111575,0.8631
0.111600,0.9856
0.111625,1.0960
0.111650,1.1999
0.111675,1.2902
0.111700,1.3869
0.111725,1.4804
0.111750,1.5779
0.111775,1.6722
0.111800,1.7681
0.111825,1.8777
0.111850,1.9913
0.111875,2.1089
0.111900,2.2161
0.111925,2.3185
0.111950,2.4144
0.111975,2.5127
0.112000,2.6190
0.112025,2.7149
0.112050,2.8076
0.112075,2.8874
0.112100,2.9607
0.112125,3.0341
0.112150,3.0969
0.112175,3.1509
0.112200,3.1904
0.112225,3.2186
0.112250,3.2363
0.112275,3.2452
0.112300,3.2468
0.112325,3.2379
0.112350,3.2170
0.112375,3.1832
0.112400,3.1396
0.112425,3.0897
0.112450,3.0325
0.112475,2.9640
0.112500,2.8850
0.112525,2.7971
0.112550,2.7053
0.112575,2.6150
0.112600,2.5207
0.112625,2.4168
0.112650,2.3128
0.112675,2.2008
0.112700,2.0968
0.112725,1.9953
0.112750,1.8938
0.112775,1.8011
0.112800,1.6939
0.112825,1.5924
0.112850,1.4868
0.112875,1.3603
0.112900,1.2273
0.112925,1.0952
0.112950,0.9493
0.112975,0.8099
0.113000,0.6842
0.113025,0.5585
0.113050,0.4505
0.113075,0.3570
0.113100,0.2732
0.113125,0.1999
0.113150,0.1402
0.113175,0.0919
0.113200,0.0572
0.113225,0.0338
0.113250,0.0201
0.113275,0.0161
0.113300,0.0218
0.113325,0.0387
0.113350,0.0693
0.113375,0.1112
0.113400,0.1652
0.113425,0.2305
0.113450,0.3086
0.113475,0.3997
0.113500,0.4980
0.113525,0.6157
0.113550,0.7382
0.113575,0.8663
0.113600,1.0001
0.113625,1.1121
0.113650,1.2168
0.113675,1.3168
0.113700,1.3958
0.113725,1.4836
0.113750,1.5771
0.113775,1.6697
0.113800,1.7834
0.113825,1.8841
0.113850,1.9881
0.113875,2.0944
0.113900,2.1992
0.113925,2.3112
0.113950,2.4168
0.113975,2.5232
0.114000,2.6223
0.114025,2.7166
0.114050,2.8068
0.114075,2.8858
0.114100,2.9632
0.114125,3.0357
0.114150,3.0977
0.114175,3.1493
0.114200,3.1896
0.114225,3.2186
0.114250,3.2371
0.114275,3.2476
0.114300,3.2476
0.114325,3.2379
0.114350,3.2186
0.114375,3.1840
0.114400,3.1429
0.114425,3.0913
0.114450,3.0292
0.114475,2.9591
0.114500,2.8801
0.114525,2.7963
0.114550,2.7101
0.114575,2.6255
0.114600,2.5223
0.114625,2.4184
0.114650,2.3120
0.114675,2.2032
0.114700,2.1097
0.114725,1.9985
0.114750,1.8881
0.114775,1.7785
0.114800,1.6730
0.114825,1.5851
0.114850,1.4844
0.114875,1.3643
0.114900,1.2338
0.114925,1.0936
0.114950,0.9485
0.114975,0.8131
0.115000,0.6761
0.115025,0.5544
0.115050,0.4497
0.115075,0.3586
0.115100,0.2772
0.115125,0.2023
0.115150,0.1410
0.115175,0.0911
0.115200,0.0564
0.115225,0.0338
0.115250,0.0201
0.115275,0.0161
0.115300,0.0210
0.115325,0.0387
0.115350,0.0709
0.115375,0.1136
0.115400,0.1676
0.115425,0.2297
0.115450,0.3054
0.115475,0.3925
0.115500,0.4980
0.115525,0.6149
0.115550,0.7374
0.115575,0.8736
0.115600,1.0073
0.115625,1.1113
0.115650,1.2088
0.115675,1.2902
0.115700,1.3684
0.115725,1.4739
0.115750,1.5819
0.115775,1.6939
0.115800,1.7914
0.115825,1.8857
0.115850,1.9881
0.115875,2.0928
0.115900,2.2097
0.115925,2.3168
0.115950,2.4144
0.115975,2.5143
0.116000,2.6118
0.116025,2.7109
0.116050,2.8076
0.116075,2.8906
0.116100,2.9640
0.116125,3.0357
0.116150,3.0961
0.116175,3.1477
0.116200,3.1904
0.116225,3.2178
0.116250,3.2363
0.116275,3.2468
0.116300,3.2468
0.116325,3.2388
0.116350,3.2186
0.116375,3.1864
0.116400,3.1437
0.116425,3.0913
0.116450,3.0316
0.116475,2.9599
0.116500,2.8850
0.116525,2.7971
0.116550,2.7045
0.116575,2.6126
0.116600,2.5111
0.116625,2.4144
0.116650,2.3177
0.116675,2.2185
0.116700,2.1138
0.116725,2.0010
0.116750,1.8881
0.116775,1.7801
0.116800,1.6891
0.116825,1.5900
0.116850,1.4884
0.116875,1.3716
0.116900,1.2322
0.116925,1.0976
0.116950,0.9485
0.116975,0.8002
0.117000,0.6721
0.117025,0.5528
0.117050,0.4505
0.117075,0.3618
0.117100,0.2748
0.117125,0.2015
0.117150,0.1394
0.117175,0.0919
0.117200,0.0580
0.117225,0.0338
0.117250,0.0210
0.117275,0.0161
0.117300,0.0218
0.117325,0.0395
0.117350,0.0701
0.117375,0.1120
0.117400,0.1644
0.117425,0.2297
0.117450,0.3078
0.117475,0.4013
0.117500,0.5045
0.117525,0.6165
0.117550,0.7333
0.117575,0.8631
0.117600,0.9872
0.117625,1.0976
0.117650,1.2007
0.117675,1.2910
0.117700,1.3885
0.117725,1.4812
0.117750,1.5787
0.117775,1.6738
0.117800,1.7689
0.117825,1.8777
0.117850,1.9913
0.117875,2.1089
0.117900,2.2161
0.117925,2.3185
0.117950,2.4144
0.117975,2.5119
0.118000,2.6174
0.118025,2.7149
0.118050,2.8068
0.118075,2.8866
0.118100,2.9599
0.118125,3.0333
0.118150,3.0961
0.118175,3.1501
0.118200,3.1904
0.118225,3.2186
0.118250,3.2363
0.118275,3.2452
0.118300,3.2476
0.118325,3.2388
0.118350,3.2178
0.118375,3.1848
0.118400,3.1404
0.118425,3.0905
0.118450,3.0316
0.118475,2.9640
0.118500,2.8842
0.118525,2.7963
0.118550,2.7061
0.118575,2.6142
0.118600,2.5207
0.118625,2.4176
0.118650,2.3112
0.118675,2.2016
0.118700,2.0968
0.118725,1.9953
0.118750,1.8954
0.118775,1.8019
0.118800,1.6947
0.118825,1.5932
0.118850,1.4860
0.118875,1.3595
0.118900,1.2265
0.118925,1.0944
0.118950,0.9477
0.118975,0.8091
0.119000,0.6834
0.119025,0.5577
0.119050,0.4513
0.119075,0.3562
0.119100,0.2724
0.119125,0.2007
0.119150,0.1394
0.119175,0.0927
0.119200,0.0572
0.119225,0.0338
0.119250,0.0201
0.119275,0.0161
0.119300,0.0218
0.119325,0.0387
0.119350,0.0693
0.119375,0.1112
0.119400,0.1652
0.119425,0.2297
0.119450,0.3078
0.119475,0.3989
0.119500,0.4980
0.119525,0.6157
0.119550,0.7382
0.119575,0.8679
0.119600,1.0001
0.119625,1.1129
0.119650,1.2177
0.119675,1.3176
0.119700,1.3958
0.119725,1.4844
0.119750,1.5779
0.119775,1.6714
0.119800,1.7850
0.119825,1.8833
0.119850,1.9889
0.119875,2.0936
0.119900,2.1992
0.119925,2.3120
0.119950,2.4160
0.119975,2.5240
0.120000,2.6223
0.120025,2.7166
0.120050,2.8068
0.120075,2.8850
0.120100,2.9623
0.120125,3.0341
0.120150,3.0961
0.120175,3.1485
0.120200,3.1880
0.120225,3.2186
0.120250,3.2363
0.120275,3.2468
0.120300,3.2468
0.120325,3.2388
0.120350,3.2178
0.120375,3.1848
0.120400,3.1437
0.120425,3.0905
0.120450,3.0300
0.120475,2.9583
0.120500,2.8793
0.120525,2.7955
0.120550,2.7093
0.120575,2.6247
0.120600,2.5223
0.120625,2.4176
0.120650,2.3120
0.120675,2.2024
0.120700,2.1105
0.120725,2.0001
0.120750,1.8889
0.120775,1.7793
0.120800,1.6722
0.120825,1.5851
0.120850,1.4836
0.120875,1.3635
0.120900,1.2338
0.120925,1.0927
0.120950,0.9493
0.120975,0.8123
0.121000,0.6769
0.121025,0.5552
0.121050,0.4505
0.121075,0.3594
0.121100,0.2772
0.121125,0.2031
0.121150,0.1410
0.121175,0.0911
0.121200,0.0572
0.121225,0.0330
0.121250,0.0210
0.121275,0.0169
0.121300,0.0218
0.121325,0.0403
0.121350,0.0701
0.121375,0.1136
0.121400,0.1676
0.121425,0.2297
0.121450,0.3062
0.121475,0.3925
0.121500,0.4988
0.121525,0.6157
0.121550,0.7382
0.121575,0.8744
0.121600,1.0081
0.121625,1.1113
0.121650,1.2088
0.121675,1.2910
0.121700,1.3684
0.121725,1.4747
0.121750,1.5827
0.121775,1.6939
0.121800,1.7914
0.121825,1.8865
0.121850,1.9873
0.121875,2.0928
0.121900,2.2097
0.121925,2.3168
0.121950,2.4152
0.121975,2.5143
0.122000,2.6110
0.122025,2.7101
0.122050,2.8068
0.122075,2.8906
0.122100,2.9656
0.122125,3.0357
0.122150,3.0953
0.122175,3.1477
0.122200,3.1888
0.122225,3.2186
0.122250,3.2371
0.122275,3.2452
0.122300,3.2460
0.122325,3.2388
0.122350,3.2186
0.122375,3.1872
0.122400,3.1437
0.122425,3.0905
0.122450,3.0308
0.122475,2.9599
0.122500,2.8850
0.122525,2.7979
0.122550,2.7053
0.122575,2.6134
0.122600,2.5119
0.122625,2.4144
0.122650,2.3177
0.122675,2.2185
0.122700,2.1138
0.122725,2.0010
0.122750,1.8881
0.122775,1.7801
0.122800,1.6891
0.122825,1.5892
0.122850,1.4868
0.122875,1.3708
0.122900,1.2305
0.122925,1.0968
0.122950,0.9485
0.122975,0.8002
0.123000,0.6721
0.123025,0.5536
0.123050,0.4505
0.123075,0.3618
0.123100,0.2748
0.123125,0.2015
0.123150,0.1402
0.123175,0.0911
0.123200,0.0580
0.123225,0.0338
0.123250,0.0210
0.123275,0.0161
0.123300,0.0218
0.123325,0.0395
0.123350,0.0701
0.123375,0.1128
0.123400,0.1644
0.123425,0.2297
0.123450,0.3070
0.123475,0.4005
0.123500,0.5045
0.123525,0.6165
0.123550,0.7333
0.123575,0.8631
0.123600,0.9856
0.123625,1.0968
0.123650,1.2007
0.123675,1.2902
0.123700,1.3885
0.123725,1.4812
0.123750,1.5779
0.123775,1.6730
0.123800,1.7689
0.123825,1.8777
0.123850,1.9913
0.123875,2.1089
0.123900,2.2169
0.123925,2.3193
0.123950,2.4160
0.123975,2.5135
0.124000,2.6182
0.124025,2.7149
0.124050,2.8060
0.124075,2.8866
0.124100,2.9599
0.124125,3.0341
0.124150,3.0969
0.124175,3.1501
0.124200,3.1912
0.124225,3.2186
0.124250,3.2371
0.124275,3.2468
0.124300,3.2468
0.124325,3.2388
0.124350,3.2178
0.124375,3.1832
0.124400,3.1412
0.124425,3.0897
0.124450,3.0316
0.124475,2.9648
0.124500,2.8842
0.124525,2.7971
0.124550,2.7061
0.124575,2.6142
0.124600,2.5215
0.124625,2.4176
0.124650,2.3120
0.124675,2.2016
0.124700,2.0968
0.124725,1.9953
0.124750,1.8954
0.124775,1.8019
0.124800,1.6947
0.124825,1.5932
0.124850,1.4860
0.124875,1.3595
0.124900,1.2281
0.124925,1.0944
0.124950,0.9493
0.124975,0.8107
0.125000,2.8205
0.125025,2.7665
0.125050,2.6908
0.125075,2.6045
0.125100,2.5143
0.125125,2.4184
0.125150,2.3241
0.125175,2.2113
0.125200,2.1065
0.125225,1.9945
0.125250,1.8817
0.125275,1.7858
0.125300,1.6947
0.125325,1.5932
0.125350,1.4884
0.125375,1.3716
0.125400,1.2314
0.125425,1.0976
0.125450,0.9485
0.125475,0.8002
0.125500,0.6721
0.125525,0.5520
0.125550,0.4505
0.125575,0.3610
0.125600,0.2748
0.125625,0.2023
0.125650,0.1402
0.125675,0.0919
0.125700,0.0572
0.125725,0.0338
0.125750,0.0210
0.125775,0.0161
0.125800,0.0218
0.125825,0.0395
0.125850,0.0709
0.125875,0.1128
0.125900,0.1652
0.125925,0.2297
0.125950,0.3086
0.125975,0.4005
0.126000,0.5045
0.126025,0.6165
0.126050,0.7317
0.126075,0.8631
0.126100,0.9856
0.126125,1.0968
0.126150,1.2007
0.126175,1.2902
0.126200,1.3885
0.126225,1.4820
0.126250,1.5787
0.126275,1.6730
0.126300,1.7689
0.126325,1.8768
0.126350,1.9913
0.126375,2.1089
0.126400,2.2153
0.126425,2.3193
0.126450,2.4144
0.126475,2.5127
0.126500,2.6182
0.126525,2.7141
0.126550,2.8068
0.126575,2.8858
0.126600,2.9599
0.126625,3.0333
0.126650,3.0961
0.126675,3.1509
0.126700,3.1904
0.126725,3.2186
0.126750,3.2371
0.126775,3.2444
0.126800,3.2460
0.126825,3.2371
0.126850,3.2162
0.126875,3.1840
0.126900,3.1404
0.126925,3.0905
0.126950,3.0325
0.126975,2.9648
0.127000,2.8850
0.127025,2.7971
0.127050,2.7061
0.127075,2.6150
0.127100,2.5215
0.127125,2.4168
0.127150,2.3128
0.127175,2.2008
0.127200,2.0977
0.127225,1.9961
0.127250,1.8954
0.127275,1.8019
0.127300,1.6939
0.127325,1.5924
0.127350,1.4860
0.127375,1.3587
0.127400,1.2273
0.127425,1.0944
0.127450,0.9485
0.127475,0.8107
0.127500,0.6842
0.127525,0.5585
0.127550,0.4513
0.127575,0.3562
0.127600,0.2724
0.127625,0.1999
0.127650,0.1394
0.127675,0.0927
0.127700,0.0572
0.127725,0.0338
0.127750,0.0210
0.127775,0.0169
0.127800,0.0226
0.127825,0.0395
0.127850,0.0693
0.127875,0.1112
0.127900,0.1644
0.127925,0.2297
0.127950,0.3078
0.127975,0.3981
0.128000,0.4980
0.128025,0.6149
0.128050,0.7390
0.128075,0.8679
0.128100,1.0009
0.128125,1.1137
0.128150,1.2177
0.128175,1.3176
0.128200,1.3958
0.128225,1.4852
0.128250,1.5779
0.128275,1.6714
0.128300,1.7842
0.128325,1.8833
0.128350,1.9881
0.128375,2.0936
0.128400,2.1992
0.128425,2.3120
0.128450,2.4168
0.128475,2.5240
0.128500,2.6223
0.128525,2.7166
0.128550,2.8068
0.128575,2.8850
0.128600,2.9640
0.128625,3.0357
0.128650,3.0969
0.128675,3.1493
0.128700,3.1896
0.128725,3.2178
0.128750,3.2371
0.128775,3.2468
0.128800,3.2476
0.128825,3.2388
0.128850,3.2178
0.128875,3.1848
0.128900,3.1437
0.128925,3.0905
0.128950,3.0300
0.128975,2.9583
0.129000,2.8785
0.129025,2.7955
0.129050,2.7093
0.129075,2.6247
0.129100,2.5223
0.129125,2.4176
0.129150,2.3120
0.129175,2.2024
0.129200,2.1105
0.129225,1.9977
0.129250,1.8881
0.129275,1.7777
0.129300,1.6722
0.129325,1.5851
0.129350,1.4836
0.129375,1.3643
0.129400,1.2338
0.129425,1.0927
0.129450,0.9477
0.129475,0.8123
0.129500,0.6761
0.129525,0.5544
0.129550,0.4497
0.129575,0.3586
0.129600,0.2772
0.129625,0.2023
0.129650,0.1410
0.129675,0.0911
0.129700,0.0572
0.129725,0.0347
0.129750,0.0210
0.129775,0.0169
0.129800,0.0218
0.129825,0.0387
0.129850,0.0701
0.129875,0.1128
0.129900,0.1660
0.129925,0.2289
0.129950,0.3054
0.129975,0.3933
0.130000,0.4988
0.130025,0.6157
0.130050,0.7382
0.130075,0.8744
0.130100,1.0089
0.130125,1.1121
0.130150,1.2096
0.130175,1.2902
0.130200,1.3684
0.130225,1.4747
0.130250,1.5827
0.130275,1.6947
0.130300,1.7914
0.130325,1.8865
0.130350,1.9881
0.130375,2.0920
0.130400,2.2097
0.130425,2.3168
0.130450,2.4144
0.130475,2.5143
0.130500,2.6110
0.130525,2.7109
0.130550,2.8068
0.130575,2.8906
0.130600,2.9656
0.130625,3.0365
0.130650,3.0969
0.130675,3.1485
0.130700,3.1896
0.130725,3.2186
0.130750,3.2371
0.130775,3.2460
0.130800,3.2468
0.130825,3.2379
0.130850,3.2178
0.130875,3.1864
0.130900,3.1429
0.130925,3.0905
0.130950,3.0308
0.130975,2.9599
0.131000,2.8850
0.131025,2.7963
0.131050,2.7053
0.131075,2.6126
0.131100,2.5111
0.131125,2.4152
0.131150,2.3177
0.131175,2.2193
0.131200,2.1138
0.131225,2.0010
0.131250,1.8889
0.131275,1.7801
0.131300,1.6899
0.131325,1.5900
0.131350,1.4884
0.131375,1.3716
0.131400,1.2314
0.131425,1.0968
0.131450,0.9485
0.131475,0.8002
0.131500,0.6721
0.131525,0.5528
0.131550,0.4497
0.131575,0.3602
0.131600,0.2748
0.131625,0.2015
0.131650,0.1402
0.131675,0.0919
0.131700,0.0580
0.131725,0.0347
0.131750,0.0210
0.131775,0.0177
0.131800,0.0226
0.131825,0.0395
0.131850,0.0709
0.131875,0.1120
0.131900,0.1644
0.131925,0.2297
0.131950,0.3078
0.131975,0.4005
0.132000,0.5045
0.132025,0.6165
0.132050,0.7333
0.132075,0.8631
0.132100,0.9856
0.132125,1.0968
0.132150,1.2007
0.132175,1.2894
0.132200,1.3877
0.132225,1.4812
0.132250,1.5779
0.132275,1.6730
0.132300,1.7689
0.132325,1.8777
0.132350,1.9913
0.132375,2.1089
0.132400,2.2153
0.132425,2.3185
0.132450,2.4136
0.132475,2.5127
0.132500,2.6174
0.132525,2.7141
0.132550,2.8068
0.132575,2.8858
0.132600,2.9599
0.132625,3.0325
0.132650,3.0961
0.132675,3.1493
0.132700,3.1904
0.132725,3.2186
0.132750,3.2371
0.132775,3.2468
0.132800,3.2476
0.132825,3.2388
0.132850,3.2178
0.132875,3.1840
0.132900,3.1412
0.132925,3.0905
0.132950,3.0325
0.132975,2.9648
0.133000,2.8850
0.133025,2.7971
0.133050,2.7061
0.133075,2.6150
0.133100,2.5207
0.133125,2.4176
0.133150,2.3120
0.133175,2.2008
0.133200,2.0968
0.133225,1.9953
0.133250,1.8954
0.133275,1.8019
0.133300,1.6947
0.133325,1.5932
0.133350,1.4860
0.133375,1.3595
0.133400,1.2265
0.133425,1.0944
0.133450,0.9485
0.133475,0.8091
0.133500,0.6834
0.133525,0.5577
0.133550,0.4505
0.133575,0.3562
0.133600,0.2724
0.133625,0.2007
0.133650,0.1402
0.133675,0.0919
0.133700,0.0572
0.133725,0.0338
0.133750,0.0201
0.133775,0.0161
0.133800,0.0218
0.133825,0.0387
0.133850,0.0693
0.133875,0.1112
0.133900,0.1644
0.133925,0.2297
0.133950,0.3078
0.133975,0.3989
0.134000,0.4980
0.134025,0.6149
0.134050,0.7390
0.134075,0.8679
0.134100,1.0009
0.134125,1.1137
0.134150,1.2177
0.134175,1.3176
0.134200,1.3958
0.134225,1.4852
0.134250,1.5779
0.134275,1.6714
0.134300,1.7842
0.134325,1.8833
0.134350,1.9881
0.134375,2.0936
0.134400,2.1992
0.134425,2.3112
0.134450,2.4160
0.134475,2.5232
0.134500,2.6223
0.134525,2.7158
0.134550,2.8068
0.134575,2.8850
0.134600,2.9632
0.134625,3.0349
0.134650,3.0961
0.134675,3.1493
0.134700,3.1896
0.134725,3.2186
0.134750,3.2371
0.134775,3.2476
0.134800,3.2468
0.134825,3.2388
0.134850,3.2178
0.134875,3.1848
0.134900,3.1437
0.134925,3.0913
0.134950,3.0300
0.134975,2.9591
0.135000,2.8801
0.135025,2.7963
0.135050,2.7101
0.135075,2.6247
0.135100,2.5232
0.135125,2.4176
0.135150,2.3112
0.135175,2.2024
0.135200,2.1097
0.135225,1.9985
0.135250,1.8881
0.135275,1.7777
0.135300,1.6714
0.135325,1.5851
0.135350,1.4836
0.135375,1.3643
0.135400,1.2338
0.135425,1.0927
0.135450,0.9493
0.135475,0.8123
0.135500,0.6769
0.135525,0.5544
0.135550,0.4497
0.135575,0.3594
0.135600,0.2772
0.135625,0.2031
0.135650,0.1402
0.135675,0.0911
0.135700,0.0564
0.135725,0.0338
0.135750,0.0210
0.135775,0.0161
0.135800,0.0218
0.135825,0.0387
0.135850,0.0701
0.135875,0.1136
0.135900,0.1668
0.135925,0.2297
0.135950,0.3054
0.135975,0.3933
0.136000,0.4988
0.136025,0.6165
0.136050,0.7390
0.136075,0.8744
0.136100,1.0081
0.136125,1.1121
0.136150,1.2080
0.136175,1.2902
0.136200,1.3684
0.136225,1.4739
0.136250,1.5827
0.136275,1.6947
0.136300,1.7914
0.136325,1.8865
0.136350,1.9881
0.136375,2.0920
0.136400,2.2097
0.136425,2.3160
0.136450,2.4144
0.136475,2.5143
0.136500,2.6110
0.136525,2.7109
0.136550,2.8068
0.136575,2.8906
0.136600,2.9656
0.136625,3.0365
0.136650,3.0969
0.136675,3.1485
0.136700,3.1904
0.136725,3.2186
0.136750,3.2371
0.136775,3.2468
0.136800,3.2468
0.136825,3.2388
0.136850,3.2194
0.136875,3.1864
0.136900,3.1437
0.136925,3.0905
0.136950,3.0308
0.136975,2.9599
0.137000,2.8850
0.137025,2.7971
0.137050,2.7053
0.137075,2.6134
0.137100,2.5111
0.137125,2.4144
0.137150,2.3177
0.137175,2.2185
0.137200,2.1130
0.137225,2.0010
0.137250,1.8881
0.137275,1.7801
0.137300,1.6891
0.137325,1.5900
0.137350,1.4884
0.137375,1.3716
0.137400,1.2314
0.137425,1.0968
0.137450,0.9485
0.137475,0.8002
0.137500,0.6721
0.137525,0.5528
0.137550,0.4513
0.137575,0.3610
0.137600,0.2756
0.137625,0.2015
0.137650,0.1402
0.137675,0.0911
0.137700,0.0572
0.137725,0.0338
0.137750,0.0210
0.137775,0.0169
0.137800,0.0218
0.137825,0.0395
0.137850,0.0701
0.137875,0.1128
0.137900,0.1644
0.137925,0.2297
0.137950,0.3086
0.137975,0.4021
0.138000,0.5053
0.138025,0.6173
0.138050,0.7333
0.138075,0.8631
0.138100,0.9856
0.138125,1.0968
0.138150,1.2007
0.138175,1.2902
0.138200,1.3885
0.138225,1.4812
0.138250,1.5779
0.138275,1.6730
0.138300,1.7689
0.138325,1.8777
0.138350,1.9913
0.138375,2.1089
0.138400,2.2153
0.138425,2.3185
0.138450,2.4144
0.138475,2.5119
0.138500,2.6182
0.138525,2.7133
0.138550,2.8060
0.138575,2.8858
0.138600,2.9591
0.138625,3.0341
0.138650,3.0969
0.138675,3.1509
0.138700,3.1912
0.138725,3.2186
0.138750,3.2363
0.138775,3.2460
0.138800,3.2468
0.138825,3.2388
0.138850,3.2178
0.138875,3.1840
0.138900,3.1412
0.138925,3.0905
0.138950,3.0333
0.138975,2.9648
0.139000,2.8858
0.139025,2.7971
0.139050,2.7061
0.139075,2.6150
0.139100,2.5207
0.139125,2.4168
0.139150,2.3120
0.139175,2.2008
0.139200,2.0968
0.139225,1.9953
0.139250,1.8954
0.139275,1.8019
0.139300,1.6947
0.139325,1.5932
0.139350,1.4860
0.139375,1.3587
0.139400,1.2257
0.139425,1.0944
0.139450,0.9477
0.139475,0.8099
0.139500,0.6834
0.139525,0.5577
0.139550,0.4505
0.139575,0.3562
0.139600,0.2732
0.139625,0.2007
0.139650,0.1402
0.139675,0.0919
0.139700,0.0572
0.139725,0.0338
0.139750,0.0210
0.139775,0.0161
0.139800,0.0218
0.139825,0.0395
0.139850,0.0693
0.139875,0.1112
0.139900,0.1644
0.139925,0.2297
0.139950,0.3070
0.139975,0.3981
0.140000,0.4980
0.140025,0.6157
0.140050,0.7398
0.140075,0.8679
0.140100,1.0009
0.140125,1.1137
0.140150,1.2177
0.140175,1.3176
0.140200,1.3966
0.140225,1.4852
0.140250,1.5779
0.140275,1.6722
0.140300,1.7842
0.140325,1.8833
0.140350,1.9889
0.140375,2.0944
0.140400,2.1992
0.140425,2.3120
0.140450,2.4168
0.140475,2.5240
0.140500,2.6231
0.140525,2.7166
0.140550,2.8068
0.140575,2.8850
0.140600,2.9632
0.140625,3.0349
0.140650,3.0969
0.140675,3.1493
0.140700,3.1888
0.140725,3.2186
0.140750,3.2363
0.140775,3.2460
0.140800,3.2468
0.140825,3.2371
0.140850,3.2178
0.140875,3.1840
0.140900,3.1437
0.140925,3.0913
0.140950,3.0300
0.140975,2.9575
0.141000,2.8785
0.141025,2.7947
0.141050,2.7085
0.141075,2.6247
0.141100,2.5223
0.141125,2.4176
0.141150,2.3120
0.141175,2.2032
0.141200,2.1105
0.141225,1.9993
0.141250,1.8881
0.141275,1.7777
0.141300,1.6722
0.141325,1.5851
0.141350,1.4836
0.141375,1.3643
0.141400,1.2338
0.141425,1.0927
0.141450,0.9485
0.141475,0.8123
0.141500,0.6761
0.141525,0.5544
0.141550,0.4497
0.141575,0.3586
0.141600,0.2772
0.141625,0.2031
0.141650,0.1410
0.141675,0.0919
0.141700,0.0572
0.141725,0.0338
0.141750,0.0210
0.141775,0.0161
0.141800,0.0218
0.141825,0.0387
0.141850,0.0701
0.141875,0.1136
0.141900,0.1668
0.141925,0.2297
0.141950,0.3046
0.141975,0.3925
0.142000,0.4980
0.142025,0.6157
0.142050,0.7382
0.142075,0.8744
0.142100,1.0089
0.142125,1.1121
0.142150,1.2088
0.142175,1.2910
0.142200,1.3684
0.142225,1.4739
0.142250,1.5827
0.142275,1.6939
0.142300,1.7914
0.142325,1.8865
0.142350,1.9889
0.142375,2.0928
0.142400,2.2105
0.142425,2.3168
0.142450,2.4160
0.142475,2.5151
0.142500,2.6118
0.142525,2.7117
0.142550,2.8060
0.142575,2.8906
0.142600,2.9648
0.142625,3.0365
0.142650,3.0969
0.142675,3.1485
0.142700,3.1904
0.142725,3.2186
0.142750,3.2371
0.142775,3.2468
0.142800,3.2468
0.142825,3.2388
0.142850,3.2186
0.142875,3.1856
0.142900,3.1421
0.142925,3.0905
0.142950,3.0308
0.142975,2.9607
0.143000,2.8858
0.143025,2.7979
0.143050,2.7061
0.143075,2.6134
0.143100,2.5119
0.143125,2.4152
0.143150,2.3177
0.143175,2.2201
0.143200,2.1146
0.143225,2.0018
0.143250,1.8889
0.143275,1.7801
0.143300,1.6891
0.143325,1.5900
0.143350,1.4876
0.143375,1.3716
0.143400,1.2314
0.143425,1.0968
0.143450,0.9485
0.143475,0.8002
0.143500,0.6721
0.143525,0.5528
0.143550,0.4505
0.143575,0.3610
0.143600,0.2748
0.143625,0.2007
0.143650,0.1394
0.143675,0.0911
0.143700,0.0572
0.143725,0.0338
0.143750,0.0210
0.143775,0.0161
0.143800,0.0218
0.143825,0.0395
0.143850,0.0693
0.143875,0.1120
0.143900,0.1644
0.143925,0.2289
0.143950,0.3078
0.143975,0.4005
0.144000,0.5053
0.144025,0.6165
0.144050,0.7325
0.144075,0.8631
0.144100,0.9864
0.144125,1.0984
0.144150,1.2023
0.144175,1.2918
0.144200,1.3885
0.144225,1.4812
0.144250,1.5779
0.144275,1.6722
0.144300,1.7689
0.144325,1.8768
0.144350,1.9905
0.144375,2.1089
0.144400,2.2153
0.144425,2.3193
0.144450,2.4144
0.144475,2.5127
0.144500,2.6174
0.144525,2.7141
0.144550,2.8068
0.144575,2.8866
0.144600,2.9599
0.144625,3.0341
0.144650,3.0969
0.144675,3.1501
0.144700,3.1912
0.144725,3.2194
0.144750,3.2371
0.144775,3.2460
0.144800,3.2468
0.144825,3.2379
0.144850,3.2170
0.144875,3.1832
0.144900,3.1412
0.144925,3.0905
0.144950,3.0325
0.144975,2.9648
0.145000,2.8842
0.145025,2.7971
0.145050,2.7053
0.145075,2.6142
0.145100,2.5207
0.145125,2.4168
0.145150,2.3120
0.145175,2.2016
0.145200,2.0977
0.145225,1.9961
0.145250,1.8954
0.145275,1.8011
0.145300,1.6939
0.145325,1.5916
0.145350,1.4860
0.145375,1.3587
0.145400,1.2265
0.145425,1.0944
0.145450,0.9477
0.145475,0.8107
0.145500,0.6834
0.145525,0.5577
0.145550,0.4513
0.145575,0.3562
0.145600,0.2732
0.145625,0.2007
0.145650,0.1394
0.145675,0.0919
0.145700,0.0572
0.145725,0.0338
0.145750,0.0210
0.145775,0.0161
0.145800,0.0218
0.145825,0.0387
0.145850,0.0693
0.145875,0.1112
0.145900,0.1652
0.145925,0.2297
0.145950,0.3078
0.145975,0.3989
0.146000,0.4980
0.146025,0.6157
0.146050,0.7390
0.146075,0.8679
0.146100,0.9985
0.146125,1.1121
0.146150,1.2152
0.146175,1.3160
0.146200,1.3958
0.146225,1.4852
0.146250,1.5779
0.146275,1.6714
0.146300,1.7842
0.146325,1.8841
0.146350,1.9889
0.146375,2.0944
0.146400,2.1992
0.146425,2.3120
0.146450,2.4160
0.146475,2.5232
0.146500,2.6215
0.146525,2.7149
0.146550,2.8060
0.146575,2.8842
0.146600,2.9623
0.146625,3.0349
0.146650,3.0969
0.146675,3.1493
0.146700,3.1896
0.146725,3.2178
0.146750,3.2371
0.146775,3.2468
0.146800,3.2468
0.146825,3.2379
0.146850,3.2178
0.146875,3.1840
0.146900,3.1429
0.146925,3.0905
0.146950,3.0300
0.146975,2.9575
0.147000,2.8785
0.147025,2.7947
0.147050,2.7085
0.147075,2.6255
0.147100,2.5223
0.147125,2.4184
0.147150,2.3120
0.147175,2.2024
0.147200,2.1105
0.147225,1.9985
0.147250,1.8881
0.147275,1.7785
0.147300,1.6722
0.147325,1.5851
0.147350,1.4836
0.147375,1.3635
0.147400,1.2338
0.147425,1.0927
0.147450,0.9493
0.147475,0.8123
0.147500,0.6769
0.147525,0.5544
0.147550,0.4505
0.147575,0.3594
0.147600,0.2772
0.147625,0.2031
0.147650,0.1410
0.147675,0.0919
0.147700,0.0572
0.147725,0.0338
0.147750,0.0210
0.147775,0.0161
0.147800,0.0218
0.147825,0.0387
0.147850,0.0701
0.147875,0.1144
0.147900,0.1668
0.147925,0.2297
0.147950,0.3046
0.147975,0.3925
0.148000,0.4980
0.148025,0.6149
0.148050,0.7382
0.148075,0.8744
0.148100,1.0089
0.148125,1.1129
0.148150,1.2096
0.148175,1.2910
0.148200,1.3692
0.148225,1.4739
0.148250,1.5827
0.148275,1.6939
0.148300,1.7914
0.148325,1.8865
0.148350,1.9881
0.148375,2.0928
0.148400,2.2105
0.148425,2.3168
0.148450,2.4144
0.148475,2.5143
0.148500,2.6110
0.148525,2.7109
0.148550,2.8068
0.148575,2.8906
0.148600,2.9656
0.148625,3.0365
0.148650,3.0969
0.148675,3.1485
0.148700,3.1904
0.148725,3.2186
0.148750,3.2371
0.148775,3.2468
0.148800,3.2468
0.148825,3.2396
0.148850,3.2194
0.148875,3.1872
0.148900,3.1429
0.148925,3.0905
0.148950,3.0300
0.148975,2.9599
0.149000,2.8850
0.149025,2.7971
0.149050,2.7053
0.149075,2.6126
0.149100,2.5119
0.149125,2.4144
0.149150,2.3177
0.149175,2.2185
0.149200,2.1138
0.149225,2.0001
0.149250,1.8889
0.149275,1.7801
0.149300,1.6891
0.149325,1.5900
0.149350,1.4876
0.149375,1.3716
0.149400,1.2314
0.149425,1.0968
0.149450,0.9485
0.149475,0.8002
0.149500,0.6721
0.149525,0.5528
0.149550,0.4505
0.149575,0.3610
0.149600,0.2748
0.149625,0.2015
0.149650,0.1402
0.149675,0.0919
0.149700,0.0572
0.149725,0.0347
0.149750,0.0210
0.149775,0.0169
0.149800,0.0218
0.149825,0.0395
0.149850,0.0701
0.149875,0.1128
0.149900,0.1644
0.149925,0.2297
0.149950,0.3078
0.149975,0.3997
0.150000,0.4948
0.150025,0.4601
0.150050,0.4392
0.150075,0.3699
0.150100,0.2764
0.150125,0.2023
0.150150,0.1402
0.150175,0.0919
0.150200,0.0572
0.150225,0.0347
0.150250,0.0210
0.150275,0.0169
0.150300,0.0218
0.150325,0.0395
0.150350,0.0701
0.150375,0.1136
0.150400,0.1660
0.150425,0.2289
0.150450,0.3046
0.150475,0.3989
0.150500,0.5053
0.150525,0.6229
0.150550,0.7454
0.150575,0.8744
0.150600,0.9872
0.150625,1.0903
0.150650,1.1870
0.150675,1.2692
0.150700,1.3684
0.150725,1.4739
0.150750,1.5827
0.150775,1.6794
0.150800,1.7761
0.150825,1.8712
0.150850,1.9719
0.150875,2.0920
0.150900,2.2000
0.150925,2.3056
0.150950,2.4047
0.150975,2.5038
0.151000,2.6110
0.151025,2.7117
0.151050,2.8068
0.151075,2.8874
0.151100,2.9623
0.151125,3.0325
0.151150,3.0937
0.151175,3.1477
0.151200,3.1896
0.151225,3.2186
0.151250,3.2355
0.151275,3.2460
0.151300,3.2460
0.151325,3.2379
0.151350,3.2186
0.151375,3.1840
0.151400,3.1404
0.151425,3.0881
0.151450,3.0284
0.151475,2.9591
0.151500,2.8785
0.151525,2.7899
0.151550,2.6988
0.151575,2.6070
0.151600,2.5119
0.151625,2.4160
0.151650,2.3177
0.151675,2.2056
0.151700,2.0993
0.151725,1.9864
0.151750,1.8744
0.151775,1.7801
0.151800,1.6714
0.151825,1.5714
0.151850,1.4699
0.151875,1.3530
0.151900,1.2314
0.151925,1.0968
0.151950,0.9477
0.151975,0.8067
0.152000,0.6785
0.152025,0.5593
0.152050,0.4577
0.152075,0.3610
0.152100,0.2764
0.152125,0.2023
0.152150,0.1410
0.152175,0.0927
0.152200,0.0572
0.152225,0.0338
0.152250,0.0201
0.152275,0.0161
0.152300,0.0226
0.152325,0.0395
0.152350,0.0709
0.152375,0.1128
0.152400,0.1676
0.152425,0.2321
0.152450,0.3111
0.152475,0.4029
0.152500,0.5045
0.152525,0.6157
0.152550,0.7325
0.152575,0.8510
0.152600,0.9743
0.152625,1.0855
0.152650,1.1895
0.152675,1.2902
0.152700,1.3700
0.152725,1.4626
0.152750,1.5593
0.152775,1.6544
0.152800,1.7689
0.152825,1.8777
0.152850,1.9905
0.152875,2.0977
0.152900,2.2040
0.152925,2.3072
0.152950,2.4031
0.152975,2.5127
0.153000,2.6134
0.153025,2.7085
0.153050,2.8012
0.153075,2.8801
0.153100,2.9599
0.153125,3.0333
0.153150,3.0961
0.153175,3.1493
0.153200,3.1896
0.153225,3.2178
0.153250,3.2363
0.153275,3.2460
0.153300,3.2468
0.153325,3.2371
0.153350,3.2162
0.153375,3.1832
0.153400,3.1412
0.153425,3.0905
0.153450,3.0325
0.153475,2.9599
0.153500,2.8793
0.153525,2.7915
0.153550,2.7004
0.153575,2.6150
0.153600,2.5103
0.153625,2.4071
0.153650,2.3023
0.153675,2.1911
0.153700,2.0977
0.153725,1.9969
0.153750,1.8962
0.153775,1.7850
0.153800,1.6770
0.153825,1.5755
0.153850,1.4691
0.153875,1.3595
0.153900,1.2394
0.153925,1.1056
0.153950,0.9598
0.153975,0.8212
0.154000,0.6834
0.154025,0.5577
0.154050,0.4513
0.154075,0.3586
0.154100,0.2748
0.154125,0.2031
0.154150,0.1418
0.154175,0.0927
0.154200,0.0580
0.154225,0.0338
0.154250,0.0210
0.154275,0.0161
0.154300,0.0218
0.154325,0.0387
0.154350,0.0693
0.154375,0.1136
0.154400,0.1668
0.154425,0.2313
0.154450,0.3095
0.154475,0.3981
0.154500,0.5061
0.154525,0.6237
0.154550,0.7478
0.154575,0.8768
0.154600,1.0009
0.154625,1.1137
0.154650,1.2177
0.154675,1.2974
0.154700,1.3764
0.154725,1.4659
0.154750,1.5585
0.154775,1.6722
0.154800,1.7697
0.154825,1.8696
0.154850,1.9736
0.154875,2.0799
0.154900,2.1992
0.154925,2.3112
0.154950,2.4168
0.154975,2.5167
0.155000,2.6158
0.155025,2.7093
0.155050,2.7996
0.155075,2.8850
0.155100,2.9607
0.155125,3.0333
0.155150,3.0945
0.155175,3.1477
0.155200,3.1896
0.155225,3.2178
0.155250,3.2371
0.155275,3.2460
0.155300,3.2468
0.155325,3.2371
0.155350,3.2162
0.155375,3.1848
0.155400,3.1396
0.155425,3.0881
0.155450,3.0268
0.155475,2.9551
0.155500,2.8793
0.155525,2.7955
0.155550,2.7093
0.155575,2.6158
0.155600,2.5135
0.155625,2.4087
0.155650,2.3032
0.155675,2.2024
0.155700,2.0960
0.155725,1.9840
0.155750,1.8728
0.155775,1.7640
0.155800,1.6714
0.155825,1.5851
0.155850,1.4844
0.155875,1.3764
0.155900,1.2467
0.155925,1.1056
0.155950,0.9614
0.155975,0.8131
0.156000,0.6826
0.156025,0.5609
0.156050,0.4561
0.156075,0.3651
0.156100,0.2772
0.156125,0.2039
0.156150,0.1410
0.156175,0.0927
0.156200,0.0572
0.156225,0.0338
0.156250,0.0201
0.156275,0.0161
0.156300,0.0218
0.156325,0.0395
0.156350,0.0709
0.156375,0.1144
0.156400,0.1668
0.156425,0.2305
0.156450,0.3054
0.156475,0.3989
0.156500,0.5053
0.156525,0.6213
0.156550,0.7454
0.156575,0.8744
0.156600,0.9864
0.156625,1.0911
0.156650,1.1870
0.156675,1.2692
0.156700,1.3684
0.156725,1.4739
0.156750,1.5827
0.156775,1.6778
0.156800,1.7761
0.156825,1.8712
0.156850,1.9727
0.156875,2.0936
0.156900,2.2000
0.156925,2.3072
0.156950,2.4047
0.156975,2.5038
0.157000,2.6118
0.157025,2.7117
0.157050,2.8076
0.157075,2.8882
0.157100,2.9623
0.157125,3.0341
0.157150,3.0937
0.157175,3.1485
0.157200,3.1896
0.157225,3.2170
0.157250,3.2363
0.157275,3.2444
0.157300,3.2460
0.157325,3.2388
0.157350,3.2178
0.157375,3.1840
0.157400,3.1396
0.157425,3.0881
0.157450,3.0284
0.157475,2.9591
0.157500,2.8785
0.157525,2.7899
0.157550,2.6988
0.157575,2.6062
0.157600,2.5111
0.157625,2.4144
0.157650,2.3177
0.157675,2.2048
0.157700,2.1001
0.157725,1.9873
0.157750,1.8752
0.157775,1.7801
0.157800,1.6714
0.157825,1.5714
0.157850,1.4691
0.157875,1.3530
0.157900,1.2314
0.157925,1.0968
0.157950,0.9485
0.157975,0.8067
0.158000,0.6785
0.158025,0.5593
0.158050,0.4577
0.158075,0.3610
0.158100,0.2764
0.158125,0.2023
0.158150,0.1410
0.158175,0.0927
0.158200,0.0572
0.158225,0.0338
0.158250,0.0210
0.158275,0.0161
0.158300,0.0218
0.158325,0.0395
0.158350,0.0701
0.158375,0.1128
0.158400,0.1676
0.158425,0.2329
0.158450,0.3111
0.158475,0.4037
0.158500,0.5045
0.158525,0.6165
0.158550,0.7325
0.158575,0.8518
0.158600,0.9743
0.158625,1.0855
0.158650,1.1895
0.158675,1.2902
0.158700,1.3700
0.158725,1.4626
0.158750,1.5593
0.158775,1.6544
0.158800,1.7689
0.158825,1.8768
0.158850,1.9913
0.158875,2.0985
0.158900,2.2056
0.158925,2.3080
0.158950,2.4039
0.158975,2.5127
0.159000,2.6126
0.159025,2.7085
0.159050,2.8004
0.159075,2.8801
0.159100,2.9591
0.159125,3.0333
0.159150,3.0961
0.159175,3.1493
0.159200,3.1896
0.159225,3.2186
0.159250,3.2363
0.159275,3.2476
0.159300,3.2460
0.159325,3.2379
0.159350,3.2162
0.159375,3.1823
0.159400,3.1404
0.159425,3.0889
0.159450,3.0316
0.159475,2.9591
0.159500,2.8793
0.159525,2.7923
0.159550,2.7004
0.159575,2.6142
0.159600,2.5103
0.159625,2.4063
0.159650,2.3015
0.159675,2.1903
0.159700,2.0968
0.159725,1.9953
0.159750,1.8954
0.159775,1.7834
0.159800,1.6762
0.159825,1.5747
0.159850,1.4683
0.159875,1.3595
0.159900,1.2386
0.159925,1.1064
0.159950,0.9598
0.159975,0.8212
0.160000,0.6834
0.160025,0.5577
0.160050,0.4505
0.160075,0.3578
0.160100,0.2748
0.160125,0.2023
0.160150,0.1418
0.160175,0.0919
0.160200,0.0572
0.160225,0.0338
0.160250,0.0210
0.160275,0.0169
0.160300,0.0218
0.160325,0.0395
0.160350,0.0693
0.160375,0.1128
0.160400,0.1676
0.160425,0.2313
0.160450,0.3103
0.160475,0.3981
0.160500,0.5061
0.160525,0.6245
0.160550,0.7478
0.160575,0.8776
0.160600,1.0009
0.160625,1.1137
0.160650,1.2177
0.160675,1.2982
0.160700,1.3764
0.160725,1.4651
0.160750,1.5585
0.160775,1.6722
0.160800,1.7705
0.160825,1.8688
0.160850,1.9744
0.160875,2.0799
0.160900,2.1992
0.160925,2.3120
0.160950,2.4160
0.160975,2.5167
0.161000,2.6158
0.161025,2.7093
0.161050,2.8004
0.161075,2.8858
0.161100,2.9607
0.161125,3.0333
0.161150,3.0937
0.161175,3.1469
0.161200,3.1888
0.161225,3.2178
0.161250,3.2371
0.161275,3.2460
0.161300,3.2468
0.161325,3.2379
0.161350,3.2170
0.161375,3.1848
0.161400,3.1404
0.161425,3.0873
0.161450,3.0268
0.161475,2.9551
0.161500,2.8785
0.161525,2.7955
0.161550,2.7093
0.161575,2.6150
0.161600,2.5127
0.161625,2.4079
0.161650,2.3023
0.161675,2.2024
0.161700,2.0952
0.161725,1.9840
0.161750,1.8736
0.161775,1.7640
0.161800,1.6722
0.161825,1.5851
0.161850,1.4836
0.161875,1.3764
0.161900,1.2459
0.161925,1.1056
0.161950,0.9606
0.161975,0.8123
0.162000,0.6818
0.162025,0.5593
0.162050,0.4553
0.162075,0.3642
0.162100,0.2772
0.162125,0.2023
0.162150,0.1402
0.162175,0.0911
0.162200,0.0564
0.162225,0.0338
0.162250,0.0201
0.162275,0.0161
0.162300,0.0218
0.162325,0.0395
0.162350,0.0701
0.162375,0.1144
0.162400,0.1660
0.162425,0.2297
0.162450,0.3054
0.162475,0.3989
0.162500,0.5053
0.162525,0.6221
0.162550,0.7454
0.162575,0.8744
0.162600,0.9872
0.162625,1.0903
0.162650,1.1870
0.162675,1.2684
0.162700,1.3684
0.162725,1.4739
0.162750,1.5819
0.162775,1.6786
0.162800,1.7753
0.162825,1.8712
0.162850,1.9727
0.162875,2.0920
0.162900,2.2008
0.162925,2.3064
0.162950,2.4047
0.162975,2.5046
0.163000,2.6110
0.163025,2.7109
0.163050,2.8068
0.163075,2.8882
0.163100,2.9632
0.163125,3.0333
0.163150,3.0937
0.163175,3.1485
0.163200,3.1888
0.163225,3.2178
0.163250,3.2363
0.163275,3.2452
0.163300,3.2468
0.163325,3.2379
0.163350,3.2186
0.163375,3.1848
0.163400,3.1404
0.163425,3.0889
0.163450,3.0284
0.163475,2.9599
0.163500,2.8785
0.163525,2.7899
0.163550,2.6996
0.163575,2.6062
0.163600,2.5119
0.163625,2.4160
0.163650,2.3177
0.163675,2.2056
0.163700,2.0993
0.163725,1.9864
0.163750,1.8736
0.163775,1.7785
0.163800,1.6705
0.163825,1.5714
0.163850,1.4699
0.163875,1.3538
0.163900,1.2314
0.163925,1.0968
0.163950,0.9477
0.163975,0.8067
0.164000,0.6785
0.164025,0.5593
0.164050,0.4569
0.164075,0.3602
0.164100,0.2764
0.164125,0.2023
0.164150,0.1418
0.164175,0.0943
0.164200,0.0580
0.164225,0.0355
0.164250,0.0218
0.164275,0.0169
0.164300,0.0226
0.164325,0.0395
0.164350,0.0701
0.164375,0.1128
0.164400,0.1676
0.164425,0.2321
0.164450,0.3111
0.164475,0.4037
0.164500,0.5045
0.164525,0.6165
0.164550,0.7333
0.164575,0.8518
0.164600,0.9759
0.164625,1.0855
0.164650,1.1895
0.164675,1.2902
0.164700,1.3692
0.164725,1.4626
0.164750,1.5593
0.164775,1.6544
0.164800,1.7689
0.164825,1.8777
0.164850,1.9921
0.164875,2.0985
0.164900,2.2048
0.164925,2.3080
0.164950,2.4031
0.164975,2.5127
0.165000,2.6126
0.165025,2.7085
0.165050,2.8004
0.165075,2.8801
0.165100,2.9599
0.165125,3.0325
0.165150,3.0969
0.165175,3.1493
0.165200,3.1896
0.165225,3.2178
0.165250,3.2355
0.165275,3.2460
0.165300,3.2468
0.165325,3.2379
0.165350,3.2170
0.165375,3.1832
0.165400,3.1412
0.165425,3.0905
0.165450,3.0325
0.165475,2.9599
0.165500,2.8793
0.165525,2.7923
0.165550,2.7004
0.165575,2.6150
0.165600,2.5103
0.165625,2.4063
0.165650,2.3015
0.165675,2.1903
0.165700,2.0968
0.165725,1.9953
0.165750,1.8946
0.165775,1.7842
0.165800,1.6770
0.165825,1.5747
0.165850,1.4683
0.165875,1.3587
0.165900,1.2386
0.165925,1.1056
0.165950,0.9598
0.165975,0.8212
0.166000,0.6834
0.166025,0.5577
0.166050,0.4513
0.166075,0.3586
0.166100,0.2756
0.166125,0.2031
0.166150,0.1426
0.166175,0.0927
0.166200,0.0572
0.166225,0.0338
0.166250,0.0201
0.166275,0.0169
0.166300,0.0218
0.166325,0.0395
0.166350,0.0693
0.166375,0.1128
0.166400,0.1660
0.166425,0.2313
0.166450,0.3095
0.166475,0.3981
0.166500,0.5077
0.166525,0.6245
0.166550,0.7486
0.166575,0.8768
0.166600,1.0001
0.166625,1.1129
0.166650,1.2177
0.166675,1.2982
0.166700,1.3764
0.166725,1.4659
0.166750,1.5585
0.166775,1.6714
0.166800,1.7697
0.166825,1.8688
0.166850,1.9736
0.166875,2.0791
0.166900,2.1992
0.166925,2.3120
0.166950,2.4168
0.166975,2.5175
0.167000,2.6158
0.167025,2.7101
0.167050,2.8004
0.167075,2.8850
0.167100,2.9607
0.167125,3.0325
0.167150,3.0945
0.167175,3.1461
0.167200,3.1888
0.167225,3.2186
0.167250,3.2371
0.167275,3.2468
0.167300,3.2460
0.167325,3.2371
0.167350,3.2162
0.167375,3.1832
0.167400,3.1396
0.167425,3.0864
0.167450,3.0268
0.167475,2.9559
0.167500,2.8793
0.167525,2.7955
0.167550,2.7093
0.167575,2.6150
0.167600,2.5127
0.167625,2.4087
0.167650,2.3032
0.167675,2.2032
0.167700,2.0968
0.167725,1.9848
0.167750,1.8744
0.167775,1.7640
0.167800,1.6730
0.167825,1.5851
0.167850,1.4836
0.167875,1.3764
0.167900,1.2459
0.167925,1.1048
0.167950,0.9614
0.167975,0.8123
0.168000,0.6818
0.168025,0.5601
0.168050,0.4553
0.168075,0.3651
0.168100,0.2772
0.168125,0.2023
0.168150,0.1402
0.168175,0.0919
0.168200,0.0572
0.168225,0.0338
0.168250,0.0210
0.168275,0.0169
0.168300,0.0218
0.168325,0.0395
0.168350,0.0709
0.168375,0.1144
0.168400,0.1668
0.168425,0.2297
0.168450,0.3054
0.168475,0.3997
0.168500,0.5053
0.168525,0.6221
0.168550,0.7454
0.168575,0.8744
0.168600,0.9872
0.168625,1.0911
0.168650,1.1878
0.168675,1.2700
0.168700,1.3684
0.168725,1.4739
0.168750,1.5827
0.168775,1.6786
0.168800,1.7761
0.168825,1.8712
0.168850,1.9736
0.168875,2.0928
0.168900,2.2008
0.168925,2.3064
0.168950,2.4047
0.168975,2.5038
0.169000,2.6110
0.169025,2.7117
0.169050,2.8068
0.169075,2.8882
0.169100,2.9615
0.169125,3.0325
0.169150,3.0929
0.169175,3.1477
0.169200,3.1896
0.169225,3.2178
0.169250,3.2363
0.169275,3.2452
0.169300,3.2460
0.169325,3.2379
0.169350,3.2186
0.169375,3.1840
0.169400,3.1412
0.169425,3.0889
0.169450,3.0284
0.169475,2.9599
0.169500,2.8785
0.169525,2.7907
0.169550,2.6988
0.169575,2.6070
0.169600,2.5119
0.169625,2.4160
0.169650,2.3185
0.169675,2.2056
0.169700,2.1009
0.169725,1.9873
0.169750,1.8752
0.169775,1.7801
0.169800,1.6705
0.169825,1.5714
0.169850,1.4691
0.169875,1.3530
0.169900,1.2314
0.169925,1.0968
0.169950,0.9477
0.169975,0.8075
0.170000,0.6777
0.170025,0.5593
0.170050,0.4569
0.170075,0.3602
0.170100,0.2756
0.170125,0.2023
0.170150,0.1418
0.170175,0.0927
0.170200,0.0572
0.170225,0.0338
0.170250,0.0210
0.170275,0.0161
0.170300,0.0218
0.170325,0.0395
0.170350,0.0693
0.170375,0.1128
0.170400,0.1668
0.170425,0.2321
0.170450,0.3119
0.170475,0.4037
0.170500,0.5053
0.170525,0.6165
0.170550,0.7333
0.170575,0.8518
0.170600,0.9743
0.170625,1.0855
0.170650,1.1886
0.170675,1.2902
0.170700,1.3700
0.170725,1.4618
0.170750,1.5601
0.170775,1.6536
0.170800,1.7681
0.170825,1.8768
0.170850,1.9897
0.170875,2.0985
0.170900,2.2048
0.170925,2.3072
0.170950,2.4039
0.170975,2.5119
0.171000,2.6126
0.171025,2.7093
0.171050,2.8004
0.171075,2.8810
0.171100,2.9591
0.171125,3.0333
0.171150,3.0961
0.171175,3.1493
0.171200,3.1904
0.171225,3.2186
0.171250,3.2363
0.171275,3.2460
0.171300,3.2468
0.171325,3.2371
0.171350,3.2170
0.171375,3.1832
0.171400,3.1404
0.171425,3.0905
0.171450,3.0325
0.171475,2.9599
0.171500,2.8801
0.171525,2.7923
0.171550,2.7004
0.171575,2.6150
0.171600,2.5103
0.171625,2.4063
0.171650,2.3015
0.171675,2.1903
0.171700,2.0977
0.171725,1.9953
0.171750,1.8954
0.171775,1.7834
0.171800,1.6762
0.171825,1.5755
0.171850,1.4691
0.171875,1.3603
0.171900,1.2394
0.171925,1.1064
0.171950,0.9598
0.171975,0.8212
0.172000,0.6834
0.172025,0.5585
0.172050,0.4505
0.172075,0.3586
0.172100,0.2756
0.172125,0.2031
0.172150,0.1418
0.172175,0.0919
0.172200,0.0572
0.172225,0.0338
0.172250,0.0210
0.172275,0.0161
0.172300,0.0218
0.172325,0.0395
0.172350,0.0693
0.172375,0.1144
0.172400,0.1676
0.172425,0.2321
0.172450,0.3103
0.172475,0.3989
0.172500,0.5069
0.172525,0.6245
0.172550,0.7478
0.172575,0.8760
0.172600,1.0009
0.172625,1.1137
0.172650,1.2177
0.172675,1.2982
0.172700,1.3772
0.172725,1.4651
0.172750,1.5593
0.172775,1.6722
0.172800,1.7697
0.172825,1.8688
0.172850,1.9727
0.172875,2.0799
0.172900,2.1984
0.172925,2.3120
0.172950,2.4168
0.172975,2.5167
0.173000,2.6158
0.173025,2.7085
0.173050,2.7996
0.173075,2.8842
0.173100,2.9607
0.173125,3.0325
0.173150,3.0945
0.173175,3.1469
0.173200,3.1888
0.173225,3.2186
0.173250,3.2371
0.173275,3.2468
0.173300,3.2460
0.173325,3.2371
0.173350,3.2162
0.173375,3.1832
0.173400,3.1396
0.173425,3.0864
0.173450,3.0260
0.173475,2.9551
0.173500,2.8793
0.173525,2.7955
0.173550,2.7101
0.173575,2.6158
0.173600,2.5135
0.173625,2.4087
0.173650,2.3032
0.173675,2.2024
0.173700,2.0960
0.173725,1.9840
0.173750,1.8728
0.173775,1.7632
0.173800,1.6722
0.173825,1.5851
0.173850,1.4836
0.173875,1.3764
0.173900,1.2459
0.173925,1.1056
0.173950,0.9606
0.173975,0.8123
0.174000,0.6818
0.174025,0.5601
0.174050,0.4561
0.174075,0.3642
0.174100,0.2772
0.174125,0.2031
0.174150,0.1402
0.174175,0.0919
0.174200,0.0572
0.174225,0.0338
0.174250,0.0210
0.174275,0.0161
0.174300,0.0218
0.174325,0.0387
0.174350,0.0701
0.174375,0.1136
0.174400,0.1660
0.174425,0.2297
0.174450,0.3046
0.174475,0.3997
0.174500,0.5053
0.174525,0.6221
0.174550,0.7454
0.174575,0.8736
0.174600,0.9872
0.174625,1.0903
0.174650,1.1878
0.174675,1.2692
0.174700,1.3684
0.174725,1.4739
0.174750,1.5819
0.174775,1.6786
0.174800,1.7753
0.174825,1.8712
0.174850,1.9719
0.174875,2.0928
0.174900,2.2000
0.174925,2.3064
0.174950,2.4047
0.174975,2.5038
0.175000,0.5335
0.175025,0.6076
0.175050,0.7535
0.175075,0.8873
0.175100,1.0025
0.175125,1.1210
0.175150,1.2281
0.175175,1.3079
0.175200,1.3861
0.175225,1.4747
0.175250,1.5674
0.175275,1.6770
0.175300,1.7898
0.175325,1.8857
0.175350,1.9881
0.175375,2.0936
0.175400,2.1984
0.175425,2.3120
0.175450,2.4160
0.175475,2.5240
0.175500,2.6223
0.175525,2.7158
0.175550,2.8068
0.175575,2.8858
0.175600,2.9640
0.175625,3.0357
0.175650,3.0977
0.175675,3.1501
0.175700,3.1896
0.175725,3.2194
0.175750,3.2371
0.175775,3.2460
0.175800,3.2468
0.175825,3.2371
0.175850,3.2178
0.175875,3.1840
0.175900,3.1421
0.175925,3.0897
0.175950,3.0284
0.175975,2.9575
0.176000,2.8785
0.176025,2.7955
0.176050,2.7093
0.176075,2.6247
0.176100,2.5223
0.176125,2.4184
0.176150,2.3128
0.176175,2.2024
0.176200,2.1105
0.176225,1.9977
0.176250,1.8873
0.176275,1.7785
0.176300,1.6722
0.176325,1.5851
0.176350,1.4836
0.176375,1.3635
0.176400,1.2338
0.176425,1.0936
0.176450,0.9485
0.176475,0.8131
0.176500,0.6769
0.176525,0.5552
0.176550,0.4505
0.176575,0.3594
0.176600,0.2772
0.176625,0.2023
0.176650,0.1402
0.176675,0.0911
0.176700,0.0564
0.176725,0.0330
0.176750,0.0201
0.176775,0.0153
0.176800,0.0210
0.176825,0.0387
0.176850,0.0701
0.176875,0.1136
0.176900,0.1668
0.176925,0.2297
0.176950,0.3054
0.176975,0.3925
0.177000,0.4988
0.177025,0.6157
0.177050,0.7382
0.177075,0.8744
0.177100,1.0081
0.177125,1.1121
0.177150,1.2088
0.177175,1.2910
0.177200,1.3684
0.177225,1.4739
0.177250,1.5827
0.177275,1.6939
0.177300,1.7914
0.177325,1.8857
0.177350,1.9864
0.177375,2.0912
0.177400,2.2081
0.177425,2.3160
0.177450,2.4144
0.177475,2.5143
0.177500,2.6110
0.177525,2.7109
0.177550,2.8068
0.177575,2.8906
0.177600,2.9664
0.177625,3.0373
0.177650,3.0969
0.177675,3.1485
0.177700,3.1896
0.177725,3.2186
0.177750,3.2363
0.177775,3.2460
0.177800,3.2460
0.177825,3.2379
0.177850,3.2178
0.177875,3.1864
0.177900,3.1429
0.177925,3.0905
0.177950,3.0308
0.177975,2.9591
0.178000,2.8850
0.178025,2.7963
0.178050,2.7053
0.178075,2.6134
0.178100,2.5119
0.178125,2.4160
0.178150,2.3177
0.178175,2.2201
0.178200,2.1138
0.178225,2.0010
0.178250,1.8881
0.178275,1.7801
0.178300,1.6899
0.178325,1.5900
0.178350,1.4884
0.178375,1.3716
0.178400,1.2314
0.178425,1.0968
0.178450,0.9485
0.178475,0.8002
0.178500,0.6713
0.178525,0.5536
0.178550,0.4505
0.178575,0.3610
0.178600,0.2748
0.178625,0.2007
0.178650,0.1394
0.178675,0.0911
0.178700,0.0580
0.178725,0.0338
0.178750,0.0210
0.178775,0.0169
0.178800,0.0218
0.178825,0.0403
0.178850,0.0701
0.178875,0.1128
0.178900,0.1644
0.178925,0.2297
0.178950,0.3086
0.178975,0.4005
0.179000,0.5053
0.179025,0.6165
0.179050,0.7325
0.179075,0.8631
0.179100,0.9856
0.179125,1.0976
0.179150,1.2007
0.179175,1.2902
0.179200,1.3885
0.179225,1.4804
0.179250,1.5779
0.179275,1.6738
0.179300,1.7705
0.179325,1.8785
0.179350,1.9929
0.179375,2.1105
0.179400,2.2153
0.179425,2.3185
0.179450,2.4136
0.179475,2.5111
0.179500,2.6182
0.179525,2.7133
0.179550,2.8068
0.179575,2.8866
0.179600,2.9599
0.179625,3.0349
0.179650,3.0969
0.179675,3.1509
0.179700,3.1904
0.179725,3.2186
0.179750,3.2363
0.179775,3.2452
0.179800,3.2468
0.179825,3.2379
0.179850,3.2178
0.179875,3.1832
0.179900,3.1404
0.179925,3.0905
0.179950,3.0325
0.179975,2.9656
0.180000,2.8850
0.180025,2.7971
0.180050,2.7061
0.180075,2.6142
0.180100,2.5215
0.180125,2.4176
0.180150,2.3120
0.180175,2.2016
0.180200,2.0968
0.180225,1.9961
0.180250,1.8946
0.180275,1.8027
0.180300,1.6939
0.180325,1.5932
0.180350,1.4868
0.180375,1.3587
0.180400,1.2273
0.180425,1.0936
0.180450,0.9485
0.180475,0.8099
0.180500,0.6834
0.180525,0.5585
0.180550,0.4497
0.180575,0.3562
0.180600,0.2724
0.180625,0.1999
0.180650,0.1402
0.180675,0.0927
0.180700,0.0580
0.180725,0.0338
0.180750,0.0210
0.180775,0.0161
0.180800,0.0218
0.180825,0.0387
0.180850,0.0693
0.180875,0.1112
0.180900,0.1644
0.180925,0.2305
0.180950,0.3078
0.180975,0.3989
0.181000,0.4980
0.181025,0.6157
0.181050,0.7398
0.181075,0.8671
0.181100,1.0009
0.181125,1.1121
0.181150,1.2168
0.181175,1.3176
0.181200,1.3958
0.181225,1.4852
0.181250,1.5771
0.181275,1.6714
0.181300,1.7850
0.181325,1.8841
0.181350,1.9897
0.181375,2.0952
0.181400,2.1992
0.181425,2.3128
0.181450,2.4160
0.181475,2.5240
0.181500,2.6223
0.181525,2.7158
0.181550,2.8060
0.181575,2.8850
0.181600,2.9623
0.181625,3.0349
0.181650,3.0961
0.181675,3.1485
0.181700,3.1888
0.181725,3.2178
0.181750,3.2371
0.181775,3.2468
0.181800,3.2476
0.181825,3.2388
0.181850,3.2178
0.181875,3.1848
0.181900,3.1437
0.181925,3.0913
0.181950,3.0308
0.181975,2.9591
0.182000,2.8801
0.182025,2.7963
0.182050,2.7085
0.182075,2.6247
0.182100,2.5215
0.182125,2.4176
0.182150,2.3120
0.182175,2.2024
0.182200,2.1105
0.182225,1.9993
0.182250,1.8881
0.182275,1.7777
0.182300,1.6722
0.182325,1.5843
0.182350,1.4836
0.182375,1.3635
0.182400,1.2338
0.182425,1.0927
0.182450,0.9485
0.182475,0.8123
0.182500,0.6761
0.182525,0.5552
0.182550,0.4497
0.182575,0.3586
0.182600,0.2764
0.182625,0.2023
0.182650,0.1402
0.182675,0.0911
0.182700,0.0564
0.182725,0.0338
0.182750,0.0210
0.182775,0.0161
0.182800,0.0218
0.182825,0.0387
0.182850,0.0693
0.182875,0.1128
0.182900,0.1652
0.182925,0.2297
0.182950,0.3054
0.182975,0.3925
0.183000,0.4996
0.183025,0.6157
0.183050,0.7390
0.183075,0.8744
0.183100,1.0081
0.183125,1.1121
0.183150,1.2088
0.183175,1.2910
0.183200,1.3684
0.183225,1.4739
0.183250,1.5827
0.183275,1.6939
0.183300,1.7914
0.183325,1.8865
0.183350,1.9881
0.183375,2.0920
0.183400,2.2105
0.183425,2.3160
0.183450,2.4152
0.183475,2.5143
0.183500,2.6118
0.183525,2.7117
0.183550,2.8076
0.183575,2.8922
0.183600,2.9656
0.183625,3.0373
0.183650,3.0969
0.183675,3.1477
0.183700,3.1896
0.183725,3.2178
0.183750,3.2371
0.183775,3.2468
0.183800,3.2468
0.183825,3.2388
0.183850,3.2186
0.183875,3.1856
0.183900,3.1429
0.183925,3.0897
0.183950,3.0300
0.183975,2.9591
0.184000,2.8842
0.184025,2.7963
0.184050,2.7045
0.184075,2.6126
0.184100,2.5103
0.184125,2.4144
0.184150,2.3168
0.184175,2.2185
0.184200,2.1130
0.184225,2.0001
0.184250,1.8881
0.184275,1.7801
0.184300,1.6891
0.184325,1.5900
0.184350,1.4884
0.184375,1.3716
0.184400,1.2314
0.184425,1.0968
0.184450,0.9477
0.184475,0.8002
0.184500,0.6713
0.184525,0.5528
0.184550,0.4505
0.184575,0.3610
0.184600,0.2748
0.184625,0.2015
0.184650,0.1402
0.184675,0.0919
0.184700,0.0572
0.184725,0.0338
0.184750,0.0201
0.184775,0.0161
0.184800,0.0210
0.184825,0.0379
0.184850,0.0685
0.184875,0.1120
0.184900,0.1644
0.184925,0.2297
0.184950,0.3086
0.184975,0.4013
0.185000,0.5045
0.185025,0.6173
0.185050,0.7333
0.185075,0.8631
0.185100,0.9872
0.185125,1.0968
0.185150,1.1999
0.185175,1.2902
0.185200,1.3877
0.185225,1.4820
0.185250,1.5787
0.185275,1.6730
0.185300,1.7697
0.185325,1.8777
0.185350,1.9921
0.185375,2.1097
0.185400,2.2153
0.185425,2.3193
0.185450,2.4144
0.185475,2.5127
0.185500,2.6174
0.185525,2.7141
0.185550,2.8068
0.185575,2.8866
0.185600,2.9599
0.185625,3.0333
0.185650,3.0969
0.185675,3.1501
0.185700,3.1912
0.185725,3.2186
0.185750,3.2371
0.185775,3.2468
0.185800,3.2476
0.185825,3.2388
0.185850,3.2170
0.185875,3.1840
0.185900,3.1404
0.185925,3.0897
0.185950,3.0325
0.185975,2.9640
0.186000,2.8850
0.186025,2.7963
0.186050,2.7053
0.186075,2.6150
0.186100,2.5207
0.186125,2.4176
0.186150,2.3120
0.186175,2.2016
0.186200,2.0968
0.186225,1.9953
0.186250,1.8954
0.186275,1.8019
0.186300,1.6947
0.186325,1.5932
0.186350,1.4868
0.186375,1.3587
0.186400,1.2265
0.186425,1.0936
0.186450,0.9477
0.186475,0.8091
0.186500,0.6834
0.186525,0.5585
0.186550,0.4505
0.186575,0.3570
0.186600,0.2732
0.186625,0.2015
0.186650,0.1402
0.186675,0.0919
0.186700,0.0572
0.186725,0.0330
0.186750,0.0210
0.186775,0.0161
0.186800,0.0218
0.186825,0.0387
0.186850,0.0685
0.186875,0.1112
0.186900,0.1644
0.186925,0.2297
0.186950,0.3078
0.186975,0.3997
0.187000,0.4988
0.187025,0.6157
0.187050,0.7398
0.187075,0.8679
0.187100,1.0009
0.187125,1.1137
0.187150,1.2168
0.187175,1.3176
0.187200,1.3958
0.187225,1.4844
0.187250,1.5779
0.187275,1.6714
0.187300,1.7842
0.187325,1.8833
0.187350,1.9881
0.187375,2.0936
0.187400,2.1984
0.187425,2.3120
0.187450,2.4160
0.187475,2.5240
0.187500,2.6223
0.187525,2.7158
0.187550,2.8060
0.187575,2.8842
0.187600,2.9623
0.187625,3.0349
0.187650,3.0969
0.187675,3.1485
0.187700,3.1896
0.187725,3.2178
0.187750,3.2371
0.187775,3.2468
0.187800,3.2476
0.187825,3.2396
0.187850,3.2178
0.187875,3.1856
0.187900,3.1429
0.187925,3.0905
0.187950,3.0300
0.187975,2.9583
0.188000,2.8801
0.188025,2.7955
0.188050,2.7085
0.188075,2.6247
0.188100,2.5215
0.188125,2.4176
0.188150,2.3128
0.188175,2.2024
0.188200,2.1114
0.188225,1.9993
0.188250,1.8881
0.188275,1.7785
0.188300,1.6714
0.188325,1.5835
0.188350,1.4820
0.188375,1.3627
0.188400,1.2314
0.188425,1.0919
0.188450,0.9477
0.188475,0.8123
0.188500,0.6769
0.188525,0.5552
0.188550,0.4505
0.188575,0.3594
0.188600,0.2772
0.188625,0.2031
0.188650,0.1410
0.188675,0.0911
0.188700,0.0564
0.188725,0.0322
0.188750,0.0193
0.188775,0.0153
0.188800,0.0218
0.188825,0.0395
0.188850,0.0701
0.188875,0.1136
0.188900,0.1660
0.188925,0.2297
0.188950,0.3046
0.188975,0.3925
0.189000,0.4980
0.189025,0.6149
0.189050,0.7382
0.189075,0.8744
0.189100,1.0081
0.189125,1.1121
0.189150,1.2088
0.189175,1.2902
0.189200,1.3684
0.189225,1.4731
0.189250,1.5827
0.189275,1.6931
0.189300,1.7914
0.189325,1.8873
0.189350,1.9881
0.189375,2.0936
0.189400,2.2105
0.189425,2.3168
0.189450,2.4160
0.189475,2.5143
0.189500,2.6126
0.189525,2.7117
0.189550,2.8076
0.189575,2.8914
0.189600,2.9656
0.189625,3.0373
0.189650,3.0969
0.189675,3.1493
0.189700,3.1904
0.189725,3.2186
0.189750,3.2371
0.189775,3.2460
0.189800,3.2460
0.189825,3.2379
0.189850,3.2186
0.189875,3.1856
0.189900,3.1429
0.189925,3.0905
0.189950,3.0308
0.189975,2.9599
0.190000,2.8850
0.190025,2.7979
0.190050,2.7053
0.190075,2.6134
0.190100,2.5111
0.190125,2.4152
0.190150,2.3185
0.190175,2.2185
0.190200,2.1138
0.190225,2.0001
0.190250,1.8881
0.190275,1.7801
0.190300,1.6899
0.190325,1.5908
0.190350,1.4876
0.190375,1.3716
0.190400,1.2314
0.190425,1.0976
0.190450,0.9485
0.190475,0.8010
0.190500,0.6721
0.190525,0.5528
0.190550,0.4505
0.190575,0.3602
0.190600,0.2748
0.190625,0.2007
0.190650,0.1394
0.190675,0.0919
0.190700,0.0572
0.190725,0.0338
0.190750,0.0201
0.190775,0.0153
0.190800,0.0218
0.190825,0.0387
0.190850,0.0701
0.190875,0.1128
0.190900,0.1644
0.190925,0.2297
0.190950,0.3078
0.190975,0.4005
0.191000,0.5053
0.191025,0.6165
0.191050,0.7333
0.191075,0.8631
0.191100,0.9864
0.191125,1.0968
0.191150,1.2007
0.191175,1.2902
0.191200,1.3885
0.191225,1.4820
0.191250,1.5779
0.191275,1.6738
0.191300,1.7689
0.191325,1.8777
0.191350,1.9913
0.191375,2.1089
0.191400,2.2161
0.191425,2.3185
0.191450,2.4144
0.191475,2.5119
0.191500,2.6174
0.191525,2.7141
0.191550,2.8060
0.191575,2.8866
0.191600,2.9599
0.191625,3.0333
0.191650,3.0969
0.191675,3.1501
0.191700,3.1912
0.191725,3.2194
0.191750,3.2371
0.191775,3.2468
0.191800,3.2468
0.191825,3.2388
0.191850,3.2170
0.191875,3.1840
0.191900,3.1412
0.191925,3.0905
0.191950,3.0333
0.191975,2.9648
0.192000,2.8850
0.192025,2.7979
0.192050,2.7061
0.192075,2.6150
0.192100,2.5215
0.192125,2.4168
0.192150,2.3120
0.192175,2.2008
0.192200,2.0968
0.192225,1.9953
0.192250,1.8946
0.192275,1.8019
0.192300,1.6939
0.192325,1.5924
0.192350,1.4868
0.192375,1.3587
0.192400,1.2273
0.192425,1.0944
0.192450,0.9485
0.192475,0.8099
0.192500,0.6834
0.192525,0.5585
0.192550,0.4505
0.192575,0.3562
0.192600,0.2724
0.192625,0.2007
0.192650,0.1394
0.192675,0.0919
0.192700,0.0572
0.192725,0.0338
0.192750,0.0210
0.192775,0.0161
0.192800,0.0218
0.192825,0.0387
0.192850,0.0693
0.192875,0.1112
0.192900,0.1652
0.192925,0.2297
0.192950,0.3078
0.192975,0.3989
0.193000,0.4980
0.193025,0.6149
0.193050,0.7390
0.193075,0.8679
0.193100,1.0001
0.193125,1.1129
0.193150,1.2168
0.193175,1.3168
0.193200,1.3949
0.193225,1.4852
0.193250,1.5787
0.193275,1.6722
0.193300,1.7858
0.193325,1.8841
0.193350,1.9881
0.193375,2.0936
0.193400,2.1984
0.193425,2.3120
0.193450,2.4152
0.193475,2.5232
0.193500,2.6215
0.193525,2.7158
0.193550,2.8068
0.193575,2.8850
0.193600,2.9640
0.193625,3.0349
0.193650,3.0969
0.193675,3.1485
0.193700,3.1888
0.193725,3.2186
0.193750,3.2371
0.193775,3.2476
0.193800,3.2468
0.193825,3.2371
0.193850,3.2178
0.193875,3.1840
0.193900,3.1421
0.193925,3.0905
0.193950,3.0292
0.193975,2.9583
0.194000,2.8793
0.194025,2.7947
0.194050,2.7093
0.194075,2.6255
0.194100,2.5223
0.194125,2.4192
0.194150,2.3128
0.194175,2.2032
0.194200,2.1114
0.194225,1.9985
0.194250,1.8881
0.194275,1.7793
0.194300,1.6722
0.194325,1.5859
0.194350,1.4844
0.194375,1.3635
0.194400,1.2338
0.194425,1.0927
0.194450,0.9477
0.194475,0.8131
0.194500,0.6769
0.194525,0.5544
0.194550,0.4505
0.194575,0.3586
0.194600,0.2772
0.194625,0.2031
0.194650,0.1402
0.194675,0.0911
0.194700,0.0564
0.194725,0.0338
0.194750,0.0210
0.194775,0.0161
0.194800,0.0218
0.194825,0.0387
0.194850,0.0701
0.194875,0.1136
0.194900,0.1660
0.194925,0.2297
0.194950,0.3046
0.194975,0.3925
0.195000,0.4988
0.195025,0.6157
0.195050,0.7390
0.195075,0.8744
0.195100,1.0081
0.195125,1.1121
0.195150,1.2088
0.195175,1.2910
0.195200,1.3684
0.195225,1.4739
0.195250,1.5827
0.195275,1.6947
0.195300,1.7922
0.195325,1.8865
0.195350,1.9881
0.195375,2.0928
0.195400,2.2097
0.195425,2.3168
0.195450,2.4144
0.195475,2.5135
0.195500,2.6110
0.195525,2.7101
0.195550,2.8060
0.195575,2.8906
0.195600,2.9648
0.195625,3.0357
0.195650,3.0969
0.195675,3.1469
0.195700,3.1896
0.195725,3.2170
0.195750,3.2355
0.195775,3.2468
0.195800,3.2460
0.195825,3.2388
0.195850,3.2178
0.195875,3.1848
0.195900,3.1421
0.195925,3.0897
0.195950,3.0300
0.195975,2.9607
0.196000,2.8850
0.196025,2.7979
0.196050,2.7061
0.196075,2.6126
0.196100,2.5127
0.196125,2.4152
0.196150,2.3177
0.196175,2.2193
0.196200,2.1130
0.196225,2.0010
0.196250,1.8881
0.196275,1.7793
0.196300,1.6891
0.196325,1.5892
0.196350,1.4868
0.196375,1.3716
0.196400,1.2305
0.196425,1.0960
0.196450,0.9485
0.196475,0.8002
0.196500,0.6713
0.196525,0.5528
0.196550,0.4497
0.196575,0.3602
0.196600,0.2748
0.196625,0.2007
0.196650,0.1402
0.196675,0.0919
0.196700,0.0572
0.196725,0.0347
0.196750,0.0201
0.196775,0.0153
0.196800,0.0218
0.196825,0.0387
0.196850,0.0701
0.196875,0.1128
0.196900,0.1644
0.196925,0.2305
0.196950,0.3086
0.196975,0.4005
0.197000,0.5053
0.197025,0.6157
0.197050,0.7333
0.197075,0.8631
0.197100,0.9856
0.197125,1.0976
0.197150,1.2007
0.197175,1.2910
0.197200,1.3885
0.197225,1.4812
0.197250,1.5787
0.197275,1.6730
0.197300,1.7697
0.197325,1.8777
0.197350,1.9913
0.197375,2.1097
0.197400,2.2153
0.197425,2.3193
0.197450,2.4144
0.197475,2.5127
0.197500,2.6182
0.197525,2.7149
0.197550,2.8076
0.197575,2.8866
0.197600,2.9599
0.197625,3.0325
0.197650,3.0961
0.197675,3.1493
0.197700,3.1904
0.197725,3.2194
0.197750,3.2371
0.197775,3.2468
0.197800,3.2468
0.197825,3.2388
0.197850,3.2170
0.197875,3.1840
0.197900,3.1412
0.197925,3.0897
0.197950,3.0325
0.197975,2.9648
0.198000,2.8842
0.198025,2.7963
0.198050,2.7053
0.198075,2.6150
0.198100,2.5207
0.198125,2.4168
0.198150,2.3120
0.198175,2.2000
0.198200,2.0977
0.198225,1.9961
0.198250,1.8954
0.198275,1.8027
0.198300,1.6947
0.198325,1.5932
0.198350,1.4868
0.198375,1.3587
0.198400,1.2273
0.198425,1.0952
0.198450,0.9485
0.198475,0.8107
0.198500,0.6842
0.198525,0.5585
0.198550,0.4513
0.198575,0.3562
0.198600,0.2732
0.198625,0.2007
0.198650,0.1402
0.198675,0.0927
0.198700,0.0572
0.198725,0.0338
0.198750,0.0210
0.198775,0.0161
0.198800,0.0218
0.198825,0.0387
0.198850,0.0693
0.198875,0.1112
0.198900,0.1644
0.198925,0.2297
0.198950,0.3078
0.198975,0.3989
0.199000,0.4988
0.199025,0.6157
0.199050,0.7398
0.199075,0.8687
0.199100,1.0001
0.199125,1.1137
0.199150,1.2177
0.199175,1.3168
0.199200,1.3958
0.199225,1.4852
0.199250,1.5771
0.199275,1.6722
0.199300,1.7850
0.199325,1.8841
0.199350,1.9889
0.199375,2.0944
0.199400,2.1992
0.199425,2.3112
0.199450,2.4168
0.199475,2.5232
0.199500,2.6223
0.199525,2.7174
0.199550,2.8068
0.199575,2.8858
0.199600,2.9632
0.199625,3.0349
0.199650,3.0969
0.199675,3.1485
0.199700,3.1888
0.199725,3.2186
0.199750,3.2363
0.199775,3.2468
0.199800,3.2476
0.199825,3.2379
0.199850,3.2178
0.199875,3.1848
0.199900,3.1429
0.199925,3.0913
0.199950,3.0300
0.199975,2.9591
0.200000,2.7689
0.200025,2.7979
0.200050,2.8213
0.200075,2.8777
0.200100,2.9607
0.200125,3.0341
0.200150,3.0977
0.200175,3.1501
0.200200,3.1912
0.200225,3.2186
0.200250,3.2363
0.200275,3.2468
0.200300,3.2476
0.200325,3.2388
0.200350,3.2178
0.200375,3.1840
0.200400,3.1404
0.200425,3.0897
0.200450,3.0316
0.200475,2.9648
0.200500,2.8842
0.200525,2.7963
0.200550,2.7053
0.200575,2.6142
0.200600,2.5207
0.200625,2.4168
0.200650,2.3120
0.200675,2.2016
0.200700,2.0968
0.200725,1.9961
0.200750,1.8954
0.200775,1.8019
0.200800,1.6939
0.200825,1.5924
0.200850,1.4860
0.200875,1.3587
0.200900,1.2265
0.200925,1.0944
0.200950,0.9477
0.200975,0.8099
0.201000,0.6834
0.201025,0.5585
0.201050,0.4505
0.201075,0.3562
0.201100,0.2724
0.201125,0.1999
0.201150,0.1402
0.201175,0.0927
0.201200,0.0572
0.201225,0.0338
0.201250,0.0201
0.201275,0.0161
0.201300,0.0226
0.201325,0.0395
0.201350,0.0701
0.201375,0.1120
0.201400,0.1652
0.201425,0.2297
0.201450,0.3078
0.201475,0.3989
0.201500,0.4980
0.201525,0.6149
0.201550,0.7390
0.201575,0.8679
0.201600,1.0009
0.201625,1.1137
0.201650,1.2177
0.201675,1.3176
0.201700,1.3958
0.201725,1.4852
0.201750,1.5779
0.201775,1.6705
0.201800,1.7834
0.201825,1.8833
0.201850,1.9881
0.201875,2.0944
0.201900,2.1992
0.201925,2.3120
0.201950,2.4168
0.201975,2.5240
0.202000,2.6231
0.202025,2.7166
0.202050,2.8076
0.202075,2.8850
0.202100,2.9632
0.202125,3.0349
0.202150,3.0961
0.202175,3.1493
0.202200,3.1888
0.202225,3.2186
0.202250,3.2371
0.202275,3.2468
0.202300,3.2476
0.202325,3.2388
0.202350,3.2178
0.202375,3.1848
0.202400,3.1429
0.202425,3.0897
0.202450,3.0300
0.202475,2.9575
0.202500,2.8793
0.202525,2.7955
0.202550,2.7093
0.202575,2.6247
0.202600,2.5223
0.202625,2.4184
0.202650,2.3128
0.202675,2.2032
0.202700,2.1105
0.202725,1.9993
0.202750,1.8881
0.202775,1.7785
0.202800,1.6722
0.202825,1.5851
0.202850,1.4844
0.202875,1.3643
0.202900,1.2338
0.202925,1.0927
0.202950,0.9485
0.202975,0.8123
0.203000,0.6769
0.203025,0.5552
0.203050,0.4505
0.203075,0.3594
0.203100,0.2772
0.203125,0.2023
0.203150,0.1402
0.203175,0.0911
0.203200,0.0564
0.203225,0.0338
0.203250,0.0210
0.203275,0.0161
0.203300,0.0218
0.203325,0.0395
0.203350,0.0701
0.203375,0.1136
0.203400,0.1668
0.203425,0.2297
0.203450,0.3054
0.203475,0.3925
0.203500,0.4988
0.203525,0.6157
0.203550,0.7390
0.203575,0.8744
0.203600,1.0089
0.203625,1.1129
0.203650,1.2088
0.203675,1.2910
0.203700,1.3684
0.203725,1.4739
0.203750,1.5827
0.203775,1.6947
0.203800,1.7914
0.203825,1.8873
0.203850,1.9881
0.203875,2.0928
0.203900,2.2105
0.203925,2.3160
0.203950,2.4144
0.203975,2.5135
0.204000,2.6110
0.204025,2.7109
0.204050,2.8076
0.204075,2.8906
0.204100,2.9664
0.204125,3.0365
0.204150,3.0969
0.204175,3.1485
0.204200,3.1904
0.204225,3.2194
0.204250,3.2379
0.204275,3.2460
0.204300,3.2460
0.204325,3.2379
0.204350,3.2170
0.204375,3.1864
0.204400,3.1421
0.204425,3.0897
0.204450,3.0308
0.204475,2.9591
0.204500,2.8850
0.204525,2.7971
0.204550,2.7053
0.204575,2.6134
0.204600,2.5111
0.204625,2.4152
0.204650,2.3168
0.204675,2.2177
0.204700,2.1130
0.204725,1.9993
0.204750,1.8881
0.204775,1.7793
0.204800,1.6891
0.204825,1.5900
0.204850,1.4876
0.204875,1.3724
0.204900,1.2314
0.204925,1.0968
0.204950,0.9477
0.204975,0.7994
0.205000,0.6721
0.205025,0.5520
0.205050,0.4505
0.205075,0.3610
0.205100,0.2740
0.205125,0.2007
0.205150,0.1394
0.205175,0.0919
0.205200,0.0580
0.205225,0.0338
0.205250,0.0210
0.205275,0.0161
0.205300,0.0226
0.205325,0.0403
0.205350,0.0701
0.205375,0.1136
0.205400,0.1644
0.205425,0.2297
0.205450,0.3086
0.205475,0.4005
0.205500,0.5053
0.205525,0.6165
0.205550,0.7333
0.205575,0.8639
0.205600,0.9880
0.205625,1.0984
0.205650,1.2023
0.205675,1.2918
0.205700,1.3877
0.205725,1.4820
0.205750,1.5779
0.205775,1.6738
0.205800,1.7697
0.205825,1.8785
0.205850,1.9913
0.205875,2.1097
0.205900,2.2153
0.205925,2.3185
0.205950,2.4136
0.205975,2.5119
0.206000,2.6174
0.206025,2.7133
0.206050,2.8068
0.206075,2.8866
0.206100,2.9599
0.206125,3.0341
0.206150,3.0969
0.206175,3.1501
0.206200,3.1912
0.206225,3.2186
0.206250,3.2371
0.206275,3.2460
0.206300,3.2468
0.206325,3.2379
0.206350,3.2170
0.206375,3.1832
0.206400,3.1412
0.206425,3.0905
0.206450,3.0325
0.206475,2.9648
0.206500,2.8850
0.206525,2.7971
0.206550,2.7061
0.206575,2.6150
0.206600,2.5215
0.206625,2.4176
0.206650,2.3120
0.206675,2.2008
0.206700,2.0968
0.206725,1.9953
0.206750,1.8946
0.206775,1.8011
0.206800,1.6939
0.206825,1.5932
0.206850,1.4860
0.206875,1.3595
0.206900,1.2265
0.206925,1.0944
0.206950,0.9485
0.206975,0.8099
0.207000,0.6842
0.207025,0.5585
0.207050,0.4505
0.207075,0.3562
0.207100,0.2724
0.207125,0.2007
0.207150,0.1402
0.207175,0.0927
0.207200,0.0580
0.207225,0.0338
0.207250,0.0210
0.207275,0.0161
0.207300,0.0218
0.207325,0.0387
0.207350,0.0693
0.207375,0.1120
0.207400,0.1644
0.207425,0.2297
0.207450,0.3070
0.207475,0.3981
0.207500,0.4980
0.207525,0.6149
0.207550,0.7390
0.207575,0.8671
0.207600,1.0009
0.207625,1.1129
0.207650,1.2168
0.207675,1.3176
0.207700,1.3949
0.207725,1.4844
0.207750,1.5779
0.207775,1.6705
0.207800,1.7842
0.207825,1.8825
0.207850,1.9881
0.207875,2.0944
0.207900,2.1992
0.207925,2.3128
0.207950,2.4160
0.207975,2.5232
0.208000,2.6231
0.208025,2.7158
0.208050,2.8068
0.208075,2.8850
0.208100,2.9632
0.208125,3.0357
0.208150,3.0961
0.208175,3.1493
0.208200,3.1896
0.208225,3.2178
0.208250,3.2379
0.208275,3.2468
0.208300,3.2460
0.208325,3.2379
0.208350,3.2170
0.208375,3.1848
0.208400,3.1437
0.208425,3.0905
0.208450,3.0308
0.208475,2.9583
0.208500,2.8793
0.208525,2.7955
0.208550,2.7085
0.208575,2.6247
0.208600,2.5215
0.208625,2.4176
0.208650,2.3128
0.208675,2.2024
0.208700,2.1114
0.208725,1.9993
0.208750,1.8881
0.208775,1.7793
0.208800,1.6722
0.208825,1.5859
0.208850,1.4836
0.208875,1.3635
0.208900,1.2330
0.208925,1.0919
0.208950,0.9485
0.208975,0.8115
0.209000,0.6769
0.209025,0.5544
0.209050,0.4497
0.209075,0.3594
0.209100,0.2772
0.209125,0.2031
0.209150,0.1410
0.209175,0.0919
0.209200,0.0572
0.209225,0.0338
0.209250,0.0210
0.209275,0.0169
0.209300,0.0218
0.209325,0.0395
0.209350,0.0701
0.209375,0.1136
0.209400,0.1660
0.209425,0.2289
0.209450,0.3046
0.209475,0.3925
0.209500,0.4988
0.209525,0.6157
0.209550,0.7390
0.209575,0.8744
0.209600,1.0081
0.209625,1.1121
0.209650,1.2088
0.209675,1.2902
0.209700,1.3684
0.209725,1.4739
0.209750,1.5827
0.209775,1.6947
0.209800,1.7906
0.209825,1.8865
0.209850,1.9873
0.209875,2.0928
0.209900,2.2113
0.209925,2.3168
0.209950,2.4160
0.209975,2.5143
0.210000,2.6110
0.210025,2.7117
0.210050,2.8068
0.210075,2.8906
0.210100,2.9648
0.210125,3.0349
0.210150,3.0961
0.210175,3.1477
0.210200,3.1904
0.210225,3.2186
0.210250,3.2371
0.210275,3.2460
0.210300,3.2460
0.210325,3.2379
0.210350,3.2170
0.210375,3.1864
0.210400,3.1421
0.210425,3.0905
0.210450,3.0308
0.210475,2.9599
0.210500,2.8858
0.210525,2.7955
0.210550,2.7045
0.210575,2.6118
0.210600,2.5111
0.210625,2.4152
0.210650,2.3177
0.210675,2.2193
0.210700,2.1130
0.210725,2.0001
0.210750,1.8881
0.210775,1.7801
0.210800,1.6899
0.210825,1.5908
0.210850,1.4884
0.210875,1.3716
0.210900,1.2314
0.210925,1.0976
0.210950,0.9485
0.210975,0.8002
0.211000,0.6721
0.211025,0.5528
0.211050,0.4505
0.211075,0.3610
0.211100,0.2748
0.211125,0.2015
0.211150,0.1402
0.211175,0.0919
0.211200,0.0580
0.211225,0.0347
0.211250,0.0210
0.211275,0.0161
0.211300,0.0218
0.211325,0.0387
0.211350,0.0701
0.211375,0.1128
0.211400,0.1652
0.211425,0.2297
0.211450,0.3078
0.211475,0.4013
0.211500,0.5045
0.211525,0.6173
0.211550,0.7333
0.211575,0.8631
0.211600,0.9864
0.211625,1.0968
0.211650,1.2007
0.211675,1.2894
0.211700,1.3885
0.211725,1.4812
0.211750,1.5779
0.211775,1.6738
0.211800,1.7681
0.211825,1.8777
0.211850,1.9905
0.211875,2.1089
0.211900,2.2153
0.211925,2.3185
0.211950,2.4144
0.211975,2.5119
0.212000,2.6190
0.212025,2.7141
0.212050,2.8068
0.212075,2.8866
0.212100,2.9599
0.212125,3.0333
0.212150,3.0961
0.212175,3.1501
0.212200,3.1904
0.212225,3.2194
0.212250,3.2371
0.212275,3.2460
0.212300,3.2468
0.212325,3.2388
0.212350,3.2186
0.212375,3.1840
0.212400,3.1412
0.212425,3.0897
0.212450,3.0316
0.212475,2.9648
0.212500,2.8842
0.212525,2.7963
0.212550,2.7053
0.212575,2.6142
0.212600,2.5215
0.212625,2.4168
0.212650,2.3120
0.212675,2.2008
0.212700,2.0968
0.212725,1.9961
0.212750,1.8954
0.212775,1.8019
0.212800,1.6947
0.212825,1.5932
0.212850,1.4868
0.212875,1.3595
0.212900,1.2265
0.212925,1.0944
0.212950,0.9477
0.212975,0.8091
0.213000,0.6834
0.213025,0.5577
0.213050,0.4505
0.213075,0.3562
0.213100,0.2732
0.213125,0.2007
0.213150,0.1402
0.213175,0.0919
0.213200,0.0572
0.213225,0.0338
0.213250,0.0210
0.213275,0.0169
0.213300,0.0218
0.213325,0.0387
0.213350,0.0693
0.213375,0.1112
0.213400,0.1652
0.213425,0.2297
0.213450,0.3078
0.213475,0.3981
0.213500,0.4972
0.213525,0.6149
0.213550,0.7390
0.213575,0.8679
0.213600,1.0009
0.213625,1.1129
0.213650,1.2177
0.213675,1.3168
0.213700,1.3958
0.213725,1.4852
0.213750,1.5787
0.213775,1.6722
0.213800,1.7850
0.213825,1.8841
0.213850,1.9889
0.213875,2.0944
0.213900,2.1992
0.213925,2.3120
0.213950,2.4168
0.213975,2.5240
0.214000,2.6223
0.214025,2.7166
0.214050,2.8068
0.214075,2.8850
0.214100,2.9632
0.214125,3.0357
0.214150,3.0969
0.214175,3.1493
0.214200,3.1888
0.214225,3.2178
0.214250,3.2371
0.214275,3.2476
0.214300,3.2476
0.214325,3.2396
0.214350,3.2178
0.214375,3.1856
0.214400,3.1445
0.214425,3.0913
0.214450,3.0308
0.214475,2.9575
0.214500,2.8793
0.214525,2.7955
0.214550,2.7085
0.214575,2.6247
0.214600,2.5215
0.214625,2.4176
0.214650,2.3120
0.214675,2.2024
0.214700,2.1105
0.214725,1.9985
0.214750,1.8889
0.214775,1.7785
0.214800,1.6722
0.214825,1.5851
0.214850,1.4836
0.214875,1.3635
0.214900,1.2330
0.214925,1.0927
0.214950,0.9485
0.214975,0.8123
0.215000,0.6769
0.215025,0.5552
0.215050,0.4497
0.215075,0.3586
0.215100,0.2772
0.215125,0.2015
0.215150,0.1402
0.215175,0.0911
0.215200,0.0564
0.215225,0.0338
0.215250,0.0201
0.215275,0.0169
0.215300,0.0234
0.215325,0.0403
0.215350,0.0717
0.215375,0.1136
0.215400,0.1660
0.215425,0.2297
0.215450,0.3046
0.215475,0.3925
0.215500,0.4980
0.215525,0.6149
0.215550,0.7382
0.215575,0.8736
0.215600,1.0081
0.215625,1.1113
0.215650,1.2088
0.215675,1.2910
0.215700,1.3684
0.215725,1.4739
0.215750,1.5819
0.215775,1.6939
0.215800,1.7906
0.215825,1.8865
0.215850,1.9881
0.215875,2.0920
0.215900,2.2105
0.215925,2.3160
0.215950,2.4152
0.215975,2.5143
0.216000,2.6110
0.216025,2.7117
0.216050,2.8060
0.216075,2.8906
0.216100,2.9648
0.216125,3.0349
0.216150,3.0961
0.216175,3.1477
0.216200,3.1904
0.216225,3.2194
0.216250,3.2371
0.216275,3.2468
0.216300,3.2468
0.216325,3.2379
0.216350,3.2186
0.216375,3.1856
0.216400,3.1429
0.216425,3.0905
0.216450,3.0292
0.216475,2.9599
0.216500,2.8842
0.216525,2.7971
0.216550,2.7061
0.216575,2.6126
0.216600,2.5127
0.216625,2.4160
0.216650,2.3177
0.216675,2.2193
0.216700,2.1138
0.216725,2.0010
0.216750,1.8889
0.216775,1.7801
0.216800,1.6891
0.216825,1.5900
0.216850,1.4876
0.216875,1.3716
0.216900,1.2322
0.216925,1.0968
0.216950,0.9485
0.216975,0.8002
0.217000,0.6721
0.217025,0.5528
0.217050,0.4505
0.217075,0.3610
0.217100,0.2748
0.217125,0.2015
0.217150,0.1402
0.217175,0.0911
0.217200,0.0580
0.217225,0.0347
0.217250,0.0201
0.217275,0.0169
0.217300,0.0218
0.217325,0.0395
0.217350,0.0701
0.217375,0.1120
0.217400,0.1644
0.217425,0.2289
0.217450,0.3086
0.217475,0.4013
0.217500,0.5053
0.217525,0.6165
0.217550,0.7325
0.217575,0.8623
0.217600,0.9864
0.217625,1.0968
0.217650,1.2015
0.217675,1.2902
0.217700,1.3877
0.217725,1.4820
0.217750,1.5779
0.217775,1.6730
0.217800,1.7689
0.217825,1.8768
0.217850,1.9913
0.217875,2.1081
0.217900,2.2153
0.217925,2.3185
0.217950,2.4136
0.217975,2.5119
0.218000,2.6174
0.218025,2.7141
0.218050,2.8068
0.218075,2.8866
0.218100,2.9607
0.218125,3.0341
0.218150,3.0969
0.218175,3.1509
0.218200,3.1912
0.218225,3.2194
0.218250,3.2371
0.218275,3.2468
0.218300,3.2476
0.218325,3.2379
0.218350,3.2178
0.218375,3.1823
0.218400,3.1404
0.218425,3.0897
0.218450,3.0308
0.218475,2.9648
0.218500,2.8834
0.218525,2.7963
0.218550,2.7061
0.218575,2.6142
0.218600,2.5215
0.218625,2.4168
0.218650,2.3120
0.218675,2.2008
0.218700,2.0977
0.218725,1.9961
0.218750,1.8962
0.218775,1.8035
0.218800,1.6939
0.218825,1.5932
0.218850,1.4860
0.218875,1.3595
0.218900,1.2273
0.218925,1.0944
0.218950,0.9485
0.218975,0.8099
0.219000,0.6834
0.219025,0.5577
0.219050,0.4505
0.219075,0.3546
0.219100,0.2724
0.219125,0.2007
0.219150,0.1394
0.219175,0.0927
0.219200,0.0572
0.219225,0.0347
0.219250,0.0210
0.219275,0.0161
0.219300,0.0218
0.219325,0.0387
0.219350,0.0693
0.219375,0.1112
0.219400,0.1644
0.219425,0.2297
0.219450,0.3078
0.219475,0.3981
0.219500,0.4980
0.219525,0.6149
0.219550,0.7390
0.219575,0.8687
0.219600,1.0009
0.219625,1.1145
0.219650,1.2177
0.219675,1.3176
0.219700,1.3966
0.219725,1.4844
0.219750,1.5787
0.219775,1.6714
0.219800,1.7842
0.219825,1.8833
0.219850,1.9873
0.219875,2.0936
0.219900,2.1992
0.219925,2.3112
0.219950,2.4168
0.219975,2.5232
0.220000,2.6223
0.220025,2.7166
0.220050,2.8060
0.220075,2.8858
0.220100,2.9623
0.220125,3.0349
0.220150,3.0969
0.220175,3.1485
0.220200,3.1896
0.220225,3.2178
0.220250,3.2371
0.220275,3.2476
0.220300,3.2468
0.220325,3.2388
0.220350,3.2178
0.220375,3.1848
0.220400,3.1437
0.220425,3.0905
0.220450,3.0308
0.220475,2.9583
0.220500,2.8793
0.220525,2.7963
0.220550,2.7085
0.220575,2.6247
0.220600,2.5223
0.220625,2.4176
0.220650,2.3128
0.220675,2.2032
0.220700,2.1114
0.220725,1.9993
0.220750,1.8881
0.220775,1.7785
0.220800,1.6722
0.220825,1.5851
0.220850,1.4836
0.220875,1.3635
0.220900,1.2330
0.220925,1.0927
0.220950,0.9485
0.220975,0.8131
0.221000,0.6769
0.221025,0.5552
0.221050,0.4505
0.221075,0.3594
0.221100,0.2780
0.221125,0.2023
0.221150,0.1410
0.221175,0.0919
0.221200,0.0572
0.221225,0.0347
0.221250,0.0210
0.221275,0.0161
0.221300,0.0210
0.221325,0.0387
0.221350,0.0701
0.221375,0.1136
0.221400,0.1660
0.221425,0.2297
0.221450,0.3054
0.221475,0.3925
0.221500,0.4988
0.221525,0.6157
0.221550,0.7390
0.221575,0.8744
0.221600,1.0081
0.221625,1.1113
0.221650,1.2088
0.221675,1.2902
0.221700,1.3692
0.221725,1.4739
0.221750,1.5827
0.221775,1.6939
0.221800,1.7922
0.221825,1.8881
0.221850,1.9897
0.221875,2.0952
0.221900,2.2113
0.221925,2.3177
0.221950,2.4152
0.221975,2.5143
0.222000,2.6118
0.222025,2.7109
0.222050,2.8076
0.222075,2.8906
0.222100,2.9648
0.222125,3.0365
0.222150,3.0953
0.222175,3.1477
0.222200,3.1904
0.222225,3.2186
0.222250,3.2379
0.222275,3.2460
0.222300,3.2468
0.222325,3.2379
0.222350,3.2178
0.222375,3.1864
0.222400,3.1421
0.222425,3.0905
0.222450,3.0300
0.222475,2.9591
0.222500,2.8842
0.222525,2.7955
0.222550,2.7045
0.222575,2.6118
0.222600,2.5119
0.222625,2.4152
0.222650,2.3177
0.222675,2.2193
0.222700,2.1130
0.222725,2.0010
0.222750,1.8881
0.222775,1.7801
0.222800,1.6891
0.222825,1.5884
0.222850,1.4868
0.222875,1.3708
0.222900,1.2305
0.222925,1.0968
0.222950,0.9485
0.222975,0.8002
0.223000,0.6721
0.223025,0.5528
0.223050,0.4497
0.223075,0.3602
0.223100,0.2740
0.223125,0.2015
0.223150,0.1394
0.223175,0.0919
0.223200,0.0580
0.223225,0.0347
0.223250,0.0218
0.223275,0.0161
0.223300,0.0218
0.223325,0.0395
0.223350,0.0701
0.223375,0.1136
0.223400,0.1644
0.223425,0.2297
0.223450,0.3070
0.223475,0.3997
0.223500,0.5037
0.223525,0.6157
0.223550,0.7317
0.223575,0.8623
0.223600,0.9872
0.223625,1.0976
0.223650,1.2023
0.223675,1.2918
0.223700,1.3885
0.223725,1.4820
0.223750,1.5779
0.223775,1.6730
0.223800,1.7689
0.223825,1.8777
0.223850,1.9913
0.223875,2.1097
0.223900,2.2161
0.223925,2.3185
0.223950,2.4144
0.223975,2.5111
0.224000,2.6174
0.224025,2.7133
0.224050,2.8060
0.224075,2.8858
0.224100,2.9599
0.224125,3.0333
0.224150,3.0961
0.224175,3.1493
0.224200,3.1904
0.224225,3.2186
0.224250,3.2371
0.224275,3.2460
0.224300,3.2468
0.224325,3.2379
0.224350,3.2170
0.224375,3.1840
0.224400,3.1412
0.224425,3.0913
0.224450,3.0325
0.224475,2.9656
0.224500,2.8850
0.224525,2.7971
0.224550,2.7053
0.224575,2.6150
0.224600,2.5215
0.224625,2.4176
0.224650,2.3128
0.224675,2.2008
0.224700,2.0977
0.224725,1.9961
0.224750,1.8954
0.224775,1.8027
0.224800,1.6947
0.224825,1.5924
0.224850,1.4860
0.224875,1.3587
0.224900,1.2265
0.224925,1.0944
0.224950,0.9477
0.224975,0.8099
0.225000,2.8052
0.225025,2.7480
0.225050,2.6924
0.225075,2.6037
0.225100,2.5151
0.225125,2.4184
0.225150,2.3112
0.225175,2.1984
0.225200,2.0936
0.225225,1.9808
0.225250,1.8825
0.225275,1.7866
0.225300,1.6770
0.225325,1.5755
0.225350,1.4699
0.225375,1.3538
0.225400,1.2322
0.225425,1.0968
0.225450,0.9485
0.225475,0.8067
0.225500,0.6777
0.225525,0.5601
0.225550,0.4569
0.225575,0.3610
0.225600,0.2764
0.225625,0.2023
0.225650,0.1410
0.225675,0.0927
0.225700,0.0572
0.225725,0.0347
0.225750,0.0210
0.225775,0.0169
0.225800,0.0218
0.225825,0.0395
0.225850,0.0701
0.225875,0.1128
0.225900,0.1676
0.225925,0.2321
0.225950,0.3111
0.225975,0.4029
0.226000,0.5045
0.226025,0.6165
0.226050,0.7325
0.226075,0.8526
0.226100,0.9751
0.226125,1.0863
0.226150,1.1895
0.226175,1.2902
0.226200,1.3692
0.226225,1.4618
0.226250,1.5593
0.226275,1.6536
0.226300,1.7689
0.226325,1.8768
0.226350,1.9913
0.226375,2.0985
0.226400,2.2048
0.226425,2.3088
0.226450,2.4023
0.226475,2.5127
0.226500,2.6126
0.226525,2.7077
0.226550,2.8020
0.226575,2.8801
0.226600,2.9591
0.226625,3.0341
0.226650,3.0961
0.226675,3.1501
0.226700,3.1896
0.226725,3.2178
0.226750,3.2355
0.226775,3.2452
0.226800,3.2460
0.226825,3.2371
0.226850,3.2162
0.226875,3.1823
0.226900,3.1404
0.226925,3.0897
0.226950,3.0316
0.226975,2.9599
0.227000,2.8785
0.227025,2.7915
0.227050,2.6996
0.227075,2.6142
0.227100,2.5103
0.227125,2.4063
0.227150,2.3015
0.227175,2.1903
0.227200,2.0968
0.227225,1.9953
0.227250,1.8954
0.227275,1.7842
0.227300,1.6762
0.227325,1.5747
0.227350,1.4683
0.227375,1.3587
0.227400,1.2378
0.227425,1.1056
0.227450,0.9590
0.227475,0.8204
0.227500,0.6826
0.227525,0.5577
0.227550,0.4505
0.227575,0.3586
0.227600,0.2748
0.227625,0.2031
0.227650,0.1426
0.227675,0.0927
0.227700,0.0572
0.227725,0.0338
0.227750,0.0201
0.227775,0.0161
0.227800,0.0218
0.227825,0.0387
0.227850,0.0693
0.227875,0.1128
0.227900,0.1676
0.227925,0.2313
0.227950,0.3103
0.227975,0.3981
0.228000,0.5061
0.228025,0.6237
0.228050,0.7478
0.228075,0.8768
0.228100,1.0009
0.228125,1.1129
0.228150,1.2177
0.228175,1.2974
0.228200,1.3756
0.228225,1.4651
0.228250,1.5577
0.228275,1.6714
0.228300,1.7697
0.228325,1.8688
0.228350,1.9727
0.228375,2.0791
0.228400,2.1992
0.228425,2.3112
0.228450,2.4168
0.228475,2.5167
0.228500,2.6158
0.228525,2.7093
0.228550,2.7996
0.228575,2.8850
0.228600,2.9607
0.228625,3.0325
0.228650,3.0937
0.228675,3.1469
0.228700,3.1888
0.228725,3.2186
0.228750,3.2371
0.228775,3.2460
0.228800,3.2460
0.228825,3.2379
0.228850,3.2162
0.228875,3.1840
0.228900,3.1404
0.228925,3.0873
0.228950,3.0268
0.228975,2.9559
0.229000,2.8793
0.229025,2.7955
0.229050,2.7093
0.229075,2.6150
0.229100,2.5127
0.229125,2.4079
0.229150,2.3023
0.229175,2.2024
0.229200,2.0960
0.229225,1.9840
0.229250,1.8736
0.229275,1.7640
0.229300,1.6722
0.229325,1.5851
0.229350,1.4836
0.229375,1.3764
0.229400,1.2459
0.229425,1.1048
0.229450,0.9614
0.229475,0.8123
0.229500,0.6826
0.229525,0.5601
0.229550,0.4553
0.229575,0.3651
0.229600,0.2772
0.229625,0.2031
0.229650,0.1410
0.229675,0.0927
0.229700,0.0572
0.229725,0.0347
0.229750,0.0210
0.229775,0.0169
0.229800,0.0218
0.229825,0.0395
0.229850,0.0701
0.229875,0.1136
0.229900,0.1660
0.229925,0.2289
0.229950,0.3054
0.229975,0.3997
0.230000,0.5061
0.230025,0.6229
0.230050,0.7454
0.230075,0.8744
0.230100,0.9872
0.230125,1.0911
0.230150,1.1878
0.230175,1.2692
0.230200,1.3684
0.230225,1.4739
0.230250,1.5827
0.230275,1.6786
0.230300,1.7761
0.230325,1.8712
0.230350,1.9727
0.230375,2.0928
0.230400,2.2000
0.230425,2.3064
0.230450,2.4047
0.230475,2.5038
0.230500,2.6110
0.230525,2.7117
0.230550,2.8068
0.230575,2.8882
0.230600,2.9623
0.230625,3.0341
0.230650,3.0937
0.230675,3.1485
0.230700,3.1896
0.230725,3.2178
0.230750,3.2363
0.230775,3.2460
0.230800,3.2468
0.230825,3.2388
0.230850,3.2194
0.230875,3.1848
0.230900,3.1412
0.230925,3.0881
0.230950,3.0284
0.230975,2.9591
0.231000,2.8785
0.231025,2.7907
0.231050,2.6996
0.231075,2.6070
0.231100,2.5119
0.231125,2.4152
0.231150,2.3177
0.231175,2.2048
0.231200,2.1001
0.231225,1.9873
0.231250,1.8744
0.231275,1.7801
0.231300,1.6705
0.231325,1.5714
0.231350,1.4699
0.231375,1.3538
0.231400,1.2314
0.231425,1.0968
0.231450,0.9485
0.231475,0.8067
0.231500,0.6777
0.231525,0.5593
0.231550,0.4569
0.231575,0.3610
0.231600,0.2772
0.231625,0.2031
0.231650,0.1418
0.231675,0.0927
0.231700,0.0572
0.231725,0.0338
0.231750,0.0210
0.231775,0.0161
0.231800,0.0218
0.231825,0.0395
0.231850,0.0701
0.231875,0.1128
0.231900,0.1676
0.231925,0.2329
0.231950,0.3111
0.231975,0.4037
0.232000,0.5053
0.232025,0.6173
0.232050,0.7333
0.232075,0.8518
0.232100,0.9743
0.232125,1.0855
0.232150,1.1895
0.232175,1.2902
0.232200,1.3708
0.232225,1.4626
0.232250,1.5601
0.232275,1.6544
0.232300,1.7689
0.232325,1.8777
0.232350,1.9913
0.232375,2.0985
0.232400,2.2040
0.232425,2.3072
0.232450,2.4039
0.232475,2.5127
0.232500,2.6126
0.232525,2.7085
0.232550,2.8012
0.232575,2.8810
0.232600,2.9591
0.232625,3.0341
0.232650,3.0961
0.232675,3.1493
0.232700,3.1896
0.232725,3.2178
0.232750,3.2371
0.232775,3.2468
0.232800,3.2476
0.232825,3.2379
0.232850,3.2170
0.232875,3.1840
0.232900,3.1412
0.232925,3.0913
0.232950,3.0325
0.232975,2.9599
0.233000,2.8793
0.233025,2.7915
0.233050,2.7004
0.233075,2.6142
0.233100,2.5103
0.233125,2.4063
0.233150,2.3015
0.233175,2.1911
0.233200,2.0968
0.233225,1.9953
0.233250,1.8946
0.233275,1.7834
0.233300,1.6762
0.233325,1.5747
0.233350,1.4683
0.233375,1.3595
0.233400,1.2394
0.233425,1.1064
0.233450,0.9606
0.233475,0.8220
0.233500,0.6834
0.233525,0.5577
0.233550,0.4505
0.233575,0.3586
0.233600,0.2748
0.233625,0.2031
0.233650,0.1426
0.233675,0.0919
0.233700,0.0580
0.233725,0.0338
0.233750,0.0210
0.233775,0.0161
0.233800,0.0218
0.233825,0.0395
0.233850,0.0693
0.233875,0.1136
0.233900,0.1668
0.233925,0.2321
0.233950,0.3103
0.233975,0.3989
0.234000,0.5069
0.234025,0.6245
0.234050,0.7478
0.234075,0.8768
0.234100,1.0009
0.234125,1.1137
0.234150,1.2177
0.234175,1.2982
0.234200,1.3764
0.234225,1.4651
0.234250,1.5585
0.234275,1.6714
0.234300,1.7697
0.234325,1.8688
0.234350,1.9744
0.234375,2.0799
0.234400,2.2000
0.234425,2.3120
0.234450,2.4168
0.234475,2.5167
0.234500,2.6158
0.234525,2.7093
0.234550,2.8004
0.234575,2.8858
0.234600,2.9615
0.234625,3.0333
0.234650,3.0945
0.234675,3.1469
0.234700,3.1888
0.234725,3.2186
0.234750,3.2371
0.234775,3.2468
0.234800,3.2468
0.234825,3.2379
0.234850,3.2170
0.234875,3.1848
0.234900,3.1404
0.234925,3.0881
0.234950,3.0276
0.234975,2.9551
0.235000,2.8793
0.235025,2.7955
0.235050,2.7093
0.235075,2.6158
0.235100,2.5135
0.235125,2.4087
0.235150,2.3032
0.235175,2.2024
0.235200,2.0952
0.235225,1.9840
0.235250,1.8728
0.235275,1.7632
0.235300,1.6722
0.235325,1.5851
0.235350,1.4836
0.235375,1.3764
0.235400,1.2459
0.235425,1.1048
0.235450,0.9614
0.235475,0.8123
0.235500,0.6818
0.235525,0.5601
0.235550,0.4553
0.235575,0.3651
0.235600,0.2772
0.235625,0.2031
0.235650,0.1402
0.235675,0.0911
0.235700,0.0572
0.235725,0.0338
0.235750,0.0210
0.235775,0.0169
0.235800,0.0218
0.235825,0.0395
0.235850,0.0701
0.235875,0.1136
0.235900,0.1668
0.235925,0.2297
0.235950,0.3046
0.235975,0.3997
0.236000,0.5061
0.236025,0.6221
0.236050,0.7454
0.236075,0.8744
0.236100,0.9864
0.236125,1.0903
0.236150,1.1870
0.236175,1.2684
0.236200,1.3675
0.236225,1.4731
0.236250,1.5819
0.236275,1.6778
0.236300,1.7753
0.236325,1.8704
0.236350,1.9727
0.236375,2.0928
0.236400,2.2008
0.236425,2.3072
0.236450,2.4055
0.236475,2.5046
0.236500,2.6118
0.236525,2.7117
0.236550,2.8076
0.236575,2.8882
0.236600,2.9623
0.236625,3.0333
0.236650,3.0921
0.236675,3.1477
0.236700,3.1888
0.236725,3.2178
0.236750,3.2363
0.236775,3.2452
0.236800,3.2460
0.236825,3.2379
0.236850,3.2178
0.236875,3.1840
0.236900,3.1412
0.236925,3.0889
0.236950,3.0292
0.236975,2.9599
0.237000,2.8793
0.237025,2.7907
0.237050,2.6988
0.237075,2.6070
0.237100,2.5119
0.237125,2.4144
0.237150,2.3177
0.237175,2.2048
0.237200,2.0993
0.237225,1.9873
0.237250,1.8744
0.237275,1.7801
0.237300,1.6714
0.237325,1.5722
0.237350,1.4699
0.237375,1.3538
0.237400,1.2322
0.237425,1.0968
0.237450,0.9485
0.237475,0.8067
0.237500,0.6777
0.237525,0.5593
0.237550,0.4569
0.237575,0.3610
0.237600,0.2764
0.237625,0.2023
0.237650,0.1410
0.237675,0.0935
0.237700,0.0572
0.237725,0.0338
0.237750,0.0210
0.237775,0.0161
0.237800,0.0218
0.237825,0.0395
0.237850,0.0701
0.237875,0.1128
0.237900,0.1676
0.237925,0.2329
0.237950,0.3111
0.237975,0.4037
0.238000,0.5045
0.238025,0.6157
0.238050,0.7333
0.238075,0.8518
0.238100,0.9751
0.238125,1.0855
0.238150,1.1886
0.238175,1.2894
0.238200,1.3692
0.238225,1.4618
0.238250,1.5593
0.238275,1.6544
0.238300,1.7689
0.238325,1.8768
0.238350,1.9905
0.238375,2.0985
0.238400,2.2048
0.238425,2.3080
0.238450,2.4039
0.238475,2.5127
0.238500,2.6126
0.238525,2.7085
0.238550,2.8004
0.238575,2.8810
0.238600,2.9599
0.238625,3.0333
0.238650,3.0961
0.238675,3.1493
0.238700,3.1896
0.238725,3.2178
0.238750,3.2355
0.238775,3.2460
0.238800,3.2468
0.238825,3.2379
0.238850,3.2170
0.238875,3.1832
0.238900,3.1404
0.238925,3.0897
0.238950,3.0325
0.238975,2.9599
0.239000,2.8801
0.239025,2.7915
0.239050,2.7004
0.239075,2.6142
0.239100,2.5095
0.239125,2.4063
0.239150,2.3007
0.239175,2.1903
0.239200,2.0968
0.239225,1.9953
0.239250,1.8954
0.239275,1.7842
0.239300,1.6762
0.239325,1.5747
0.239350,1.4683
0.239375,1.3595
0.239400,1.2394
0.239425,1.1064
0.239450,0.9598
0.239475,0.8212
0.239500,0.6834
0.239525,0.5577
0.239550,0.4505
0.239575,0.3578
0.239600,0.2748
0.239625,0.2023
0.239650,0.1418
0.239675,0.0919
0.239700,0.0572
0.239725,0.0338
0.239750,0.0201
0.239775,0.0161
0.239800,0.0218
0.239825,0.0387
0.239850,0.0685
0.239875,0.1136
0.239900,0.1668
0.239925,0.2321
0.239950,0.3103
0.239975,0.3981
0.240000,0.5069
0.240025,0.6229
0.240050,0.7470
0.240075,0.8768
0.240100,1.0009
0.240125,1.1145
0.240150,1.2185
0.240175,1.2982
0.240200,1.3764
0.240225,1.4659
0.240250,1.5577
0.240275,1.6714
0.240300,1.7697
0.240325,1.8680
0.240350,1.9744
0.240375,2.0799
0.240400,2.1992
0.240425,2.3120
0.240450,2.4160
0.240475,2.5167
0.240500,2.6150
0.240525,2.7093
0.240550,2.7996
0.240575,2.8858
0.240600,2.9607
0.240625,3.0333
0.240650,3.0937
0.240675,3.1461
0.240700,3.1888
0.240725,3.2178
0.240750,3.2371
0.240775,3.2460
0.240800,3.2460
0.240825,3.2371
0.240850,3.2178
0.240875,3.1848
0.240900,3.1412
0.240925,3.0881
0.240950,3.0276
0.240975,2.9567
0.241000,2.8793
0.241025,2.7963
0.241050,2.7093
0.241075,2.6158
0.241100,2.5143
0.241125,2.4087
0.241150,2.3040
0.241175,2.2024
0.241200,2.0952
0.241225,1.9840
0.241250,1.8728
0.241275,1.7640
0.241300,1.6722
0.241325,1.5851
0.241350,1.4836
0.241375,1.3764
0.241400,1.2459
0.241425,1.1056
0.241450,0.9614
0.241475,0.8123
0.241500,0.6818
0.241525,0.5601
0.241550,0.4553
0.241575,0.3642
0.241600,0.2772
0.241625,0.2023
0.241650,0.1402
0.241675,0.0911
0.241700,0.0572
0.241725,0.0338
0.241750,0.0210
0.241775,0.0161
0.241800,0.0218
0.241825,0.0395
0.241850,0.0701
0.241875,0.1136
0.241900,0.1668
0.241925,0.2297
0.241950,0.3054
0.241975,0.3989
0.242000,0.5045
0.242025,0.6221
0.242050,0.7454
0.242075,0.8744
0.242100,0.9872
0.242125,1.0911
0.242150,1.1878
0.242175,1.2692
0.242200,1.3675
0.242225,1.4739
0.242250,1.5819
0.242275,1.6786
0.242300,1.7753
0.242325,1.8704
0.242350,1.9719
0.242375,2.0920
0.242400,2.2008
0.242425,2.3064
0.242450,2.4047
0.242475,2.5038
0.242500,2.6110
0.242525,2.7109
0.242550,2.8068
0.242575,2.8874
0.242600,2.9623
0.242625,3.0333
0.242650,3.0937
0.242675,3.1485
0.242700,3.1896
0.242725,3.2186
0.242750,3.2363
0.242775,3.2460
0.242800,3.2460
0.242825,3.2379
0.242850,3.2186
0.242875,3.1840
0.242900,3.1404
0.242925,3.0881
0.242950,3.0284
0.242975,2.9599
0.243000,2.8793
0.243025,2.7907
0.243050,2.7004
0.243075,2.6070
0.243100,2.5119
0.243125,2.4152
0.243150,2.3177
0.243175,2.2048
0.243200,2.1001
0.243225,1.9864
0.243250,1.8744
0.243275,1.7801
0.243300,1.6705
0.243325,1.5714
0.243350,1.4691
0.243375,1.3530
0.243400,1.2314
0.243425,1.0968
0.243450,0.9477
0.243475,0.8067
0.243500,0.6785
0.243525,0.5593
0.243550,0.4569
0.243575,0.3610
0.243600,0.2764
0.243625,0.2023
0.243650,0.1418
0.243675,0.0927
0.243700,0.0580
0.243725,0.0338
0.243750,0.0210
0.243775,0.0161
0.243800,0.0218
0.243825,0.0387
0.243850,0.0693
0.243875,0.1120
0.243900,0.1676
0.243925,0.2321
0.243950,0.3111
0.243975,0.4037
0.244000,0.5045
0.244025,0.6165
0.244050,0.7325
0.244075,0.8518
0.244100,0.9751
0.244125,1.0871
0.244150,1.1903
0.244175,1.2910
0.244200,1.3700
0.244225,1.4618
0.244250,1.5593
0.244275,1.6544
0.244300,1.7689
0.244325,1.8777
0.244350,1.9905
0.244375,2.0985
0.244400,2.2048
0.244425,2.3080
0.244450,2.4039
0.244475,2.5127
0.244500,2.6126
0.244525,2.7085
0.244550,2.8004
0.244575,2.8801
0.244600,2.9599
0.244625,3.0333
0.244650,3.0969
0.244675,3.1493
0.244700,3.1904
0.244725,3.2178
0.244750,3.2363
0.244775,3.2468
0.244800,3.2476
0.244825,3.2388
0.244850,3.2178
0.244875,3.1832
0.244900,3.1412
0.244925,3.0905
0.244950,3.0325
0.244975,2.9599
0.245000,2.8793
0.245025,2.7923
0.245050,2.7004
0.245075,2.6150
0.245100,2.5103
0.245125,2.4063
0.245150,2.3007
0.245175,2.1903
0.245200,2.0968
0.245225,1.9953
0.245250,1.8954
0.245275,1.7842
0.245300,1.6770
0.245325,1.5755
0.245350,1.4691
0.245375,1.3595
0.245400,1.2386
0.245425,1.1064
0.245450,0.9598
0.245475,0.8220
0.245500,0.6834
0.245525,0.5577
0.245550,0.4505
0.245575,0.3578
0.245600,0.2748
0.245625,0.2023
0.245650,0.1426
0.245675,0.0927
0.245700,0.0572
0.245725,0.0338
0.245750,0.0210
0.245775,0.0161
0.245800,0.0218
0.245825,0.0387
0.245850,0.0693
0.245875,0.1136
0.245900,0.1676
0.245925,0.2329
0.245950,0.3111
0.245975,0.3989
0.246000,0.5069
0.246025,0.6237
0.246050,0.7470
0.246075,0.8760
0.246100,1.0001
0.246125,1.1129
0.246150,1.2177
0.246175,1.2974
0.246200,1.3764
0.246225,1.4659
0.246250,1.5585
0.246275,1.6722
0.246300,1.7697
0.246325,1.8696
0.246350,1.9736
0.246375,2.0799
0.246400,2.1992
0.246425,2.3120
0.246450,2.4168
0.246475,2.5167
0.246500,2.6158
0.246525,2.7093
0.246550,2.8004
0.246575,2.8850
0.246600,2.9607
0.246625,3.0341
0.246650,3.0945
0.246675,3.1485
0.246700,3.1896
0.246725,3.2186
0.246750,3.2371
0.246775,3.2460
0.246800,3.2460
0.246825,3.2371
0.246850,3.2170
0.246875,3.1840
0.246900,3.1396
0.246925,3.0873
0.246950,3.0268
0.246975,2.9551
0.247000,2.8793
0.247025,2.7963
0.247050,2.7093
0.247075,2.6158
0.247100,2.5127
0.247125,2.4079
0.247150,2.3032
0.247175,2.2032
0.247200,2.0960
0.247225,1.9848
0.247250,1.8728
0.247275,1.7632
0.247300,1.6714
0.247325,1.5851
0.247350,1.4836
0.247375,1.3764
0.247400,1.2459
0.247425,1.1048
0.247450,0.9614
0.247475,0.8123
0.247500,0.6818
0.247525,0.5601
0.247550,0.4553
0.247575,0.3642
0.247600,0.2764
0.247625,0.2023
0.247650,0.1402
0.247675,0.0911
0.247700,0.0572
0.247725,0.0330
0.247750,0.0201
0.247775,0.0161
0.247800,0.0218
0.247825,0.0395
0.247850,0.0701
0.247875,0.1136
0.247900,0.1668
0.247925,0.2297
0.247950,0.3054
0.247975,0.3997
0.248000,0.5053
0.248025,0.6221
0.248050,0.7454
0.248075,0.8744
0.248100,0.9872
0.248125,1.0911
0.248150,1.1878
0.248175,1.2692
0.248200,1.3692
0.248225,1.4747
0.248250,1.5827
0.248275,1.6778
0.248300,1.7745
0.248325,1.8696
0.248350,1.9711
0.248375,2.0920
0.248400,2.2008
0.248425,2.3064
0.248450,2.4047
0.248475,2.5046
0.248500,2.6118
0.248525,2.7117
0.248550,2.8076
0.248575,2.8882
0.248600,2.9623
0.248625,3.0333
0.248650,3.0937
0.248675,3.1485
0.248700,3.1896
0.248725,3.2178
0.248750,3.2363
0.248775,3.2452
0.248800,3.2460
0.248825,3.2379
0.248850,3.2178
0.248875,3.1840
0.248900,3.1404
0.248925,3.0881
0.248950,3.0276
0.248975,2.9591
0.249000,2.8785
0.249025,2.7899
0.249050,2.6988
0.249075,2.6070
0.249100,2.5111
0.249125,2.4152
0.249150,2.3177
0.249175,2.2048
0.249200,2.1001
0.249225,1.9873
0.249250,1.8744
0.249275,1.7801
0.249300,1.6714
0.249325,1.5722
0.249350,1.4699
0.249375,1.3530
0.249400,1.2314
0.249425,1.0968
0.249450,0.9485
0.249475,0.8067
0.249500,0.6785
0.249525,0.5601
0.249550,0.4569
0.249575,0.3610
0.249600,0.2756
0.249625,0.2023
0.249650,0.1418
0.249675,0.0927
0.249700,0.0580
0.249725,0.0338
0.249750,0.0210
0.249775,0.0161
0.249800,0.0218
0.249825,0.0387
0.249850,0.0693
0.249875,0.1128
0.249900,0.1668
0.249925,0.2321
0.249950,0.3111
0.249975,0.4037
0.250000,0.5012
0.250025,0.4634
0.250050,0.4400
0.250075,0.3675
0.250100,0.2764
0.250125,0.2023
0.250150,0.1402
0.250175,0.0911
0.250200,0.0572
0.250225,0.0347
0.250250,0.0210
0.250275,0.0161
0.250300,0.0218
0.250325,0.0387
0.250350,0.0701
0.250375,0.1144
0.250400,0.1660
0.250425,0.2297
0.250450,0.3054
0.250475,0.3925
0.250500,0.4980
0.250525,0.6149
0.250550,0.7382
0.250575,0.8736
0.250600,1.0081
0.250625,1.1121
0.250650,1.2088
0.250675,1.2910
0.250700,1.3684
0.250725,1.4747
0.250750,1.5827
0.250775,1.6939
0.250800,1.7914
0.250825,1.8857
0.250850,1.9881
0.250875,2.0920
0.250900,2.2097
0.250925,2.3160
0.250950,2.4144
0.250975,2.5143
0.251000,2.6110
0.251025,2.7117
0.251050,2.8068
0.251075,2.8914
0.251100,2.9648
0.251125,3.0357
0.251150,3.0961
0.251175,3.1477
0.251200,3.1904
0.251225,3.2186
0.251250,3.2371
0.251275,3.2460
0.251300,3.2460
0.251325,3.2379
0.251350,3.2194
0.251375,3.1864
0.251400,3.1437
0.251425,3.0905
0.251450,3.0300
0.251475,2.9599
0.251500,2.8842
0.251525,2.7971
0.251550,2.7053
0.251575,2.6134
0.251600,2.5119
0.251625,2.4152
0.251650,2.3185
0.251675,2.2193
0.251700,2.1138
0.251725,2.0010
0.251750,1.8881
0.251775,1.7801
0.251800,1.6891
0.251825,1.5900
0.251850,1.4876
0.251875,1.3716
0.251900,1.2314
0.251925,1.0968
0.251950,0.9485
0.251975,0.8002
0.252000,0.6729
0.252025,0.5528
0.252050,0.4505
0.252075,0.3610
0.252100,0.2740
0.252125,0.2015
0.252150,0.1402
0.252175,0.0911
0.252200,0.0580
0.252225,0.0338
0.252250,0.0201
0.252275,0.0161
0.252300,0.0218
0.252325,0.0395
0.252350,0.0701
0.252375,0.1128
0.252400,0.1644
0.252425,0.2297
0.252450,0.3078
0.252475,0.4005
0.252500,0.5045
0.252525,0.6157
0.252550,0.7325
0.252575,0.8631
0.252600,0.9856
0.252625,1.0968
0.252650,1.1999
0.252675,1.2902
0.252700,1.3893
0.252725,1.4812
0.252750,1.5787
0.252775,1.6730
0.252800,1.7681
0.252825,1.8777
0.252850,1.9905
0.252875,2.1089
0.252900,2.2153
0.252925,2.3193
0.252950,2.4152
0.252975,2.5135
0.253000,2.6190
0.253025,2.7149
0.253050,2.8068
0.253075,2.8858
0.253100,2.9607
0.253125,3.0333
0.253150,3.0969
0.253175,3.1501
0.253200,3.1904
0.253225,3.2194
0.253250,3.2371
0.253275,3.2468
0.253300,3.2468
0.253325,3.2388
0.253350,3.2178
0.253375,3.1840
0.253400,3.1421
0.253425,3.0905
0.253450,3.0333
0.253475,2.9648
0.253500,2.8850
0.253525,2.7979
0.253550,2.7061
0.253575,2.6150
0.253600,2.5207
0.253625,2.4168
0.253650,2.3120
0.253675,2.2008
0.253700,2.0968
0.253725,1.9953
0.253750,1.8954
0.253775,1.8019
0.253800,1.6947
0.253825,1.5940
0.253850,1.4876
0.253875,1.3603
0.253900,1.2281
0.253925,1.0952
0.253950,0.9485
0.253975,0.8107
0.254000,0.6842
0.254025,0.5585
0.254050,0.4513
0.254075,0.3570
0.254100,0.2732
0.254125,0.1999
0.254150,0.1394
0.254175,0.0919
0.254200,0.0564
0.254225,0.0347
0.254250,0.0210
0.254275,0.0161
0.254300,0.0218
0.254325,0.0387
0.254350,0.0693
0.254375,0.1112
0.254400,0.1652
0.254425,0.2297
0.254450,0.3078
0.254475,0.3989
0.254500,0.4988
0.254525,0.6157
0.254550,0.7398
0.254575,0.8687
0.254600,1.0009
0.254625,1.1145
0.254650,1.2185
0.254675,1.3176
0.254700,1.3966
0.254725,1.4852
0.254750,1.5779
0.254775,1.6714
0.254800,1.7842
0.254825,1.8841
0.254850,1.9881
0.254875,2.0944
0.254900,2.1992
0.254925,2.3120
0.254950,2.4168
0.254975,2.5240
0.255000,2.6223
0.255025,2.7166
0.255050,2.8068
0.255075,2.8850
0.255100,2.9632
0.255125,3.0349
0.255150,3.0969
0.255175,3.1493
0.255200,3.1896
0.255225,3.2186
0.255250,3.2371
0.255275,3.2468
0.255300,3.2468
0.255325,3.2379
0.255350,3.2178
0.255375,3.1840
0.255400,3.1429
0.255425,3.0905
0.255450,3.0292
0.255475,2.9583
0.255500,2.8793
0.255525,2.7955
0.255550,2.7085
0.255575,2.6247
0.255600,2.5215
0.255625,2.4184
0.255650,2.3120
0.255675,2.2024
0.255700,2.1105
0.255725,1.9977
0.255750,1.8873
0.255775,1.7777
0.255800,1.6714
0.255825,1.5851
0.255850,1.4836
0.255875,1.3635
0.255900,1.2330
0.255925,1.0927
0.255950,0.9485
0.255975,0.8123
0.256000,0.6761
0.256025,0.5552
0.256050,0.4497
0.256075,0.3594
0.256100,0.2772
0.256125,0.2031
0.256150,0.1410
0.256175,0.0911
0.256200,0.0564
0.256225,0.0322
0.256250,0.0201
0.256275,0.0153
0.256300,0.0218
0.256325,0.0395
0.256350,0.0701
0.256375,0.1136
0.256400,0.1660
0.256425,0.2297
0.256450,0.3046
0.256475,0.3925
0.256500,0.4980
0.256525,0.6149
0.256550,0.7382
0.256575,0.8736
0.256600,1.0089
0.256625,1.1121
0.256650,1.2088
0.256675,1.2910
0.256700,1.3684
0.256725,1.4747
0.256750,1.5827
0.256775,1.6947
0.256800,1.7914
0.256825,1.8865
0.256850,1.9881
0.256875,2.0920
0.256900,2.2105
0.256925,2.3160
0.256950,2.4144
0.256975,2.5143
0.257000,2.6118
0.257025,2.7117
0.257050,2.8068
0.257075,2.8914
0.257100,2.9648
0.257125,3.0357
0.257150,3.0961
0.257175,3.1477
0.257200,3.1904
0.257225,3.2186
0.257250,3.2379
0.257275,3.2460
0.257300,3.2460
0.257325,3.2388
0.257350,3.2186
0.257375,3.1872
0.257400,3.1429
0.257425,3.0905
0.257450,3.0300
0.257475,2.9591
0.257500,2.8842
0.257525,2.7955
0.257550,2.7045
0.257575,2.6126
0.257600,2.5119
0.257625,2.4152
0.257650,2.3177
0.257675,2.2193
0.257700,2.1130
0.257725,2.0010
0.257750,1.8881
0.257775,1.7793
0.257800,1.6891
0.257825,1.5884
0.257850,1.4868
0.257875,1.3716
0.257900,1.2314
0.257925,1.0976
0.257950,0.9485
0.257975,0.8002
0.258000,0.6721
0.258025,0.5536
0.258050,0.4521
0.258075,0.3626
0.258100,0.2764
0.258125,0.2023
0.258150,0.1402
0.258175,0.0919
0.258200,0.0572
0.258225,0.0347
0.258250,0.0201
0.258275,0.0161
0.258300,0.0218
0.258325,0.0387
0.258350,0.0701
0.258375,0.1128
0.258400,0.1644
0.258425,0.2305
0.258450,0.3078
0.258475,0.4013
0.258500,0.5053
0.258525,0.6165
0.258550,0.7333
0.258575,0.8631
0.258600,0.9856
0.258625,1.0960
0.258650,1.2007
0.258675,1.2902
0.258700,1.3885
0.258725,1.4820
0.258750,1.5779
0.258775,1.6738
0.258800,1.7689
0.258825,1.8777
0.258850,1.9905
0.258875,2.1097
0.258900,2.2161
0.258925,2.3193
0.258950,2.4152
0.258975,2.5119
0.259000,2.6182
0.259025,2.7141
0.259050,2.8060
0.259075,2.8866
0.259100,2.9599
0.259125,3.0333
0.259150,3.0969
0.259175,3.1501
0.259200,3.1904
0.259225,3.2186
0.259250,3.2371
0.259275,3.2460
0.259300,3.2476
0.259325,3.2379
0.259350,3.2170
0.259375,3.1840
0.259400,3.1404
0.259425,3.0905
0.259450,3.0316
0.259475,2.9648
0.259500,2.8850
0.259525,2.7971
0.259550,2.7069
0.259575,2.6150
0.259600,2.5215
0.259625,2.4176
0.259650,2.3128
0.259675,2.2024
0.259700,2.0977
0.259725,1.9961
0.259750,1.8954
0.259775,1.8019
0.259800,1.6947
0.259825,1.5924
0.259850,1.4868
0.259875,1.3595
0.259900,1.2273
0.259925,1.0944
0.259950,0.9477
0.259975,0.8099
0.260000,0.6826
0.260025,0.5577
0.260050,0.4505
0.260075,0.3562
0.260100,0.2716
0.260125,0.1999
0.260150,0.1394
0.260175,0.0919
0.260200,0.0572
0.260225,0.0338
0.260250,0.0201
0.260275,0.0161
0.260300,0.0218
0.260325,0.0387
0.260350,0.0693
0.260375,0.1112
0.260400,0.1644
0.260425,0.2297
0.260450,0.3078
0.260475,0.3989
0.260500,0.4980
0.260525,0.6157
0.260550,0.7390
0.260575,0.8679
0.260600,1.0009
0.260625,1.1137
0.260650,1.2185
0.260675,1.3176
0.260700,1.3966
0.260725,1.4852
0.260750,1.5779
0.260775,1.6722
0.260800,1.7850
0.260825,1.8841
0.260850,1.9889
0.260875,2.0944
0.260900,2.1992
0.260925,2.3120
0.260950,2.4168
0.260975,2.5240
0.261000,2.6231
0.261025,2.7158
0.261050,2.8060
0.261075,2.8850
0.261100,2.9623
0.261125,3.0349
0.261150,3.0969
0.261175,3.1493
0.261200,3.1896
0.261225,3.2186
0.261250,3.2379
0.261275,3.2476
0.261300,3.2476
0.261325,3.2388
0.261350,3.2178
0.261375,3.1848
0.261400,3.1429
0.261425,3.0905
0.261450,3.0292
0.261475,2.9583
0.261500,2.8793
0.261525,2.7955
0.261550,2.7093
0.261575,2.6247
0.261600,2.5223
0.261625,2.4176
0.261650,2.3120
0.261675,2.2024
0.261700,2.1105
0.261725,1.9993
0.261750,1.8889
0.261775,1.7793
0.261800,1.6730
0.261825,1.5851
0.261850,1.4836
0.261875,1.3635
0.261900,1.2330
0.261925,1.0927
0.261950,0.9485
0.261975,0.8123
0.262000,0.6769
0.262025,0.5552
0.262050,0.4505
0.262075,0.3602
0.262100,0.2772
0.262125,0.2023
0.262150,0.1402
0.262175,0.0911
0.262200,0.0572
0.262225,0.0338
0.262250,0.0210
0.262275,0.0161
0.262300,0.0210
0.262325,0.0395
0.262350,0.0693
0.262375,0.1136
0.262400,0.1660
0.262425,0.2297
0.262450,0.3054
0.262475,0.3916
0.262500,0.4988
0.262525,0.6149
0.262550,0.7382
0.262575,0.8744
0.262600,1.0073
0.262625,1.1121
0.262650,1.2080
0.262675,1.2902
0.262700,1.3684
0.262725,1.4739
0.262750,1.5827
0.262775,1.6939
0.262800,1.7914
0.262825,1.8865
0.262850,1.9881
0.262875,2.0928
0.262900,2.2105
0.262925,2.3160
0.262950,2.4136
0.262975,2.5143
0.263000,2.6102
0.263025,2.7109
0.263050,2.8076
0.263075,2.8906
0.263100,2.9656
0.263125,3.0357
0.263150,3.0961
0.263175,3.1477
0.263200,3.1896
0.263225,3.2186
0.263250,3.2363
0.263275,3.2460
0.263300,3.2468
0.263325,3.2388
0.263350,3.2194
0.263375,3.1864
0.263400,3.1437
0.263425,3.0913
0.263450,3.0308
0.263475,2.9599
0.263500,2.8842
0.263525,2.7971
0.263550,2.7045
0.263575,2.6126
0.263600,2.5119
0.263625,2.4152
0.263650,2.3185
0.263675,2.2193
0.263700,2.1130
0.263725,2.0001
0.263750,1.8881
0.263775,1.7801
0.263800,1.6891
0.263825,1.5908
0.263850,1.4876
0.263875,1.3716
0.263900,1.2314
0.263925,1.0968
0.263950,0.9477
0.263975,0.8002
0.264000,0.6721
0.264025,0.5520
0.264050,0.4505
0.264075,0.3602
0.264100,0.2748
0.264125,0.2015
0.264150,0.1394
0.264175,0.0919
0.264200,0.0572
0.264225,0.0347
0.264250,0.0210
0.264275,0.0161
0.264300,0.0218
0.264325,0.0387
0.264350,0.0701
0.264375,0.1120
0.264400,0.1644
0.264425,0.2297
0.264450,0.3086
0.264475,0.4013
0.264500,0.5045
0.264525,0.6165
0.264550,0.7325
0.264575,0.8631
0.264600,0.9856
0.264625,1.0968
0.264650,1.2007
0.264675,1.2902
0.264700,1.3885
0.264725,1.4812
0.264750,1.5787
0.264775,1.6730
0.264800,1.7689
0.264825,1.8768
0.264850,1.9913
0.264875,2.1097
0.264900,2.2153
0.264925,2.3193
0.264950,2.4144
0.264975,2.5127
0.265000,2.6182
0.265025,2.7149
0.265050,2.8068
0.265075,2.8866
0.265100,2.9599
0.265125,3.0341
0.265150,3.0969
0.265175,3.1501
0.265200,3.1912
0.265225,3.2186
0.265250,3.2371
0.265275,3.2460
0.265300,3.2468
0.265325,3.2379
0.265350,3.2162
0.265375,3.1840
0.265400,3.1404
0.265425,3.0905
0.265450,3.0325
0.265475,2.9648
0.265500,2.8850
0.265525,2.7971
0.265550,2.7053
0.265575,2.6142
0.265600,2.5207
0.265625,2.4176
0.265650,2.3120
0.265675,2.2008
0.265700,2.0977
0.265725,1.9953
0.265750,1.8954
0.265775,1.8019
0.265800,1.6947
0.265825,1.5940
0.265850,1.4868
0.265875,1.3595
0.265900,1.2273
0.265925,1.0944
0.265950,0.9485
0.265975,0.8099
0.266000,0.6834
0.266025,0.5585
0.266050,0.4505
0.266075,0.3562
0.266100,0.2724
0.266125,0.2007
0.266150,0.1402
0.266175,0.0927
0.266200,0.0580
0.266225,0.0338
0.266250,0.0210
0.266275,0.0169
0.266300,0.0218
0.266325,0.0395
0.266350,0.0693
0.266375,0.1112
0.266400,0.1652
0.266425,0.2289
0.266450,0.3070
0.266475,0.3989
0.266500,0.4972
0.266525,0.6149
0.266550,0.7390
0.266575,0.8679
0.266600,1.0009
0.266625,1.1129
0.266650,1.2177
0.266675,1.3168
0.266700,1.3958
0.266725,1.4844
0.266750,1.5779
0.266775,1.6722
0.266800,1.7842
0.266825,1.8841
0.266850,1.9881
0.266875,2.0944
0.266900,2.1992
0.266925,2.3120
0.266950,2.4168
0.266975,2.5240
0.267000,2.6231
0.267025,2.7166
0.267050,2.8068
0.267075,2.8858
0.267100,2.9632
0.267125,3.0357
0.267150,3.0969
0.267175,3.1493
0.267200,3.1896
0.267225,3.2178
0.267250,3.2379
0.267275,3.2468
0.267300,3.2468
0.267325,3.2388
0.267350,3.2178
0.267375,3.1856
0.267400,3.1437
0.267425,3.0913
0.267450,3.0300
0.267475,2.9583
0.267500,2.8793
0.267525,2.7955
0.267550,2.7085
0.267575,2.6247
0.267600,2.5215
0.267625,2.4176
0.267650,2.3128
0.267675,2.2024
0.267700,2.1105
0.267725,1.9993
0.267750,1.8873
0.267775,1.7777
0.267800,1.6714
0.267825,1.5843
0.267850,1.4828
0.267875,1.3635
0.267900,1.2330
0.267925,1.0927
0.267950,0.9485
0.267975,0.8123
0.268000,0.6761
0.268025,0.5552
0.268050,0.4497
0.268075,0.3594
0.268100,0.2772
0.268125,0.2023
0.268150,0.1402
0.268175,0.0911
0.268200,0.0564
0.268225,0.0338
0.268250,0.0201
0.268275,0.0161
0.268300,0.0210
0.268325,0.0387
0.268350,0.0709
0.268375,0.1136
0.268400,0.1676
0.268425,0.2305
0.268450,0.3054
0.268475,0.3933
0.268500,0.4980
0.268525,0.6149
0.268550,0.7390
0.268575,0.8736
0.268600,1.0081
0.268625,1.1113
0.268650,1.2088
0.268675,1.2910
0.268700,1.3684
0.268725,1.4747
0.268750,1.5827
0.268775,1.6939
0.268800,1.7914
0.268825,1.8857
0.268850,1.9881
0.268875,2.0920
0.268900,2.2097
0.268925,2.3168
0.268950,2.4144
0.268975,2.5143
0.269000,2.6110
0.269025,2.7109
0.269050,2.8076
0.269075,2.8906
0.269100,2.9656
0.269125,3.0365
0.269150,3.0961
0.269175,3.1485
0.269200,3.1896
0.269225,3.2186
0.269250,3.2371
0.269275,3.2460
0.269300,3.2468
0.269325,3.2379
0.269350,3.2178
0.269375,3.1856
0.269400,3.1421
0.269425,3.0897
0.269450,3.0300
0.269475,2.9599
0.269500,2.8842
0.269525,2.7971
0.269550,2.7053
0.269575,2.6134
0.269600,2.5119
0.269625,2.4152
0.269650,2.3185
0.269675,2.2193
0.269700,2.1138
0.269725,2.0001
0.269750,1.8881
0.269775,1.7801
0.269800,1.6891
0.269825,1.5892
0.269850,1.4876
0.269875,1.3708
0.269900,1.2305
0.269925,1.0968
0.269950,0.9477
0.269975,0.8010
0.270000,0.6721
0.270025,0.5536
0.270050,0.4505
0.270075,0.3602
0.270100,0.2748
0.270125,0.2007
0.270150,0.1394
0.270175,0.0919
0.270200,0.0580
0.270225,0.0338
0.270250,0.0210
0.270275,0.0161
0.270300,0.0218
0.270325,0.0395
0.270350,0.0701
0.270375,0.1128
0.270400,0.1644
0.270425,0.2297
0.270450,0.3078
0.270475,0.4005
0.270500,0.5053
0.270525,0.6165
0.270550,0.7333
0.270575,0.8639
0.270600,0.9864
0.270625,1.0968
0.270650,1.1999
0.270675,1.2902
0.270700,1.3877
0.270725,1.4812
0.270750,1.5779
0.270775,1.6730
0.270800,1.7689
0.270825,1.8777
0.270850,1.9913
0.270875,2.1089
0.270900,2.2153
0.270925,2.3185
0.270950,2.4144
0.270975,2.5119
0.271000,2.6190
0.271025,2.7141
0.271050,2.8076
0.271075,2.8866
0.271100,2.9591
0.271125,3.0333
0.271150,3.0953
0.271175,3.1501
0.271200,3.1904
0.271225,3.2194
0.271250,3.2371
0.271275,3.2460
0.271300,3.2468
0.271325,3.2388
0.271350,3.2178
0.271375,3.1832
0.271400,3.1412
0.271425,3.0897
0.271450,3.0325
0.271475,2.9648
0.271500,2.8850
0.271525,2.7971
0.271550,2.7053
0.271575,2.6150
0.271600,2.5207
0.271625,2.4176
0.271650,2.3128
0.271675,2.2016
0.271700,2.0977
0.271725,1.9953
0.271750,1.8954
0.271775,1.8019
0.271800,1.6939
0.271825,1.5932
0.271850,1.4868
0.271875,1.3595
0.271900,1.2273
0.271925,1.0944
0.271950,0.9485
0.271975,0.8099
0.272000,0.6834
0.272025,0.5577
0.272050,0.4505
0.272075,0.3562
0.272100,0.2724
0.272125,0.1999
0.272150,0.1402
0.272175,0.0927
0.272200,0.0580
0.272225,0.0338
0.272250,0.0210
0.272275,0.0161
0.272300,0.0218
0.272325,0.0387
0.272350,0.0693
0.272375,0.1104
0.272400,0.1644
0.272425,0.2297
0.272450,0.3078
0.272475,0.3989
0.272500,0.4980
0.272525,0.6157
0.272550,0.7390
0.272575,0.8679
0.272600,1.0009
0.272625,1.1137
0.272650,1.2177
0.272675,1.3176
0.272700,1.3958
0.272725,1.4844
0.272750,1.5779
0.272775,1.6714
0.272800,1.7850
0.272825,1.8841
0.272850,1.9889
0.272875,2.0944
0.272900,2.2000
0.272925,2.3128
0.272950,2.4168
0.272975,2.5240
0.273000,2.6223
0.273025,2.7158
0.273050,2.8076
0.273075,2.8858
0.273100,2.9640
0.273125,3.0357
0.273150,3.0969
0.273175,3.1485
0.273200,3.1888
0.273225,3.2178
0.273250,3.2363
0.273275,3.2460
0.273300,3.2460
0.273325,3.2371
0.273350,3.2162
0.273375,3.1848
0.273400,3.1429
0.273425,3.0905
0.273450,3.0300
0.273475,2.9583
0.273500,2.8801
0.273525,2.7963
0.273550,2.7101
0.273575,2.6255
0.273600,2.5223
0.273625,2.4184
0.273650,2.3128
0.273675,2.2032
0.273700,2.1105
0.273725,1.9993
0.273750,1.8881
0.273775,1.7785
0.273800,1.6722
0.273825,1.5851
0.273850,1.4836
0.273875,1.3635
0.273900,1.2330
0.273925,1.0927
0.273950,0.9485
0.273975,0.8123
0.274000,0.6769
0.274025,0.5544
0.274050,0.4505
0.274075,0.3594
0.274100,0.2772
0.274125,0.2023
0.274150,0.1402
0.274175,0.0911
0.274200,0.0572
0.274225,0.0347
0.274250,0.0210
0.274275,0.0161
0.274300,0.0210
0.274325,0.0387
0.274350,0.0693
0.274375,0.1136
0.274400,0.1660
0.274425,0.2289
0.274450,0.3046
0.274475,0.3916
0.274500,0.4980
0.274525,0.6149
0.274550,0.7382
0.274575,0.8744
0.274600,1.0081
0.274625,1.1121
0.274650,1.2088
0.274675,1.2910
0.274700,1.3684
0.274725,1.4739
0.274750,1.5827
0.274775,1.6939
0.274800,1.7914
0.274825,1.8873
0.274850,1.9881
0.274875,2.0936
0.274900,2.2105
0.274925,2.3160
0.274950,2.4144
0.274975,2.5135
0.275000,0.5327
0.275025,0.6068
0.275050,0.7527
0.275075,0.8856
0.275100,1.0017
0.275125,1.1201
0.275150,1.2273
0.275175,1.3079
0.275200,1.3861
0.275225,1.4747
0.275250,1.5674
0.275275,1.6770
0.275300,1.7906
0.275325,1.8865
0.275350,1.9889
0.275375,2.0944
0.275400,2.1992
0.275425,2.3128
0.275450,2.4160
0.275475,2.5240
0.275500,2.6223
0.275525,2.7158
0.275550,2.8076
0.275575,2.8850
0.275600,2.9640
0.275625,3.0357
0.275650,3.0961
0.275675,3.1493
0.275700,3.1896
0.275725,3.2194
0.275750,3.2371
0.275775,3.2476
0.275800,3.2476
0.275825,3.2379
0.275850,3.2178
0.275875,3.1848
0.275900,3.1429
0.275925,3.0905
0.275950,3.0300
0.275975,2.9591
0.276000,2.8793
0.276025,2.7963
0.276050,2.7093
0.276075,2.6247
0.276100,2.5223
0.276125,2.4176
0.276150,2.3120
0.276175,2.2016
0.276200,2.1105
0.276225,1.9985
0.276250,1.8881
0.276275,1.7785
0.276300,1.6714
0.276325,1.5851
0.276350,1.4836
0.276375,1.3635
0.276400,1.2330
0.276425,1.0927
0.276450,0.9485
0.276475,0.8123
0.276500,0.6769
0.276525,0.5544
0.276550,0.4505
0.276575,0.3594
0.276600,0.2772
0.276625,0.2023
0.276650,0.1410
0.276675,0.0911
0.276700,0.0572
0.276725,0.0338
0.276750,0.0210
0.276775,0.0169
0.276800,0.0218
0.276825,0.0395
0.276850,0.0701
0.276875,0.1136
0.276900,0.1660
0.276925,0.2289
0.276950,0.3046
0.276975,0.3916
0.277000,0.4980
0.277025,0.6149
0.277050,0.7382
0.277075,0.8744
0.277100,1.0081
0.277125,1.1121
0.277150,1.2080
0.277175,1.2902
0.277200,1.3684
0.277225,1.4739
0.277250,1.5827
0.277275,1.6939
0.277300,1.7914
0.277325,1.8865
0.277350,1.9881
0.277375,2.0920
0.277400,2.2105
0.277425,2.3168
0.277450,2.4152
0.277475,2.5143
0.277500,2.6118
0.277525,2.7117
0.277550,2.8068
0.277575,2.8914
0.277600,2.9656
0.277625,3.0357
0.277650,3.0961
0.277675,3.1485
0.277700,3.1896
0.277725,3.2178
0.277750,3.2363
0.277775,3.2452
0.277800,3.2460
0.277825,3.2379
0.277850,3.2186
0.277875,3.1864
0.277900,3.1437
0.277925,3.0913
0.277950,3.0316
0.277975,2.9599
0.278000,2.8850
0.278025,2.7971
0.278050,2.7053
0.278075,2.6126
0.278100,2.5119
0.278125,2.4160
0.278150,2.3177
0.278175,2.2193
0.278200,2.1130
0.278225,2.0001
0.278250,1.8881
0.278275,1.7801
0.278300,1.6899
0.278325,1.5900
0.278350,1.4884
0.278375,1.3724
0.278400,1.2314
0.278425,1.0976
0.278450,0.9477
0.278475,0.7994
0.278500,0.6721
0.278525,0.5520
0.278550,0.4505
0.278575,0.3610
0.278600,0.2740
0.278625,0.2007
0.278650,0.1386
0.278675,0.0911
0.278700,0.0572
0.278725,0.0338
0.278750,0.0210
0.278775,0.0161
0.278800,0.0218
0.278825,0.0387
0.278850,0.0701
0.278875,0.1128
0.278900,0.1644
0.278925,0.2297
0.278950,0.3078
0.278975,0.4005
0.279000,0.5045
0.279025,0.6165
0.279050,0.7333
0.279075,0.8631
0.279100,0.9864
0.279125,1.0960
0.279150,1.2007
0.279175,1.2902
0.279200,1.3877
0.279225,1.4820
0.279250,1.5787
0.279275,1.6730
0.279300,1.7689
0.279325,1.8768
0.279350,1.9905
0.279375,2.1089
0.279400,2.2153
0.279425,2.3193
0.279450,2.4144
0.279475,2.5119
0.279500,2.6182
0.279525,2.7141
0.279550,2.8068
0.279575,2.8866
0.279600,2.9591
0.279625,3.0349
0.279650,3.0969
0.279675,3.1509
0.279700,3.1912
0.279725,3.2178
0.279750,3.2371
0.279775,3.2452
0.279800,3.2468
0.279825,3.2379
0.279850,3.2170
0.279875,3.1848
0.279900,3.1412
0.279925,3.0905
0.279950,3.0325
0.279975,2.9640
0.280000,2.8850
0.280025,2.7963
0.280050,2.7061
0.280075,2.6150
0.280100,2.5215
0.280125,2.4184
0.280150,2.3128
0.280175,2.2016
0.280200,2.0985
0.280225,1.9961
0.280250,1.8954
0.280275,1.8019
0.280300,1.6939
0.280325,1.5924
0.280350,1.4868
0.280375,1.3595
0.280400,1.2273
0.280425,1.0944
0.280450,0.9477
0.280475,0.8091
0.280500,0.6834
0.280525,0.5577
0.280550,0.4505
0.280575,0.3562
0.280600,0.2724
0.280625,0.1999
0.280650,0.1394
0.280675,0.0919
0.280700,0.0564
0.280725,0.0338
0.280750,0.0201
0.280775,0.0161
0.280800,0.0218
0.280825,0.0395
0.280850,0.0693
0.280875,0.1112
0.280900,0.1644
0.280925,0.2289
0.280950,0.3078
0.280975,0.3981
0.281000,0.4988
0.281025,0.6157
0.281050,0.7390
0.281075,0.8671
0.281100,1.0001
0.281125,1.1129
0.281150,1.2168
0.281175,1.3168
0.281200,1.3958
0.281225,1.4844
0.281250,1.5779
0.281275,1.6722
0.281300,1.7842
0.281325,1.8825
0.281350,1.9881
0.281375,2.0936
0.281400,2.1992
0.281425,2.3120
0.281450,2.4160
0.281475,2.5248
0.281500,2.6223
0.281525,2.7158
0.281550,2.8068
0.281575,2.8842
0.281600,2.9623
0.281625,3.0349
0.281650,3.0953
0.281675,3.1485
0.281700,3.1888
0.281725,3.2170
0.281750,3.2363
0.281775,3.2460
0.281800,3.2460
0.281825,3.2379
0.281850,3.2178
0.281875,3.1840
0.281900,3.1429
0.281925,3.0905
0.281950,3.0292
0.281975,2.9583
0.282000,2.8793
0.282025,2.7955
0.282050,2.7093
0.282075,2.6255
0.282100,2.5223
0.282125,2.4184
0.282150,2.3128
0.282175,2.2024
0.282200,2.1114
0.282225,1.9993
0.282250,1.8873
0.282275,1.7785
0.282300,1.6714
0.282325,1.5851
0.282350,1.4844
0.282375,1.3635
0.282400,1.2338
0.282425,1.0927
0.282450,0.9485
0.282475,0.8131
0.282500,0.6769
0.282525,0.5552
0.282550,0.4497
0.282575,0.3594
0.282600,0.2772
0.282625,0.2023
0.282650,0.1410
0.282675,0.0911
0.282700,0.0564
0.282725,0.0338
0.282750,0.0201
0.282775,0.0169
0.282800,0.0218
0.282825,0.0387
0.282850,0.0709
0.282875,0.1136
0.282900,0.1668
0.282925,0.2297
0.282950,0.3054
0.282975,0.3933
0.283000,0.4980
0.283025,0.6157
0.283050,0.7390
0.283075,0.8744
0.283100,1.0089
0.283125,1.1129
0.283150,1.2088
0.283175,1.2918
0.283200,1.3692
0.283225,1.4739
0.283250,1.5827
0.283275,1.6947
0.283300,1.7906
0.283325,1.8857
0.283350,1.9881
0.283375,2.0920
0.283400,2.2105
0.283425,2.3168
0.283450,2.4144
0.283475,2.5143
0.283500,2.6102
0.283525,2.7117
0.283550,2.8076
0.283575,2.8906
0.283600,2.9664
0.283625,3.0357
0.283650,3.0961
0.283675,3.1485
0.283700,3.1896
0.283725,3.2194
0.283750,3.2371
0.283775,3.2468
0.283800,3.2476
0.283825,3.2379
0.283850,3.2186
0.283875,3.1872
0.283900,3.1429
0.283925,3.0913
0.283950,3.0300
0.283975,2.9591
0.284000,2.8850
0.284025,2.7963
0.284050,2.7061
0.284075,2.6134
0.284100,2.5119
0.284125,2.4152
0.284150,2.3168
0.284175,2.2185
0.284200,2.1130
0.284225,2.0001
0.284250,1.8889
0.284275,1.7793
0.284300,1.6891
0.284325,1.5900
0.284350,1.4868
0.284375,1.3716
0.284400,1.2305
0.284425,1.0968
0.284450,0.9485
0.284475,0.8002
0.284500,0.6721
0.284525,0.5520
0.284550,0.4497
0.284575,0.3610
0.284600,0.2748
0.284625,0.2015
0.284650,0.1402
0.284675,0.0919
0.284700,0.0580
0.284725,0.0338
0.284750,0.0210
0.284775,0.0161
0.284800,0.0218
0.284825,0.0395
0.284850,0.0701
0.284875,0.1128
0.284900,0.1644
0.284925,0.2289
0.284950,0.3078
0.284975,0.4005
0.285000,0.5053
0.285025,0.6165
0.285050,0.7333
0.285075,0.8631
0.285100,0.9856
0.285125,1.0976
0.285150,1.2007
0.285175,1.2910
0.285200,1.3885
0.285225,1.4812
0.285250,1.5787
0.285275,1.6730
0.285300,1.7689
0.285325,1.8768
0.285350,1.9905
0.285375,2.1089
0.285400,2.2153
0.285425,2.3185
0.285450,2.4136
0.285475,2.5111
0.285500,2.6174
0.285525,2.7133
0.285550,2.8060
0.285575,2.8858
0.285600,2.9591
0.285625,3.0333
0.285650,3.0953
0.285675,3.1493
0.285700,3.1904
0.285725,3.2186
0.285750,3.2371
0.285775,3.2460
0.285800,3.2468
0.285825,3.2379
0.285850,3.2170
0.285875,3.1840
0.285900,3.1412
0.285925,3.0905
0.285950,3.0325
0.285975,2.9648
0.286000,2.8842
0.286025,2.7963
0.286050,2.7053
0.286075,2.6142
0.286100,2.5207
0.286125,2.4168
0.286150,2.3120
0.286175,2.2008
0.286200,2.0968
0.286225,1.9953
0.286250,1.8954
0.286275,1.8019
0.286300,1.6947
0.286325,1.5932
0.286350,1.4860
0.286375,1.3595
0.286400,1.2273
0.286425,1.0944
0.286450,0.9485
0.286475,0.8091
0.286500,0.6834
0.286525,0.5577
0.286550,0.4505
0.286575,0.3562
0.286600,0.2724
0.286625,0.2007
0.286650,0.1402
0.286675,0.0927
0.286700,0.0572
0.286725,0.0338
0.286750,0.0201
0.286775,0.0161
0.286800,0.0218
0.286825,0.0395
0.286850,0.0693
0.286875,0.1112
0.286900,0.1652
0.286925,0.2297
0.286950,0.3078
0.286975,0.3989
0.287000,0.4980
0.287025,0.6157
0.287050,0.7398
0.287075,0.8679
0.287100,1.0009
0.287125,1.1129
0.287150,1.2177
0.287175,1.3176
0.287200,1.3958
0.287225,1.4860
0.287250,1.5779
0.287275,1.6714
0.287300,1.7850
0.287325,1.8833
0.287350,1.9881
0.287375,2.0936
0.287400,2.1992
0.287425,2.3120
0.287450,2.4160
0.287475,2.5232
0.287500,2.6223
0.287525,2.7166
0.287550,2.8068
0.287575,2.8850
0.287600,2.9632
0.287625,3.0349
0.287650,3.0969
0.287675,3.1493
0.287700,3.1888
0.287725,3.2178
0.287750,3.2363
0.287775,3.2460
0.287800,3.2468
0.287825,3.2388
0.287850,3.2186
0.287875,3.1848
0.287900,3.1429
0.287925,3.0897
0.287950,3.0300
0.287975,2.9583
0.288000,2.8793
0.288025,2.7955
0.288050,2.7093
0.288075,2.6247
0.288100,2.5223
0.288125,2.4176
0.288150,2.3120
0.288175,2.2032
0.288200,2.1105
0.288225,1.9993
0.288250,1.8889
0.288275,1.7785
0.288300,1.6722
0.288325,1.5843
0.288350,1.4836
0.288375,1.3635
0.288400,1.2338
0.288425,1.0936
0.288450,0.9493
0.288475,0.8139
0.288500,0.6769
0.288525,0.5552
0.288550,0.4505
0.288575,0.3594
0.288600,0.2780
0.288625,0.2031
0.288650,0.1410
0.288675,0.0919
0.288700,0.0572
0.288725,0.0338
0.288750,0.0210
0.288775,0.0169
0.288800,0.0218
0.288825,0.0395
0.288850,0.0701
0.288875,0.1128
0.288900,0.1660
0.288925,0.2289
0.288950,0.3046
0.288975,0.3916
0.289000,0.4980
0.289025,0.6157
0.289050,0.7390
0.289075,0.8744
0.289100,1.0089
0.289125,1.1121
0.289150,1.2088
0.289175,1.2902
0.289200,1.3692
0.289225,1.4739
0.289250,1.5827
0.289275,1.6947
0.289300,1.7898
0.289325,1.8849
0.289350,1.9864
0.289375,2.0912
0.289400,2.2105
0.289425,2.3168
0.289450,2.4152
0.289475,2.5143
0.289500,2.6118
0.289525,2.7117
0.289550,2.8076
0.289575,2.8914
0.289600,2.9656
0.289625,3.0365
0.289650,3.0969
0.289675,3.1485
0.289700,3.1904
0.289725,3.2194
0.289750,3.2371
0.289775,3.2468
0.289800,3.2460
0.289825,3.2379
0.289850,3.2178
0.289875,3.1848
0.289900,3.1421
0.289925,3.0889
0.289950,3.0300
0.289975,2.9599
0.290000,2.8850
0.290025,2.7979
0.290050,2.7053
0.290075,2.6134
0.290100,2.5119
0.290125,2.4152
0.290150,2.3185
0.290175,2.2185
0.290200,2.1138
0.290225,2.0001
0.290250,1.8881
0.290275,1.7793
0.290300,1.6891
0.290325,1.5900
0.290350,1.4876
0.290375,1.3708
0.290400,1.2305
0.290425,1.0968
0.290450,0.9477
0.290475,0.8002
0.290500,0.6713
0.290525,0.5528
0.290550,0.4505
0.290575,0.3610
0.290600,0.2756
0.290625,0.2015
0.290650,0.1410
0.290675,0.0919
0.290700,0.0580
0.290725,0.0347
0.290750,0.0210
0.290775,0.0161
0.290800,0.0218
0.290825,0.0387
0.290850,0.0701
0.290875,0.1120
0.290900,0.1644
0.290925,0.2297
0.290950,0.3086
0.290975,0.4013
0.291000,0.5045
0.291025,0.6173
0.291050,0.7325
0.291075,0.8631
0.291100,0.9856
0.291125,1.0968
0.291150,1.2007
0.291175,1.2894
0.291200,1.3885
0.291225,1.4812
0.291250,1.5779
0.291275,1.6730
0.291300,1.7681
0.291325,1.8777
0.291350,1.9905
0.291375,2.1097
0.291400,2.2153
0.291425,2.3193
0.291450,2.4152
0.291475,2.5127
0.291500,2.6190
0.291525,2.7149
0.291550,2.8076
0.291575,2.8866
0.291600,2.9599
0.291625,3.0333
0.291650,3.0961
0.291675,3.1501
0.291700,3.1912
0.291725,3.2186
0.291750,3.2371
0.291775,3.2468
0.291800,3.2468
0.291825,3.2396
0.291850,3.2178
0.291875,3.1840
0.291900,3.1412
0.291925,3.0897
0.291950,3.0325
0.291975,2.9656
0.292000,2.8850
0.292025,2.7979
0.292050,2.7069
0.292075,2.6150
0.292100,2.5215
0.292125,2.4168
0.292150,2.3120
0.292175,2.2008
0.292200,2.0968
0.292225,1.9961
0.292250,1.8954
0.292275,1.8027
0.292300,1.6931
0.292325,1.5916
0.292350,1.4852
0.292375,1.3579
0.292400,1.2273
0.292425,1.0944
0.292450,0.9485
0.292475,0.8091
0.292500,0.6834
0.292525,0.5577
0.292550,0.4513
0.292575,0.3562
0.292600,0.2724
0.292625,0.2007
0.292650,0.1394
0.292675,0.0927
0.292700,0.0572
0.292725,0.0338
0.292750,0.0201
0.292775,0.0161
0.292800,0.0226
0.292825,0.0395
0.292850,0.0701
0.292875,0.1120
0.292900,0.1652
0.292925,0.2289
0.292950,0.3078
0.292975,0.3981
0.293000,0.4980
0.293025,0.6149
0.293050,0.7390
0.293075,0.8679
0.293100,1.0001
0.293125,1.1137
0.293150,1.2168
0.293175,1.3176
0.293200,1.3966
0.293225,1.4852
0.293250,1.5795
0.293275,1.6722
0.293300,1.7858
0.293325,1.8841
0.293350,1.9889
0.293375,2.0952
0.293400,2.1984
0.293425,2.3120
0.293450,2.4160
0.293475,2.5232
0.293500,2.6223
0.293525,2.7158
0.293550,2.8060
0.293575,2.8850
0.293600,2.9615
0.293625,3.0349
0.293650,3.0953
0.293675,3.1485
0.293700,3.1896
0.293725,3.2178
0.293750,3.2371
0.293775,3.2468
0.293800,3.2468
0.293825,3.2388
0.293850,3.2178
0.293875,3.1848
0.293900,3.1437
0.293925,3.0905
0.293950,3.0308
0.293975,2.9591
0.294000,2.8793
0.294025,2.7963
0.294050,2.7101
0.294075,2.6247
0.294100,2.5223
0.294125,2.4176
0.294150,2.3120
0.294175,2.2024
0.294200,2.1105
0.294225,1.9985
0.294250,1.8873
0.294275,1.7785
0.294300,1.6722
0.294325,1.5851
0.294350,1.4844
0.294375,1.3643
0.294400,1.2330
0.294425,1.0919
0.294450,0.9485
0.294475,0.8123
0.294500,0.6769
0.294525,0.5552
0.294550,0.4505
0.294575,0.3586
0.294600,0.2772
0.294625,0.2023
0.294650,0.1402
0.294675,0.0911
0.294700,0.0572
0.294725,0.0338
0.294750,0.0201
0.294775,0.0169
0.294800,0.0210
0.294825,0.0387
0.294850,0.0709
0.294875,0.1136
0.294900,0.1660
0.294925,0.2297
0.294950,0.3046
0.294975,0.3916
0.295000,0.4980
0.295025,0.6149
0.295050,0.7382
0.295075,0.8744
0.295100,1.0081
0.295125,1.1121
0.295150,1.2088
0.295175,1.2902
0.295200,1.3692
0.295225,1.4739
0.295250,1.5827
0.295275,1.6947
0.295300,1.7914
0.295325,1.8865
0.295350,1.9881
0.295375,2.0920
0.295400,2.2097
0.295425,2.3160
0.295450,2.4136
0.295475,2.5143
0.295500,2.6118
0.295525,2.7117
0.295550,2.8084
0.295575,2.8914
0.295600,2.9648
0.295625,3.0365
0.295650,3.0953
0.295675,3.1477
0.295700,3.1896
0.295725,3.2178
0.295750,3.2371
0.295775,3.2460
0.295800,3.2460
0.295825,3.2388
0.295850,3.2186
0.295875,3.1856
0.295900,3.1429
0.295925,3.0905
0.295950,3.0300
0.295975,2.9607
0.296000,2.8850
0.296025,2.7963
0.296050,2.7061
0.296075,2.6134
0.296100,2.5119
0.296125,2.4160
0.296150,2.3177
0.296175,2.2193
0.296200,2.1138
0.296225,2.0010
0.296250,1.8889
0.296275,1.7801
0.296300,1.6899
0.296325,1.5900
0.296350,1.4876
0.296375,1.3716
0.296400,1.2314
0.296425,1.0976
0.296450,0.9485
0.296475,0.8002
0.296500,0.6721
0.296525,0.5528
0.296550,0.4497
0.296575,0.3610
0.296600,0.2748
0.296625,0.2015
0.296650,0.1402
0.296675,0.0919
0.296700,0.0580
0.296725,0.0338
0.296750,0.0210
0.296775,0.0161
0.296800,0.0210
0.296825,0.0387
0.296850,0.0693
0.296875,0.1120
0.296900,0.1636
0.296925,0.2289
0.296950,0.3078
0.296975,0.4005
0.297000,0.5053
0.297025,0.6165
0.297050,0.7341
0.297075,0.8631
0.297100,0.9856
0.297125,1.0968
0.297150,1.1999
0.297175,1.2894
0.297200,1.3885
0.297225,1.4804
0.297250,1.5779
0.297275,1.6738
0.297300,1.7689
0.297325,1.8777
0.297350,1.9913
0.297375,2.1089
0.297400,2.2153
0.297425,2.3193
0.297450,2.4152
0.297475,2.5135
0.297500,2.6199
0.297525,2.7158
0.297550,2.8076
0.297575,2.8866
0.297600,2.9591
0.297625,3.0341
0.297650,3.0961
0.297675,3.1501
0.297700,3.1912
0.297725,3.2186
0.297750,3.2363
0.297775,3.2460
0.297800,3.2468
0.297825,3.2379
0.297850,3.2178
0.297875,3.1840
0.297900,3.1412
0.297925,3.0905
0.297950,3.0316
0.297975,2.9648
0.298000,2.8842
0.298025,2.7963
0.298050,2.7061
0.298075,2.6142
0.298100,2.5207
0.298125,2.4176
0.298150,2.3120
0.298175,2.2008
0.298200,2.0968
0.298225,1.9953
0.298250,1.8954
0.298275,1.8019
0.298300,1.6947
0.298325,1.5924
0.298350,1.4860
0.298375,1.3595
0.298400,1.2265
0.298425,1.0952
0.298450,0.9485
0.298475,0.8091
0.298500,0.6834
0.298525,0.5577
0.298550,0.4505
0.298575,0.3562
0.298600,0.2732
0.298625,0.2015
0.298650,0.1402
0.298675,0.0919
0.298700,0.0572
0.298725,0.0338
0.298750,0.0201
0.298775,0.0169
0.298800,0.0218
0.298825,0.0387
0.298850,0.0693
0.298875,0.1104
0.298900,0.1652
0.298925,0.2297
0.298950,0.3078
0.298975,0.3997
0.299000,0.4980
0.299025,0.6149
0.299050,0.7398
0.299075,0.8679
0.299100,1.0009
0.299125,1.1129
0.299150,1.2177
0.299175,1.3168
0.299200,1.3958
0.299225,1.4852
0.299250,1.5779
0.299275,1.6714
0.299300,1.7850
0.299325,1.8833
0.299350,1.9881
0.299375,2.0944
0.299400,2.1992
0.299425,2.3120
0.299450,2.4160
0.299475,2.5223
0.299500,2.6207
0.299525,2.7149
0.299550,2.8052
0.299575,2.8842
0.299600,2.9623
0.299625,3.0341
0.299650,3.0969
0.299675,3.1493
0.299700,3.1888
0.299725,3.2186
0.299750,3.2371
0.299775,3.2460
0.299800,3.2468
0.299825,3.2371
0.299850,3.2162
0.299875,3.1840
0.299900,3.1421
0.299925,3.0905
0.299950,3.0308
0.299975,2.9591
0.300000,2.7681
0.300025,2.7971
0.300050,2.8205
0.300075,2.8777
0.300100,2.9607
0.300125,3.0333
0.300150,3.0969
0.300175,3.1501
0.300200,3.1904
0.300225,3.2194
0.300250,3.2371
0.300275,3.2468
0.300300,3.2476
0.300325,3.2388
0.300350,3.2178
0.300375,3.1840
0.300400,3.1412
0.300425,3.0897
0.300450,3.0316
0.300475,2.9648
0.300500,2.8834
0.300525,2.7955
0.300550,2.7045
0.300575,2.6134
0.300600,2.5199
0.300625,2.4168
0.300650,2.3120
0.300675,2.2008
0.300700,2.0977
0.300725,1.9961
0.300750,1.8946
0.300775,1.8019
0.300800,1.6947
0.300825,1.5924
0.300850,1.4868
0.300875,1.3595
0.300900,1.2265
0.300925,1.0952
0.300950,0.9493
0.300975,0.8099
0.301000,0.6842
0.301025,0.5585
0.301050,0.4505
0.301075,0.3562
0.301100,0.2724
0.301125,0.1999
0.301150,0.1394
0.301175,0.0919
0.301200,0.0564
0.301225,0.0338
0.301250,0.0201
0.301275,0.0161
0.301300,0.0226
0.301325,0.0395
0.301350,0.0701
0.301375,0.1112
0.301400,0.1652
0.301425,0.2297
0.301450,0.3078
0.301475,0.3989
0.301500,0.4980
0.301525,0.6149
0.301550,0.7390
0.301575,0.8671
0.301600,1.0001
0.301625,1.1137
0.301650,1.2168
0.301675,1.3176
0.301700,1.3966
0.301725,1.4852
0.301750,1.5787
0.301775,1.6714
0.301800,1.7842
0.301825,1.8833
0.301850,1.9881
0.301875,2.0936
0.301900,2.1992
0.301925,2.3120
0.301950,2.4168
0.301975,2.5240
0.302000,2.6215
0.302025,2.7158
0.302050,2.8052
0.302075,2.8842
0.302100,2.9623
0.302125,3.0341
0.302150,3.0961
0.302175,3.1493
0.302200,3.1888
0.302225,3.2186
0.302250,3.2371
0.302275,3.2468
0.302300,3.2476
0.302325,3.2379
0.302350,3.2186
0.302375,3.1840
0.302400,3.1421
0.302425,3.0905
0.302450,3.0292
0.302475,2.9583
0.302500,2.8793
0.302525,2.7955
0.302550,2.7093
0.302575,2.6255
0.302600,2.5223
0.302625,2.4176
0.302650,2.3128
0.302675,2.2016
0.302700,2.1097
0.302725,1.9985
0.302750,1.8873
0.302775,1.7785
0.302800,1.6722
0.302825,1.5851
0.302850,1.4844
0.302875,1.3643
0.302900,1.2338
0.302925,1.0936
0.302950,0.9485
0.302975,0.8123
0.303000,0.6769
0.303025,0.5544
0.303050,0.4505
0.303075,0.3594
0.303100,0.2772
0.303125,0.2031
0.303150,0.1410
0.303175,0.0919
0.303200,0.0572
0.303225,0.0338
0.303250,0.0210
0.303275,0.0161
0.303300,0.0210
0.303325,0.0387
0.303350,0.0701
0.303375,0.1136
0.303400,0.1660
0.303425,0.2297
0.303450,0.3054
0.303475,0.3925
0.303500,0.4980
0.303525,0.6141
0.303550,0.7382
0.303575,0.8736
0.303600,1.0073
0.303625,1.1121
0.303650,1.2080
0.303675,1.2902
0.303700,1.3684
0.303725,1.4739
0.303750,1.5827
0.303775,1.6947
0.303800,1.7906
0.303825,1.8865
0.303850,1.9881
0.303875,2.0920
0.303900,2.2105
0.303925,2.3160
0.303950,2.4144
0.303975,2.5135
0.304000,2.6118
0.304025,2.7117
0.304050,2.8068
0.304075,2.8906
0.304100,2.9648
0.304125,3.0357
0.304150,3.0961
0.304175,3.1485
0.304200,3.1904
0.304225,3.2194
0.304250,3.2371
0.304275,3.2460
0.304300,3.2460
0.304325,3.2371
0.304350,3.2186
0.304375,3.1848
0.304400,3.1421
0.304425,3.0905
0.304450,3.0292
0.304475,2.9599
0.304500,2.8850
0.304525,2.7979
0.304550,2.7061
0.304575,2.6134
0.304600,2.5119
0.304625,2.4144
0.304650,2.3177
0.304675,2.2185
0.304700,2.1130
0.304725,2.0001
0.304750,1.8881
0.304775,1.7801
0.304800,1.6899
0.304825,1.5900
0.304850,1.4876
0.304875,1.3716
0.304900,1.2305
0.304925,1.0968
0.304950,0.9477
0.304975,0.8002
0.305000,0.6721
0.305025,0.5528
0.305050,0.4505
0.305075,0.3602
0.305100,0.2748
0.305125,0.2007
0.305150,0.1394
0.305175,0.0919
0.305200,0.0572
0.305225,0.0338
0.305250,0.0210
0.305275,0.0161
0.305300,0.0218
0.305325,0.0395
0.305350,0.0701
0.305375,0.1136
0.305400,0.1644
0.305425,0.2305
0.305450,0.3078
0.305475,0.4005
0.305500,0.5045
0.305525,0.6157
0.305550,0.7325
0.305575,0.8639
0.305600,0.9864
0.305625,1.0976
0.305650,1.2007
0.305675,1.2902
0.305700,1.3885
0.305725,1.4812
0.305750,1.5787
0.305775,1.6730
0.305800,1.7689
0.305825,1.8777
0.305850,1.9905
0.305875,2.1097
0.305900,2.2161
0.305925,2.3185
0.305950,2.4152
0.305975,2.5119
0.306000,2.6182
0.306025,2.7149
0.306050,2.8068
0.306075,2.8866
0.306100,2.9591
0.306125,3.0333
0.306150,3.0953
0.306175,3.1493
0.306200,3.1904
0.306225,3.2178
0.306250,3.2363
0.306275,3.2460
0.306300,3.2476
0.306325,3.2388
0.306350,3.2178
0.306375,3.1832
0.306400,3.1412
0.306425,3.0897
0.306450,3.0325
0.306475,2.9656
0.306500,2.8850
0.306525,2.7979
0.306550,2.7061
0.306575,2.6150
0.306600,2.5207
0.306625,2.4168
0.306650,2.3120
0.306675,2.2008
0.306700,2.0968
0.306725,1.9953
0.306750,1.8954
0.306775,1.8027
0.306800,1.6947
0.306825,1.5932
0.306850,1.4860
0.306875,1.3587
0.306900,1.2265
0.306925,1.0952
0.306950,0.9485
0.306975,0.8107
0.307000,0.6834
0.307025,0.5577
0.307050,0.4505
0.307075,0.3554
0.307100,0.2732
0.307125,0.1999
0.307150,0.1394
0.307175,0.0919
0.307200,0.0564
0.307225,0.0338
0.307250,0.0201
0.307275,0.0161
0.307300,0.0218
0.307325,0.0387
0.307350,0.0693
0.307375,0.1112
0.307400,0.1644
0.307425,0.2297
0.307450,0.3078
0.307475,0.3989
0.307500,0.4988
0.307525,0.6157
0.307550,0.7390
0.307575,0.8679
0.307600,1.0009
0.307625,1.1145
0.307650,1.2185
0.307675,1.3176
0.307700,1.3966
0.307725,1.4852
0.307750,1.5787
0.307775,1.6714
0.307800,1.7842
0.307825,1.8841
0.307850,1.9881
0.307875,2.0944
0.307900,2.1992
0.307925,2.3120
0.307950,2.4168
0.307975,2.5248
0.308000,2.6223
0.308025,2.7166
0.308050,2.8060
0.308075,2.8842
0.308100,2.9632
0.308125,3.0349
0.308150,3.0977
0.308175,3.1493
0.308200,3.1888
0.308225,3.2178
0.308250,3.2371
0.308275,3.2476
0.308300,3.2476
0.308325,3.2396
0.308350,3.2178
0.308375,3.1848
0.308400,3.1429
0.308425,3.0905
0.308450,3.0300
0.308475,2.9583
0.308500,2.8793
0.308525,2.7955
0.308550,2.7101
0.308575,2.6247
0.308600,2.5223
0.308625,2.4176
0.308650,2.3120
0.308675,2.2032
0.308700,2.1105
0.308725,1.9993
0.308750,1.8873
0.308775,1.7785
0.308800,1.6714
0.308825,1.5851
0.308850,1.4836
0.308875,1.3635
0.308900,1.2338
0.308925,1.0927
0.308950,0.9485
0.308975,0.8123
0.309000,0.6769
0.309025,0.5544
0.309050,0.4505
0.309075,0.3594
0.309100,0.2764
0.309125,0.2031
0.309150,0.1402
0.309175,0.0919
0.309200,0.0588
0.309225,0.0355
0.309250,0.0226
0.309275,0.0177
0.309300,0.0226
0.309325,0.0387
0.309350,0.0701
0.309375,0.1136
0.309400,0.1660
0.309425,0.2297
0.309450,0.3046
0.309475,0.3925
0.309500,0.4980
0.309525,0.6149
0.309550,0.7382
0.309575,0.8744
0.309600,1.0089
0.309625,1.1121
0.309650,1.2096
0.309675,1.2902
0.309700,1.3684
0.309725,1.4739
0.309750,1.5819
0.309775,1.6947
0.309800,1.7914
0.309825,1.8873
0.309850,1.9889
0.309875,2.0928
0.309900,2.2105
0.309925,2.3160
0.309950,2.4152
0.309975,2.5135
0.310000,2.6110
0.310025,2.7117
0.310050,2.8060
0.310075,2.8914
0.310100,2.9664
0.310125,3.0365
0.310150,3.0977
0.310175,3.1493
0.310200,3.1904
0.310225,3.2202
0.310250,3.2371
0.310275,3.2460
0.310300,3.2460
0.310325,3.2363
0.310350,3.2178
0.310375,3.1856
0.310400,3.1429
0.310425,3.0913
0.310450,3.0308
0.310475,2.9607
0.310500,2.8850
0.310525,2.7963
0.310550,2.7053
0.310575,2.6126
0.310600,2.5119
0.310625,2.4152
0.310650,2.3177
0.310675,2.2193
0.310700,2.1130
0.310725,2.0010
0.310750,1.8881
0.310775,1.7793
0.310800,1.6891
0.310825,1.5900
0.310850,1.4884
0.310875,1.3716
0.310900,1.2322
0.310925,1.0968
0.310950,0.9485
0.310975,0.8010
0.311000,0.6721
0.311025,0.5536
0.311050,0.4505
0.311075,0.3610
0.311100,0.2756
0.311125,0.2007
0.311150,0.1402
0.311175,0.0911
0.311200,0.0572
0.311225,0.0347
0.311250,0.0201
0.311275,0.0169
0.311300,0.0218
0.311325,0.0395
0.311350,0.0701
0.311375,0.1128
0.311400,0.1644
0.311425,0.2297
0.311450,0.3086
0.311475,0.4005
0.311500,0.5045
0.311525,0.6165
0.311550,0.7325
0.311575,0.8639
0.311600,0.9856
0.311625,1.0968
0.311650,1.2007
0.311675,1.2894
0.311700,1.3885
0.311725,1.4812
0.311750,1.5787
0.311775,1.6730
0.311800,1.7689
0.311825,1.8777
0.311850,1.9913
0.311875,2.1097
0.311900,2.2153
0.311925,2.3185
0.311950,2.4144
0.311975,2.5127
0.312000,2.6190
0.312025,2.7141
0.312050,2.8068
0.312075,2.8858
0.312100,2.9591
0.312125,3.0333
0.312150,3.0961
0.312175,3.1501
0.312200,3.1912
0.312225,3.2194
0.312250,3.2363
0.312275,3.2460
0.312300,3.2460
0.312325,3.2379
0.312350,3.2178
0.312375,3.1840
0.312400,3.1412
0.312425,3.0905
0.312450,3.0325
0.312475,2.9648
0.312500,2.8850
0.312525,2.7963
0.312550,2.7061
0.312575,2.6142
0.312600,2.5207
0.312625,2.4168
0.312650,2.3120
0.312675,2.2016
0.312700,2.0968
0.312725,1.9961
0.312750,1.8954
0.312775,1.8019
0.312800,1.6947
0.312825,1.5924
0.312850,1.4868
0.312875,1.3587
0.312900,1.2273
0.312925,1.0936
0.312950,0.9477
0.312975,0.8091
0.313000,0.6834
0.313025,0.5585
0.313050,0.4505
0.313075,0.3562
0.313100,0.2724
0.313125,0.2007
0.313150,0.1402
0.313175,0.0927
0.313200,0.0580
0.313225,0.0338
0.313250,0.0201
0.313275,0.0169
0.313300,0.0218
0.313325,0.0395
0.313350,0.0693
0.313375,0.1104
0.313400,0.1644
0.313425,0.2289
0.313450,0.3078
0.313475,0.3989
0.313500,0.4980
0.313525,0.6165
0.313550,0.7390
0.313575,0.8671
0.313600,1.0001
0.313625,1.1121
0.313650,1.2177
0.313675,1.3168
0.313700,1.3958
0.313725,1.4852
0.313750,1.5779
0.313775,1.6722
0.313800,1.7850
0.313825,1.8841
0.313850,1.9889
0.313875,2.0944
0.313900,2.2000
0.313925,2.3120
0.313950,2.4168
0.313975,2.5240
0.314000,2.6223
0.314025,2.7166
0.314050,2.8060
0.314075,2.8842
0.314100,2.9623
0.314125,3.0341
0.314150,3.0969
0.314175,3.1485
0.314200,3.1888
0.314225,3.2186
0.314250,3.2363
0.314275,3.2476
0.314300,3.2476
0.314325,3.2379
0.314350,3.2178
0.314375,3.1840
0.314400,3.1429
0.314425,3.0897
0.314450,3.0292
0.314475,2.9583
0.314500,2.8785
0.314525,2.7955
0.314550,2.7101
0.314575,2.6247
0.314600,2.5223
0.314625,2.4184
0.314650,2.3120
0.314675,2.2032
0.314700,2.1114
0.314725,1.9993
0.314750,1.8889
0.314775,1.7785
0.314800,1.6722
0.314825,1.5859
0.314850,1.4836
0.314875,1.3643
0.314900,1.2338
0.314925,1.0919
0.314950,0.9485
0.314975,0.8123
0.315000,0.6769
0.315025,0.5552
0.315050,0.4505
0.315075,0.3594
0.315100,0.2772
0.315125,0.2023
0.315150,0.1402
0.315175,0.0919
0.315200,0.0556
0.315225,0.0330
0.315250,0.0193
0.315275,0.0153
0.315300,0.0218
0.315325,0.0395
0.315350,0.0701
0.315375,0.1136
0.315400,0.1668
0.315425,0.2297
0.315450,0.3054
0.315475,0.3925
0.315500,0.4988
0.315525,0.6157
0.315550,0.7382
0.315575,0.8744
0.315600,1.0089
0.315625,1.1121
0.315650,1.2088
0.315675,1.2910
0.315700,1.3675
0.315725,1.4739
0.315750,1.5827
0.315775,1.6947
0.315800,1.7914
0.315825,1.8873
0.315850,1.9889
0.315875,2.0928
0.315900,2.2113
0.315925,2.3168
0.315950,2.4152
0.315975,2.5143
0.316000,2.6110
0.316025,2.7109
0.316050,2.8068
0.316075,2.8914
0.316100,2.9656
0.316125,3.0365
0.316150,3.0961
0.316175,3.1485
0.316200,3.1888
0.316225,3.2186
0.316250,3.2363
0.316275,3.2460
0.316300,3.2468
0.316325,3.2388
0.316350,3.2186
0.316375,3.1864
0.316400,3.1421
0.316425,3.0897
0.316450,3.0300
0.316475,2.9591
0.316500,2.8858
0.316525,2.7971
0.316550,2.7061
0.316575,2.6134
0.316600,2.5119
0.316625,2.4160
0.316650,2.3177
0.316675,2.2201
0.316700,2.1138
0.316725,2.0010
0.316750,1.8881
0.316775,1.7801
0.316800,1.6891
0.316825,1.5900
0.316850,1.4884
0.316875,1.3724
0.316900,1.2322
0.316925,1.0976
0.316950,0.9493
0.316975,0.8002
0.317000,0.6729
0.317025,0.5528
0.317050,0.4505
0.317075,0.3602
0.317100,0.2740
0.317125,0.2015
0.317150,0.1394
0.317175,0.0919
0.317200,0.0572
0.317225,0.0338
0.317250,0.0210
0.317275,0.0161
0.317300,0.0218
0.317325,0.0395
0.317350,0.0701
0.317375,0.1128
0.317400,0.1644
0.317425,0.2289
0.317450,0.3078
0.317475,0.4005
0.317500,0.5053
0.317525,0.6165
0.317550,0.7325
0.317575,0.8623
0.317600,0.9848
0.317625,1.0960
0.317650,1.2007
0.317675,1.2902
0.317700,1.3877
0.317725,1.4812
0.317750,1.5779
0.317775,1.6730
0.317800,1.7689
0.317825,1.8777
0.317850,1.9913
0.317875,2.1089
0.317900,2.2161
0.317925,2.3193
0.317950,2.4152
0.317975,2.5127
0.318000,2.6182
0.318025,2.7133
0.318050,2.8060
0.318075,2.8858
0.318100,2.9591
0.318125,3.0333
0.318150,3.0961
0.318175,3.1493
0.318200,3.1904
0.318225,3.2186
0.318250,3.2363
0.318275,3.2460
0.318300,3.2460
0.318325,3.2379
0.318350,3.2170
0.318375,3.1840
0.318400,3.1412
0.318425,3.0905
0.318450,3.0325
0.318475,2.9648
0.318500,2.8850
0.318525,2.7963
0.318550,2.7061
0.318575,2.6142
0.318600,2.5207
0.318625,2.4168
0.318650,2.3112
0.318675,2.2008
0.318700,2.0960
0.318725,1.9945
0.318750,1.8946
0.318775,1.8019
0.318800,1.6939
0.318825,1.5924
0.318850,1.4852
0.318875,1.3579
0.318900,1.2257
0.318925,1.0936
0.318950,0.9485
0.318975,0.8099
0.319000,0.6834
0.319025,0.5585
0.319050,0.4505
0.319075,0.3562
0.319100,0.2724
0.319125,0.2007
0.319150,0.1394
0.319175,0.0927
0.319200,0.0572
0.319225,0.0338
0.319250,0.0210
0.319275,0.0161
0.319300,0.0218
0.319325,0.0395
0.319350,0.0693
0.319375,0.1112
0.319400,0.1644
0.319425,0.2297
0.319450,0.3078
0.319475,0.3989
0.319500,0.4980
0.319525,0.6149
0.319550,0.7390
0.319575,0.8671
0.319600,1.0009
0.319625,1.1137
0.319650,1.2177
0.319675,1.3176
0.319700,1.3958
0.319725,1.4852
0.319750,1.5779
0.319775,1.6714
0.319800,1.7842
0.319825,1.8833
0.319850,1.9881
0.319875,2.0944
0.319900,2.1992
0.319925,2.3120
0.319950,2.4168
0.319975,2.5240
0.320000,2.6231
0.320025,2.7166
0.320050,2.8068
0.320075,2.8858
0.320100,2.9632
0.320125,3.0357
0.320150,3.0969
0.320175,3.1493
0.320200,3.1904
0.320225,3.2186
0.320250,3.2379
0.320275,3.2468
0.320300,3.2468
0.320325,3.2388
0.320350,3.2178
0.320375,3.1848
0.320400,3.1429
0.320425,3.0905
0.320450,3.0300
0.320475,2.9583
0.320500,2.8793
0.320525,2.7955
0.320550,2.7101
0.320575,2.6247
0.320600,2.5223
0.320625,2.4176
0.320650,2.3120
0.320675,2.2024
0.320700,2.1097
0.320725,1.9993
0.320750,1.8873
0.320775,1.7785
0.320800,1.6722
0.320825,1.5851
0.320850,1.4844
0.320875,1.3643
0.320900,1.2346
0.320925,1.0927
0.320950,0.9485
0.320975,0.8131
0.321000,0.6769
0.321025,0.5552
0.321050,0.4505
0.321075,0.3594
0.321100,0.2772
0.321125,0.2023
0.321150,0.1402
0.321175,0.0911
0.321200,0.0572
0.321225,0.0338
0.321250,0.0201
0.321275,0.0161
0.321300,0.0218
0.321325,0.0395
0.321350,0.0701
0.321375,0.1136
0.321400,0.1668
0.321425,0.2297
0.321450,0.3046
0.321475,0.3925
0.321500,0.4980
0.321525,0.6157
0.321550,0.7382
0.321575,0.8736
0.321600,1.0081
0.321625,1.1121
0.321650,1.2088
0.321675,1.2910
0.321700,1.3684
0.321725,1.4739
0.321750,1.5827
0.321775,1.6947
0.321800,1.7914
0.321825,1.8865
0.321850,1.9881
0.321875,2.0920
0.321900,2.2105
0.321925,2.3168
0.321950,2.4144
0.321975,2.5143
0.322000,2.6110
0.322025,2.7109
0.322050,2.8068
0.322075,2.8906
0.322100,2.9648
0.322125,3.0357
0.322150,3.0961
0.322175,3.1485
0.322200,3.1904
0.322225,3.2194
0.322250,3.2371
0.322275,3.2468
0.322300,3.2468
0.322325,3.2379
0.322350,3.2186
0.322375,3.1864
0.322400,3.1429
0.322425,3.0905
0.322450,3.0308
0.322475,2.9591
0.322500,2.8850
0.322525,2.7963
0.322550,2.7053
0.322575,2.6126
0.322600,2.5119
0.322625,2.4152
0.322650,2.3177
0.322675,2.2193
0.322700,2.1138
0.322725,2.0010
0.322750,1.8889
0.322775,1.7801
0.322800,1.6899
0.322825,1.5900
0.322850,1.4876
0.322875,1.3716
0.322900,1.2314
0.322925,1.0968
0.322950,0.9477
0.322975,0.8002
0.323000,0.6713
0.323025,0.5528
0.323050,0.4505
0.323075,0.3610
0.323100,0.2748
0.323125,0.2015
0.323150,0.1402
0.323175,0.0919
0.323200,0.0580
0.323225,0.0338
0.323250,0.0210
0.323275,0.0161
0.323300,0.0218
0.323325,0.0395
0.323350,0.0701
0.323375,0.1128
0.323400,0.1644
0.323425,0.2297
0.323450,0.3078
0.323475,0.4005
0.323500,0.5045
0.323525,0.6165
0.323550,0.7325
0.323575,0.8631
0.323600,0.9856
0.323625,1.0968
0.323650,1.2007
0.323675,1.2894
0.323700,1.3877
0.323725,1.4812
0.323750,1.5779
0.323775,1.6730
0.323800,1.7689
0.323825,1.8777
0.323850,1.9913
0.323875,2.1097
0.323900,2.2153
0.323925,2.3185
0.323950,2.4144
0.323975,2.5127
0.324000,2.6182
0.324025,2.7158
0.324050,2.8068
0.324075,2.8874
0.324100,2.9599
0.324125,3.0333
0.324150,3.0969
0.324175,3.1509
0.324200,3.1920
0.324225,3.2194
0.324250,3.2379
0.324275,3.2460
0.324300,3.2468
0.324325,3.2379
0.324350,3.2162
0.324375,3.1832
0.324400,3.1396
0.324425,3.0897
0.324450,3.0316
0.324475,2.9640
0.324500,2.8842
0.324525,2.7955
0.324550,2.7053
0.324575,2.6150
0.324600,2.5215
0.324625,2.4176
0.324650,2.3128
0.324675,2.2008
0.324700,2.0968
0.324725,1.9953
0.324750,1.8946
0.324775,1.8011
0.324800,1.6939
0.324825,1.5924
0.324850,1.4860
0.324875,1.3595
0.324900,1.2273
0.324925,1.0952
0.324950,0.9485
0.324975,0.8107
0.325000,2.8197
0.325025,2.7657
0.325050,2.6900
0.325075,2.6037
0.325100,2.5151
0.325125,2.4192
0.325150,2.3233
0.325175,2.2121
0.325200,2.1065
0.325225,1.9929
0.325250,1.8817
0.325275,1.7850
0.325300,1.6939
0.325325,1.5932
0.325350,1.4876
0.325375,1.3716
0.325400,1.2314
0.325425,1.0976
0.325450,0.9485
0.325475,0.8010
0.325500,0.6721
0.325525,0.5528
0.325550,0.4505
0.325575,0.3602
0.325600,0.2748
0.325625,0.2015
0.325650,0.1394
0.325675,0.0919
0.325700,0.0572
0.325725,0.0347
0.325750,0.0218
0.325775,0.0161
0.325800,0.0226
0.325825,0.0395
0.325850,0.0693
0.325875,0.1128
0.325900,0.1644
0.325925,0.2289
0.325950,0.3078
0.325975,0.4005
0.326000,0.5045
0.326025,0.6157
0.326050,0.7325
0.326075,0.8639
0.326100,0.9856
0.326125,1.0976
0.326150,1.2015
0.326175,1.2902
0.326200,1.3893
0.326225,1.4812
0.326250,1.5779
0.326275,1.6730
0.326300,1.7681
0.326325,1.8768
0.326350,1.9913
0.326375,2.1089
0.326400,2.2153
0.326425,2.3185
0.326450,2.4136
0.326475,2.5127
0.326500,2.6190
0.326525,2.7141
0.326550,2.8068
0.326575,2.8858
0.326600,2.9591
0.326625,3.0333
0.326650,3.0961
0.326675,3.1501
0.326700,3.1912
0.326725,3.2194
0.326750,3.2371
0.326775,3.2468
0.326800,3.2468
0.326825,3.2388
0.326850,3.2186
0.326875,3.1840
0.326900,3.1421
0.326925,3.0913
0.326950,3.0325
0.326975,2.9656
0.327000,2.8850
0.327025,2.7963
0.327050,2.7061
0.327075,2.6142
0.327100,2.5199
0.327125,2.4168
0.327150,2.3112
0.327175,2.2000
0.327200,2.0977
0.327225,1.9961
0.327250,1.8954
0.327275,1.8027
0.327300,1.6947
0.327325,1.5924
0.327350,1.4868
0.327375,1.3587
0.327400,1.2265
0.327425,1.0944
0.327450,0.9485
0.327475,0.8099
0.327500,0.6842
0.327525,0.5585
0.327550,0.4505
0.327575,0.3570
0.327600,0.2724
0.327625,0.1999
0.327650,0.1394
0.327675,0.0911
0.327700,0.0564
0.327725,0.0330
0.327750,0.0201
0.327775,0.0161
0.327800,0.0226
0.327825,0.0387
0.327850,0.0685
0.327875,0.1112
0.327900,0.1652
0.327925,0.2297
0.327950,0.3086
0.327975,0.3989
0.328000,0.4972
0.328025,0.6149
0.328050,0.7382
0.328075,0.8671
0.328100,1.0001
0.328125,1.1129
0.328150,1.2177
0.328175,1.3168
0.328200,1.3949
0.328225,1.4844
0.328250,1.5763
0.328275,1.6705
0.328300,1.7850
0.328325,1.8825
0.328350,1.9889
0.328375,2.0936
0.328400,2.1984
0.328425,2.3120
0.328450,2.4152
0.328475,2.5232
0.328500,2.6223
0.328525,2.7149
0.328550,2.8060
0.328575,2.8850
0.328600,2.9623
0.328625,3.0349
0.328650,3.0961
0.328675,3.1485
0.328700,3.1888
0.328725,3.2186
0.328750,3.2371
0.328775,3.2468
0.328800,3.2476
0.328825,3.2388
0.328850,3.2178
0.328875,3.1856
0.328900,3.1437
0.328925,3.0905
0.328950,3.0308
0.328975,2.9591
0.329000,2.8793
0.329025,2.7963
0.329050,2.7085
0.329075,2.6247
0.329100,2.5223
0.329125,2.4176
0.329150,2.3128
0.329175,2.2032
0.329200,2.1114
0.329225,1.9993
0.329250,1.8881
0.329275,1.7777
0.329300,1.6722
0.329325,1.5851
0.329350,1.4836
0.329375,1.3643
0.329400,1.2330
0.329425,1.0927
0.329450,0.9485
0.329475,0.8131
0.329500,0.6777
0.329525,0.5552
0.329550,0.4513
0.329575,0.3594
0.329600,0.2764
0.329625,0.2023
0.329650,0.1394
0.329675,0.0911
0.329700,0.0564
0.329725,0.0330
0.329750,0.0210
0.329775,0.0161
0.329800,0.0218
0.329825,0.0395
0.329850,0.0701
0.329875,0.1136
0.329900,0.1668
0.329925,0.2297
0.329950,0.3054
0.329975,0.3916
0.330000,0.4980
0.330025,0.6149
0.330050,0.7374
0.330075,0.8744
0.330100,1.0081
0.330125,1.1113
0.330150,1.2088
0.330175,1.2902
0.330200,1.3684
0.330225,1.4739
0.330250,1.5827
0.330275,1.6947
0.330300,1.7906
0.330325,1.8865
0.330350,1.9881
0.330375,2.0920
0.330400,2.2105
0.330425,2.3168
0.330450,2.4144
0.330475,2.5143
0.330500,2.6118
0.330525,2.7109
0.330550,2.8076
0.330575,2.8906
0.330600,2.9648
0.330625,3.0365
0.330650,3.0953
0.330675,3.1477
0.330700,3.1904
0.330725,3.2186
0.330750,3.2379
0.330775,3.2468
0.330800,3.2468
0.330825,3.2388
0.330850,3.2178
0.330875,3.1864
0.330900,3.1421
0.330925,3.0913
0.330950,3.0308
0.330975,2.9599
0.331000,2.8858
0.331025,2.7963
0.331050,2.7053
0.331075,2.6126
0.331100,2.5111
0.331125,2.4152
0.331150,2.3168
0.331175,2.2185
0.331200,2.1138
0.331225,2.0001
0.331250,1.8889
0.331275,1.7801
0.331300,1.6899
0.331325,1.5908
0.331350,1.4884
0.331375,1.3716
0.331400,1.2322
0.331425,1.0976
0.331450,0.9485
0.331475,0.8010
0.331500,0.6721
0.331525,0.5520
0.331550,0.4505
0.331575,0.3602
0.331600,0.2748
0.331625,0.2015
0.331650,0.1402
0.331675,0.0927
0.331700,0.0580
0.331725,0.0347
0.331750,0.0218
0.331775,0.0161
0.331800,0.0226
0.331825,0.0395
0.331850,0.0701
0.331875,0.1128
0.331900,0.1644
0.331925,0.2297
0.331950,0.3070
0.331975,0.4005
0.332000,0.5045
0.332025,0.6157
0.332050,0.7333
0.332075,0.8631
0.332100,0.9856
0.332125,1.0976
0.332150,1.2007
0.332175,1.2902
0.332200,1.3885
0.332225,1.4804
0.332250,1.5779
0.332275,1.6722
0.332300,1.7689
0.332325,1.8777
0.332350,1.9921
0.332375,2.1097
0.332400,2.2161
0.332425,2.3193
0.332450,2.4144
0.332475,2.5135
0.332500,2.6190
0.332525,2.7141
0.332550,2.8076
0.332575,2.8866
0.332600,2.9591
0.332625,3.0341
0.332650,3.0961
0.332675,3.1493
0.332700,3.1912
0.332725,3.2178
0.332750,3.2363
0.332775,3.2460
0.332800,3.2460
0.332825,3.2379
0.332850,3.2178
0.332875,3.1840
0.332900,3.1412
0.332925,3.0913
0.332950,3.0316
0.332975,2.9656
0.333000,2.8842
0.333025,2.7963
0.333050,2.7061
0.333075,2.6142
0.333100,2.5215
0.333125,2.4168
0.333150,2.3120
0.333175,2.2016
0.333200,2.0968
0.333225,1.9953
0.333250,1.8954
0.333275,1.8019
0.333300,1.6939
0.333325,1.5932
0.333350,1.4860
0.333375,1.3595
0.333400,1.2273
0.333425,1.0944
0.333450,0.9485
0.333475,0.8099
0.333500,0.6834
0.333525,0.5585
0.333550,0.4505
0.333575,0.3570
0.333600,0.2732
0.333625,0.2007
0.333650,0.1402
0.333675,0.0927
0.333700,0.0572
0.333725,0.0338
0.333750,0.0201
0.333775,0.0161
0.333800,0.0218
0.333825,0.0387
0.333850,0.0693
0.333875,0.1112
0.333900,0.1644
0.333925,0.2297
0.333950,0.3078
0.333975,0.3981
0.334000,0.4980
0.334025,0.6149
0.334050,0.7382
0.334075,0.8671
0.334100,1.0001
0.334125,1.1129
0.334150,1.2177
0.334175,1.3168
0.334200,1.3958
0.334225,1.4852
0.334250,1.5779
0.334275,1.6714
0.334300,1.7850
0.334325,1.8833
0.334350,1.9881
0.334375,2.0944
0.334400,2.1992
0.334425,2.3128
0.334450,2.4168
0.334475,2.5240
0.334500,2.6231
0.334525,2.7158
0.334550,2.8068
0.334575,2.8850
0.334600,2.9632
0.334625,3.0357
0.334650,3.0961
0.334675,3.1493
0.334700,3.1880
0.334725,3.2178
0.334750,3.2363
0.334775,3.2460
0.334800,3.2460
0.334825,3.2379
0.334850,3.2170
0.334875,3.1848
0.334900,3.1437
0.334925,3.0905
0.334950,3.0308
0.334975,2.9583
0.335000,2.8793
0.335025,2.7963
0.335050,2.7093
0.335075,2.6247
0.335100,2.5215
0.335125,2.4176
0.335150,2.3128
0.335175,2.2032
0.335200,2.1114
0.335225,1.9993
0.335250,1.8881
0.335275,1.7785
0.335300,1.6722
0.335325,1.5851
0.335350,1.4844
0.335375,1.3643
0.335400,1.2338
0.335425,1.0936
0.335450,0.9485
0.335475,0.8123
0.335500,0.6761
0.335525,0.5544
0.335550,0.4505
0.335575,0.3594
0.335600,0.2780
0.335625,0.2023
0.335650,0.1402
0.335675,0.0919
0.335700,0.0564
0.335725,0.0338
0.335750,0.0210
0.335775,0.0169
0.335800,0.0218
0.335825,0.0395
0.335850,0.0709
0.335875,0.1136
0.335900,0.1668
0.335925,0.2289
0.335950,0.3054
0.335975,0.3925
0.336000,0.4980
0.336025,0.6157
0.336050,0.7382
0.336075,0.8744
0.336100,1.0081
0.336125,1.1121
0.336150,1.2080
0.336175,1.2902
0.336200,1.3684
0.336225,1.4731
0.336250,1.5819
0.336275,1.6947
0.336300,1.7906
0.336325,1.8865
0.336350,1.9873
0.336375,2.0920
0.336400,2.2105
0.336425,2.3160
0.336450,2.4152
0.336475,2.5143
0.336500,2.6118
0.336525,2.7117
0.336550,2.8068
0.336575,2.8914
0.336600,2.9648
0.336625,3.0365
0.336650,3.0969
0.336675,3.1485
0.336700,3.1912
0.336725,3.2186
0.336750,3.2379
0.336775,3.2460
0.336800,3.2460
0.336825,3.2388
0.336850,3.2178
0.336875,3.1872
0.336900,3.1429
0.336925,3.0905
0.336950,3.0308
0.336975,2.9591
0.337000,2.8850
0.337025,2.7963
0.337050,2.7053
0.337075,2.6134
0.337100,2.5111
0.337125,2.4152
0.337150,2.3168
0.337175,2.2185
0.337200,2.1130
0.337225,2.0001
0.337250,1.8881
0.337275,1.7793
0.337300,1.6899
0.337325,1.5900
0.337350,1.4876
0.337375,1.3708
0.337400,1.2305
0.337425,1.0968
0.337450,0.9477
0.337475,0.8010
0.337500,0.6721
0.337525,0.5536
0.337550,0.4505
0.337575,0.3610
0.337600,0.2748
0.337625,0.2015
0.337650,0.1402
0.337675,0.0919
0.337700,0.0580
0.337725,0.0347
0.337750,0.0210
0.337775,0.0169
0.337800,0.0218
0.337825,0.0395
0.337850,0.0701
0.337875,0.1128
0.337900,0.1644
0.337925,0.2297
0.337950,0.3086
0.337975,0.4013
0.338000,0.5053
0.338025,0.6165
0.338050,0.7333
0.338075,0.8639
0.338100,0.9864
0.338125,1.0976
0.338150,1.2007
0.338175,1.2902
0.338200,1.3893
0.338225,1.4812
0.338250,1.5787
0.338275,1.6730
0.338300,1.7681
0.338325,1.8777
0.338350,1.9905
0.338375,2.1097
0.338400,2.2161
0.338425,2.3185
0.338450,2.4152
0.338475,2.5127
0.338500,2.6199
0.338525,2.7149
0.338550,2.8068
0.338575,2.8866
0.338600,2.9591
0.338625,3.0341
0.338650,3.0961
0.338675,3.1493
0.338700,3.1904
0.338725,3.2186
0.338750,3.2363
0.338775,3.2460
0.338800,3.2468
0.338825,3.2379
0.338850,3.2178
0.338875,3.1832
0.338900,3.1404
0.338925,3.0905
0.338950,3.0316
0.338975,2.9648
0.339000,2.8850
0.339025,2.7963
0.339050,2.7061
0.339075,2.6150
0.339100,2.5207
0.339125,2.4176
0.339150,2.3128
0.339175,2.2008
0.339200,2.0968
0.339225,1.9953
0.339250,1.8946
0.339275,1.8019
0.339300,1.6939
0.339325,1.5924
0.339350,1.4868
0.339375,1.3587
0.339400,1.2273
0.339425,1.0944
0.339450,0.9485
0.339475,0.8099
0.339500,0.6834
0.339525,0.5585
0.339550,0.4505
0.339575,0.3562
0.339600,0.2724
0.339625,0.1999
0.339650,0.1402
0.339675,0.0927
0.339700,0.0580
0.339725,0.0347
0.339750,0.0210
0.339775,0.0169
0.339800,0.0218
0.339825,0.0395
0.339850,0.0693
0.339875,0.1104
0.339900,0.1652
0.339925,0.2289
0.339950,0.3078
0.339975,0.3989
0.340000,0.4980
0.340025,0.6157
0.340050,0.7390
0.340075,0.8679
0.340100,1.0009
0.340125,1.1129
0.340150,1.2177
0.340175,1.3168
0.340200,1.3958
0.340225,1.4844
0.340250,1.5771
0.340275,1.6714
0.340300,1.7834
0.340325,1.8833
0.340350,1.9873
0.340375,2.0936
0.340400,2.1992
0.340425,2.3120
0.340450,2.4168
0.340475,2.5240
0.340500,2.6223
0.340525,2.7166
0.340550,2.8076
0.340575,2.8850
0.340600,2.9640
0.340625,3.0349
0.340650,3.0969
0.340675,3.1485
0.340700,3.1888
0.340725,3.2178
0.340750,3.2371
0.340775,3.2476
0.340800,3.2476
0.340825,3.2396
0.340850,3.2170
0.340875,3.1832
0.340900,3.1421
0.340925,3.0889
0.340950,3.0300
0.340975,2.9583
0.341000,2.8793
0.341025,2.7963
0.341050,2.7085
0.341075,2.6255
0.341100,2.5240
0.341125,2.4184
0.341150,2.3136
0.341175,2.2032
0.341200,2.1097
0.341225,1.9993
0.341250,1.8873
0.341275,1.7785
0.341300,1.6722
0.341325,1.5843
0.341350,1.4836
0.341375,1.3627
0.341400,1.2338
0.341425,1.0927
0.341450,0.9485
0.341475,0.8123
0.341500,0.6761
0.341525,0.5552
0.341550,0.4505
0.341575,0.3594
0.341600,0.2772
0.341625,0.2023
0.341650,0.1402
0.341675,0.0911
0.341700,0.0564
0.341725,0.0338
0.341750,0.0201
0.341775,0.0161
0.341800,0.0218
0.341825,0.0395
0.341850,0.0701
0.341875,0.1136
0.341900,0.1668
0.341925,0.2289
0.341950,0.3054
0.341975,0.3925
0.342000,0.4972
0.342025,0.6149
0.342050,0.7374
0.342075,0.8744
0.342100,1.0081
0.342125,1.1121
0.342150,1.2088
0.342175,1.2902
0.342200,1.3684
0.342225,1.4739
0.342250,1.5827
0.342275,1.6947
0.342300,1.7914
0.342325,1.8865
0.342350,1.9889
0.342375,2.0920
0.342400,2.2113
0.342425,2.3168
0.342450,2.4144
0.342475,2.5143
0.342500,2.6102
0.342525,2.7109
0.342550,2.8068
0.342575,2.8898
0.342600,2.9648
0.342625,3.0357
0.342650,3.0961
0.342675,3.1485
0.342700,3.1896
0.342725,3.2186
0.342750,3.2371
0.342775,3.2460
0.342800,3.2468
0.342825,3.2379
0.342850,3.2186
0.342875,3.1864
0.342900,3.1421
0.342925,3.0905
0.342950,3.0300
0.342975,2.9599
0.343000,2.8850
0.343025,2.7971
0.343050,2.7053
0.343075,2.6126
0.343100,2.5127
0.343125,2.4152
0.343150,2.3185
0.343175,2.2185
0.343200,2.1130
0.343225,2.0001
0.343250,1.8881
0.343275,1.7801
0.343300,1.6891
0.343325,1.5908
0.343350,1.4876
0.343375,1.3724
0.343400,1.2314
0.343425,1.0976
0.343450,0.9485
0.343475,0.8002
0.343500,0.6721
0.343525,0.5520
0.343550,0.4497
0.343575,0.3594
0.343600,0.2740
0.343625,0.2015
0.343650,0.1394
0.343675,0.0919
0.343700,0.0580
0.343725,0.0338
0.343750,0.0210
0.343775,0.0161
0.343800,0.0218
0.343825,0.0395
0.343850,0.0701
0.343875,0.1128
0.343900,0.1652
0.343925,0.2297
0.343950,0.3086
0.343975,0.4005
0.344000,0.5037
0.344025,0.6165
0.344050,0.7317
0.344075,0.8623
0.344100,0.9848
0.344125,1.0944
0.344150,1.1991
0.344175,1.2894
0.344200,1.3877
0.344225,1.4820
0.344250,1.5787
0.344275,1.6730
0.344300,1.7705
0.344325,1.8777
0.344350,1.9905
0.344375,2.1089
0.344400,2.2145
0.344425,2.3185
0.344450,2.4152
0.344475,2.5127
0.344500,2.6190
0.344525,2.7141
0.344550,2.8068
0.344575,2.8858
0.344600,2.9591
0.344625,3.0333
0.344650,3.0953
0.344675,3.1501
0.344700,3.1896
0.344725,3.2186
0.344750,3.2371
0.344775,3.2460
0.344800,3.2476
0.344825,3.2379
0.344850,3.2170
0.344875,3.1840
0.344900,3.1404
0.344925,3.0905
0.344950,3.0316
0.344975,2.9648
0.345000,2.8850
0.345025,2.7971
0.345050,2.7061
0.345075,2.6142
0.345100,2.5215
0.345125,2.4176
0.345150,2.3120
0.345175,2.2016
0.345200,2.0968
0.345225,1.9961
0.345250,1.8946
0.345275,1.8019
0.345300,1.6939
0.345325,1.5932
0.345350,1.4876
0.345375,1.3595
0.345400,1.2273
0.345425,1.0944
0.345450,0.9485
0.345475,0.8099
0.345500,0.6834
0.345525,0.5577
0.345550,0.4505
0.345575,0.3554
0.345600,0.2724
0.345625,0.2007
0.345650,0.1394
0.345675,0.0927
0.345700,0.0572
0.345725,0.0338
0.345750,0.0210
0.345775,0.0161
0.345800,0.0226
0.345825,0.0387
0.345850,0.0693
0.345875,0.1112
0.345900,0.1644
0.345925,0.2297
0.345950,0.3078
0.345975,0.3989
0.346000,0.4988
0.346025,0.6149
0.346050,0.7398
0.346075,0.8679
0.346100,1.0009
0.346125,1.1129
0.346150,1.2168
0.346175,1.3168
0.346200,1.3958
0.346225,1.4852
0.346250,1.5779
0.346275,1.6714
0.346300,1.7850
0.346325,1.8833
0.346350,1.9889
0.346375,2.0944
0.346400,2.1992
0.346425,2.3120
0.346450,2.4160
0.346475,2.5240
0.346500,2.6215
0.346525,2.7166
0.346550,2.8068
0.346575,2.8842
0.346600,2.9623
0.346625,3.0341
0.346650,3.0961
0.346675,3.1485
0.346700,3.1888
0.346725,3.2186
0.346750,3.2371
0.346775,3.2468
0.346800,3.2476
0.346825,3.2379
0.346850,3.2178
0.346875,3.1848
0.346900,3.1429
0.346925,3.0913
0.346950,3.0300
0.346975,2.9591
0.347000,2.8793
0.347025,2.7955
0.347050,2.7093
0.347075,2.6247
0.347100,2.5215
0.347125,2.4168
0.347150,2.3112
0.347175,2.2016
0.347200,2.1105
0.347225,1.9993
0.347250,1.8873
0.347275,1.7785
0.347300,1.6722
0.347325,1.5851
0.347350,1.4844
0.347375,1.3643
0.347400,1.2338
0.347425,1.0927
0.347450,0.9485
0.347475,0.8115
0.347500,0.6769
0.347525,0.5536
0.347550,0.4497
0.347575,0.3594
0.347600,0.2764
0.347625,0.2023
0.347650,0.1410
0.347675,0.0911
0.347700,0.0564
0.347725,0.0338
0.347750,0.0201
0.347775,0.0169
0.347800,0.0218
0.347825,0.0395
0.347850,0.0709
0.347875,0.1128
0.347900,0.1660
0.347925,0.2289
0.347950,0.3038
0.347975,0.3925
0.348000,0.4980
0.348025,0.6149
0.348050,0.7382
0.348075,0.8736
0.348100,1.0089
0.348125,1.1121
0.348150,1.2088
0.348175,1.2910
0.348200,1.3684
0.348225,1.4739
0.348250,1.5827
0.348275,1.6939
0.348300,1.7914
0.348325,1.8873
0.348350,1.9889
0.348375,2.0936
0.348400,2.2113
0.348425,2.3160
0.348450,2.4152
0.348475,2.5135
0.348500,2.6102
0.348525,2.7109
0.348550,2.8060
0.348575,2.8898
0.348600,2.9648
0.348625,3.0357
0.348650,3.0953
0.348675,3.1469
0.348700,3.1896
0.348725,3.2186
0.348750,3.2371
0.348775,3.2468
0.348800,3.2468
0.348825,3.2379
0.348850,3.2186
0.348875,3.1864
0.348900,3.1421
0.348925,3.0905
0.348950,3.0308
0.348975,2.9599
0.349000,2.8850
0.349025,2.7971
0.349050,2.7053
0.349075,2.6134
0.349100,2.5127
0.349125,2.4152
0.349150,2.3185
0.349175,2.2201
0.349200,2.1138
0.349225,2.0010
0.349250,1.8881
0.349275,1.7793
0.349300,1.6883
0.349325,1.5900
0.349350,1.4876
0.349375,1.3716
0.349400,1.2314
0.349425,1.0968
0.349450,0.9477
0.349475,0.8002
0.349500,0.6721
0.349525,0.5528
0.349550,0.4505
0.349575,0.3618
0.349600,0.2764
0.349625,0.2023
0.349650,0.1418
0.349675,0.0935
0.349700,0.0580
0.349725,0.0347
0.349750,0.0201
0.349775,0.0161
0.349800,0.0218
0.349825,0.0387
0.349850,0.0709
0.349875,0.1128
0.349900,0.1644
0.349925,0.2297
0.349950,0.3078
0.349975,0.4005
0.350000,0.5021
0.350025,0.4634
0.350050,0.4408
0.350075,0.3675
0.350100,0.2764
0.350125,0.2023
0.350150,0.1394
0.350175,0.0911
0.350200,0.0564
0.350225,0.0338
0.350250,0.0210
0.350275,0.0161
0.350300,0.0218
0.350325,0.0395
0.350350,0.0709
0.350375,0.1136
0.350400,0.1668
0.350425,0.2297
0.350450,0.3046
0.350475,0.3925
0.350500,0.4988
0.350525,0.6157
0.350550,0.7382
0.350575,0.8744
0.350600,1.0081
0.350625,1.1121
0.350650,1.2088
0.350675,1.2902
0.350700,1.3692
0.350725,1.4731
0.350750,1.5827
0.350775,1.6939
0.350800,1.7914
0.350825,1.8873
0.350850,1.9881
0.350875,2.0928
0.350900,2.2105
0.350925,2.3160
0.350950,2.4144
0.350975,2.5135
0.351000,2.6102
0.351025,2.7101
0.351050,2.8060
0.351075,2.8906
0.351100,2.9656
0.351125,3.0357
0.351150,3.0969
0.351175,3.1477
0.351200,3.1896
0.351225,3.2186
0.351250,3.2371
0.351275,3.2468
0.351300,3.2468
0.351325,3.2396
0.351350,3.2186
0.351375,3.1864
0.351400,3.1437
0.351425,3.0905
0.351450,3.0308
0.351475,2.9599
0.351500,2.8842
0.351525,2.7971
0.351550,2.7045
0.351575,2.6126
0.351600,2.5119
0.351625,2.4144
0.351650,2.3185
0.351675,2.2193
0.351700,2.1138
0.351725,2.0018
0.351750,1.8881
0.351775,1.7801
0.351800,1.6899
0.351825,1.5900
0.351850,1.4884
0.351875,1.3716
0.351900,1.2314
0.351925,1.0968
0.351950,0.9485
0.351975,0.8002
0.352000,0.6721
0.352025,0.5528
0.352050,0.4497
0.352075,0.3610
0.352100,0.2748
0.352125,0.2015
0.352150,0.1402
0.352175,0.0911
0.352200,0.0580
0.352225,0.0338
0.352250,0.0210
0.352275,0.0161
0.352300,0.0218
0.352325,0.0395
0.352350,0.0701
0.352375,0.1128
0.352400,0.1644
0.352425,0.2289
0.352450,0.3086
0.352475,0.4005
0.352500,0.5053
0.352525,0.6165
0.352550,0.7333
0.352575,0.8639
0.352600,0.9864
0.352625,1.0976
0.352650,1.2007
0.352675,1.2902
0.352700,1.3885
0.352725,1.4812
0.352750,1.5787
0.352775,1.6730
0.352800,1.7697
0.352825,1.8777
0.352850,1.9913
0.352875,2.1105
0.352900,2.2161
0.352925,2.3193
0.352950,2.4144
0.352975,2.5127
0.353000,2.6182
0.353025,2.7141
0.353050,2.8068
0.353075,2.8858
0.353100,2.9599
0.353125,3.0333
0.353150,3.0961
0.353175,3.1501
0.353200,3.1912
0.353225,3.2194
0.353250,3.2379
0.353275,3.2460
0.353300,3.2468
0.353325,3.2379
0.353350,3.2170
0.353375,3.1840
0.353400,3.1412
0.353425,3.0905
0.353450,3.0325
0.353475,2.9656
0.353500,2.8850
0.353525,2.7979
0.353550,2.7053
0.353575,2.6142
0.353600,2.5207
0.353625,2.4168
0.353650,2.3120
0.353675,2.2008
0.353700,2.0968
0.353725,1.9953
0.353750,1.8946
0.353775,1.8019
0.353800,1.6939
0.353825,1.5932
0.353850,1.4860
0.353875,1.3587
0.353900,1.2273
0.353925,1.0936
0.353950,0.9485
0.353975,0.8099
0.354000,0.6834
0.354025,0.5585
0.354050,0.4505
0.354075,0.3570
0.354100,0.2732
0.354125,0.2015
0.354150,0.1410
0.354175,0.0927
0.354200,0.0588
0.354225,0.0338
0.354250,0.0201
0.354275,0.0161
0.354300,0.0210
0.354325,0.0387
0.354350,0.0693
0.354375,0.1112
0.354400,0.1652
0.354425,0.2297
0.354450,0.3078
0.354475,0.3989
0.354500,0.4988
0.354525,0.6157
0.354550,0.7398
0.354575,0.8679
0.354600,1.0009
0.354625,1.1129
0.354650,1.2177
0.354675,1.3168
0.354700,1.3958
0.354725,1.4852
0.354750,1.5779
0.354775,1.6722
0.354800,1.7842
0.354825,1.8833
0.354850,1.9881
0.354875,2.0944
0.354900,2.1992
0.354925,2.3120
0.354950,2.4176
0.354975,2.5240
0.355000,2.6231
0.355025,2.7166
0.355050,2.8068
0.355075,2.8850
0.355100,2.9623
0.355125,3.0349
0.355150,3.0961
0.355175,3.1485
0.355200,3.1888
0.355225,3.2178
0.355250,3.2363
0.355275,3.2468
0.355300,3.2468
0.355325,3.2388
0.355350,3.2178
0.355375,3.1848
0.355400,3.1421
0.355425,3.0897
0.355450,3.0292
0.355475,2.9583
0.355500,2.8793
0.355525,2.7955
0.355550,2.7093
0.355575,2.6247
0.355600,2.5223
0.355625,2.4176
0.355650,2.3128
0.355675,2.2032
0.355700,2.1114
0.355725,1.9993
0.355750,1.8881
0.355775,1.7785
0.355800,1.6714
0.355825,1.5851
0.355850,1.4836
0.355875,1.3635
0.355900,1.2330
0.355925,1.0919
0.355950,0.9485
0.355975,0.8123
0.356000,0.6761
0.356025,0.5544
0.356050,0.4497
0.356075,0.3594
0.356100,0.2772
0.356125,0.2023
0.356150,0.1410
0.356175,0.0911
0.356200,0.0572
0.356225,0.0338
0.356250,0.0210
0.356275,0.0169
0.356300,0.0218
0.356325,0.0395
0.356350,0.0701
0.356375,0.1136
0.356400,0.1668
0.356425,0.2297
0.356450,0.3054
0.356475,0.3925
0.356500,0.4980
0.356525,0.6149
0.356550,0.7382
0.356575,0.8744
0.356600,1.0081
0.356625,1.1121
0.356650,1.2088
0.356675,1.2902
0.356700,1.3684
0.356725,1.4739
0.356750,1.5827
0.356775,1.6939
0.356800,1.7914
0.356825,1.8865
0.356850,1.9881
0.356875,2.0920
0.356900,2.2097
0.356925,2.3160
0.356950,2.4144
0.356975,2.5135
0.357000,2.6110
0.357025,2.7109
0.357050,2.8068
0.357075,2.8906
0.357100,2.9656
0.357125,3.0365
0.357150,3.0969
0.357175,3.1485
0.357200,3.1904
0.357225,3.2186
0.357250,3.2371
0.357275,3.2468
0.357300,3.2476
0.357325,3.2388
0.357350,3.2194
0.357375,3.1864
0.357400,3.1429
0.357425,3.0913
0.357450,3.0300
0.357475,2.9599
0.357500,2.8842
0.357525,2.7963
0.357550,2.7061
0.357575,2.6134
0.357600,2.5127
0.357625,2.4152
0.357650,2.3168
0.357675,2.2185
0.357700,2.1122
0.357725,2.0001
0.357750,1.8881
0.357775,1.7785
0.357800,1.6875
0.357825,1.5884
0.357850,1.4860
0.357875,1.3708
0.357900,1.2314
0.357925,1.0960
0.357950,0.9477
0.357975,0.8002
0.358000,0.6721
0.358025,0.5528
0.358050,0.4505
0.358075,0.3610
0.358100,0.2748
0.358125,0.2015
0.358150,0.1394
0.358175,0.0911
0.358200,0.0580
0.358225,0.0338
0.358250,0.0210
0.358275,0.0161
0.358300,0.0218
0.358325,0.0395
0.358350,0.0701
0.358375,0.1128
0.358400,0.1644
0.358425,0.2297
0.358450,0.3078
0.358475,0.4013
0.358500,0.5045
0.358525,0.6173
0.358550,0.7333
0.358575,0.8631
0.358600,0.9856
0.358625,1.0968
0.358650,1.2007
0.358675,1.2902
0.358700,1.3885
0.358725,1.4812
0.358750,1.5787
0.358775,1.6738
0.358800,1.7697
0.358825,1.8777
0.358850,1.9921
0.358875,2.1097
0.358900,2.2153
0.358925,2.3185
0.358950,2.4144
0.358975,2.5127
0.359000,2.6182
0.359025,2.7149
0.359050,2.8068
0.359075,2.8866
0.359100,2.9599
0.359125,3.0333
0.359150,3.0969
0.359175,3.1501
0.359200,3.1912
0.359225,3.2186
0.359250,3.2371
0.359275,3.2460
0.359300,3.2476
0.359325,3.2388
0.359350,3.2178
0.359375,3.1840
0.359400,3.1404
0.359425,3.0905
0.359450,3.0316
0.359475,2.9648
0.359500,2.8850
0.359525,2.7963
0.359550,2.7061
0.359575,2.6142
0.359600,2.5207
0.359625,2.4168
0.359650,2.3112
0.359675,2.2016
0.359700,2.0977
0.359725,1.9953
0.359750,1.8954
0.359775,1.8011
0.359800,1.6939
0.359825,1.5924
0.359850,1.4860
0.359875,1.3595
0.359900,1.2265
0.359925,1.0944
0.359950,0.9485
0.359975,0.8091
0.360000,0.6834
0.360025,0.5577
0.360050,0.4513
0.360075,0.3562
0.360100,0.2724
0.360125,0.2007
0.360150,0.1402
0.360175,0.0927
0.360200,0.0572
0.360225,0.0338
0.360250,0.0201
0.360275,0.0161
0.360300,0.0218
0.360325,0.0387
0.360350,0.0693
0.360375,0.1104
0.360400,0.1652
0.360425,0.2297
0.360450,0.3078
0.360475,0.3989
0.360500,0.4980
0.360525,0.6149
0.360550,0.7390
0.360575,0.8679
0.360600,1.0001
0.360625,1.1129
0.360650,1.2177
0.360675,1.3176
0.360700,1.3974
0.360725,1.4852
0.360750,1.5787
0.360775,1.6714
0.360800,1.7842
0.360825,1.8833
0.360850,1.9881
0.360875,2.0944
0.360900,2.1992
0.360925,2.3120
0.360950,2.4160
0.360975,2.5232
0.361000,2.6215
0.361025,2.7158
0.361050,2.8068
0.361075,2.8850
0.361100,2.9632
0.361125,3.0349
0.361150,3.0961
0.361175,3.1485
0.361200,3.1888
0.361225,3.2178
0.361250,3.2363
0.361275,3.2468
0.361300,3.2468
0.361325,3.2379
0.361350,3.2178
0.361375,3.1840
0.361400,3.1429
0.361425,3.0897
0.361450,3.0300
0.361475,2.9583
0.361500,2.8793
0.361525,2.7963
0.361550,2.7085
0.361575,2.6247
0.361600,2.5215
0.361625,2.4176
0.361650,2.3120
0.361675,2.2032
0.361700,2.1105
0.361725,1.9985
0.361750,1.8881
0.361775,1.7777
0.361800,1.6722
0.361825,1.5851
0.361850,1.4844
0.361875,1.3643
0.361900,1.2338
0.361925,1.0936
0.361950,0.9493
0.361975,0.8123
0.362000,0.6769
0.362025,0.5544
0.362050,0.4497
0.362075,0.3594
0.362100,0.2764
0.362125,0.2023
0.362150,0.1410
0.362175,0.0911
0.362200,0.0572
0.362225,0.0338
0.362250,0.0210
0.362275,0.0169
0.362300,0.0218
0.362325,0.0395
0.362350,0.0701
0.362375,0.1136
0.362400,0.1660
0.362425,0.2297
0.362450,0.3054
0.362475,0.3925
0.362500,0.4980
0.362525,0.6149
0.362550,0.7382
0.362575,0.8744
0.362600,1.0089
0.362625,1.1121
0.362650,1.2088
0.362675,1.2902
0.362700,1.3684
0.362725,1.4739
0.362750,1.5827
0.362775,1.6947
0.362800,1.7906
0.362825,1.8865
0.362850,1.9873
0.362875,2.0920
0.362900,2.2097
0.362925,2.3160
0.362950,2.4144
0.362975,2.5143
0.363000,2.6110
0.363025,2.7117
0.363050,2.8076
0.363075,2.8906
0.363100,2.9656
0.363125,3.0365
0.363150,3.0969
0.363175,3.1485
0.363200,3.1904
0.363225,3.2186
0.363250,3.2379
0.363275,3.2460
0.363300,3.2468
0.363325,3.2379
0.363350,3.2186
0.363375,3.1864
0.363400,3.1429
0.363425,3.0897
0.363450,3.0292
0.363475,2.9591
0.363500,2.8842
0.363525,2.7971
0.363550,2.7053
0.363575,2.6134
0.363600,2.5119
0.363625,2.4144
0.363650,2.3177
0.363675,2.2185
0.363700,2.1138
0.363725,2.0001
0.363750,1.8881
0.363775,1.7801
0.363800,1.6891
0.363825,1.5908
0.363850,1.4876
0.363875,1.3724
0.363900,1.2314
0.363925,1.0968
0.363950,0.9485
0.363975,0.8002
0.364000,0.6721
0.364025,0.5528
0.364050,0.4505
0.364075,0.3610
0.364100,0.2748
0.364125,0.2015
0.364150,0.1410
0.364175,0.0927
0.364200,0.0588
0.364225,0.0347
0.364250,0.0210
0.364275,0.0161
0.364300,0.0218
0.364325,0.0387
0.364350,0.0693
0.364375,0.1128
0.364400,0.1644
0.364425,0.2297
0.364450,0.3078
0.364475,0.4005
0.364500,0.5045
0.364525,0.6157
0.364550,0.7325
0.364575,0.8631
0.364600,0.9856
0.364625,1.0968
0.364650,1.2007
0.364675,1.2894
0.364700,1.3877
0.364725,1.4812
0.364750,1.5779
0.364775,1.6730
0.364800,1.7689
0.364825,1.8777
0.364850,1.9921
0.364875,2.1097
0.364900,2.2161
0.364925,2.3185
0.364950,2.4144
0.364975,2.5119
0.365000,2.6174
0.365025,2.7141
0.365050,2.8060
0.365075,2.8858
0.365100,2.9599
0.365125,3.0333
0.365150,3.0961
0.365175,3.1501
0.365200,3.1904
0.365225,3.2186
0.365250,3.2371
0.365275,3.2460
0.365300,3.2468
0.365325,3.2379
0.365350,3.2170
0.365375,3.1840
0.365400,3.1412
0.365425,3.0905
0.365450,3.0325
0.365475,2.9656
0.365500,2.8850
0.365525,2.7971
0.365550,2.7053
0.365575,2.6142
0.365600,2.5207
0.365625,2.4176
0.365650,2.3120
0.365675,2.2016
0.365700,2.0968
0.365725,1.9953
0.365750,1.8954
0.365775,1.8019
0.365800,1.6931
0.365825,1.5924
0.365850,1.4860
0.365875,1.3587
0.365900,1.2281
0.365925,1.0944
0.365950,0.9485
0.365975,0.8099
0.366000,0.6842
0.366025,0.5585
0.366050,0.4513
0.366075,0.3562
0.366100,0.2732
0.366125,0.2007
0.366150,0.1402
0.366175,0.0927
0.366200,0.0572
0.366225,0.0338
0.366250,0.0201
0.366275,0.0161
0.366300,0.0218
0.366325,0.0387
0.366350,0.0693
0.366375,0.1112
0.366400,0.1652
0.366425,0.2297
0.366450,0.3078
0.366475,0.3989
0.366500,0.4980
0.366525,0.6149
0.366550,0.7390
0.366575,0.8679
0.366600,1.0009
0.366625,1.1137
0.366650,1.2177
0.366675,1.3176
0.366700,1.3966
0.366725,1.4852
0.366750,1.5787
0.366775,1.6722
0.366800,1.7842
0.366825,1.8841
0.366850,1.9881
0.366875,2.0944
0.366900,2.1992
0.366925,2.3120
0.366950,2.4168
0.366975,2.5240
0.367000,2.6223
0.367025,2.7158
0.367050,2.8068
0.367075,2.8842
0.367100,2.9632
0.367125,3.0341
0.367150,3.0961
0.367175,3.1485
0.367200,3.1888
0.367225,3.2186
0.367250,3.2371
0.367275,3.2476
0.367300,3.2468
0.367325,3.2379
0.367350,3.2178
0.367375,3.1840
0.367400,3.1429
0.367425,3.0897
0.367450,3.0300
0.367475,2.9583
0.367500,2.8793
0.367525,2.7963
0.367550,2.7093
0.367575,2.6255
0.367600,2.5223
0.367625,2.4168
0.367650,2.3120
0.367675,2.2016
0.367700,2.1097
0.367725,1.9993
0.367750,1.8873
0.367775,1.7785
0.367800,1.6722
0.367825,1.5851
0.367850,1.4836
0.367875,1.3635
0.367900,1.2338
0.367925,1.0927
0.367950,0.9493
0.367975,0.8123
0.368000,0.6761
0.368025,0.5544
0.368050,0.4497
0.368075,0.3594
0.368100,0.2764
0.368125,0.2023
0.368150,0.1410
0.368175,0.0911
0.368200,0.0580
0.368225,0.0338
0.368250,0.0201
0.368275,0.0161
0.368300,0.0210
0.368325,0.0387
0.368350,0.0709
0.368375,0.1136
0.368400,0.1668
0.368425,0.2305
0.368450,0.3046
0.368475,0.3933
0.368500,0.4988
0.368525,0.6157
0.368550,0.7382
0.368575,0.8744
0.368600,1.0073
0.368625,1.1113
0.368650,1.2088
0.368675,1.2902
0.368700,1.3684
0.368725,1.4747
0.368750,1.5827
0.368775,1.6947
0.368800,1.7914
0.368825,1.8865
0.368850,1.9881
0.368875,2.0920
0.368900,2.2105
0.368925,2.3160
0.368950,2.4144
0.368975,2.5143
0.369000,2.6110
0.369025,2.7109
0.369050,2.8068
0.369075,2.8898
0.369100,2.9648
0.369125,3.0357
0.369150,3.0961
0.369175,3.1477
0.369200,3.1904
0.369225,3.2186
0.369250,3.2371
0.369275,3.2468
0.369300,3.2460
0.369325,3.2388
0.369350,3.2186
0.369375,3.1856
0.369400,3.1429
0.369425,3.0897
0.369450,3.0300
0.369475,2.9591
0.369500,2.8834
0.369525,2.7963
0.369550,2.7045
0.369575,2.6126
0.369600,2.5127
0.369625,2.4152
0.369650,2.3185
0.369675,2.2193
0.369700,2.1130
0.369725,2.0026
0.369750,1.8889
0.369775,1.7810
0.369800,1.6907
0.369825,1.5900
0.369850,1.4884
0.369875,1.3716
0.369900,1.2314
0.369925,1.0976
0.369950,0.9477
0.369975,0.8002
0.370000,0.6721
0.370025,0.5528
0.370050,0.4513
0.370075,0.3618
0.370100,0.2748
0.370125,0.2015
0.370150,0.1394
0.370175,0.0911
0.370200,0.0580
0.370225,0.0338
0.370250,0.0210
0.370275,0.0161
0.370300,0.0210
0.370325,0.0395
0.370350,0.0693
0.370375,0.1128
0.370400,0.1644
0.370425,0.2289
0.370450,0.3086
0.370475,0.4005
0.370500,0.5045
0.370525,0.6173
0.370550,0.7333
0.370575,0.8639
0.370600,0.9864
0.370625,1.0960
0.370650,1.2007
0.370675,1.2894
0.370700,1.3877
0.370725,1.4812
0.370750,1.5787
0.370775,1.6738
0.370800,1.7689
0.370825,1.8777
0.370850,1.9913
0.370875,2.1089
0.370900,2.2161
0.370925,2.3185
0.370950,2.4144
0.370975,2.5127
0.371000,2.6182
0.371025,2.7149
0.371050,2.8068
0.371075,2.8858
0.371100,2.9599
0.371125,3.0325
0.371150,3.0961
0.371175,3.1501
0.371200,3.1904
0.371225,3.2194
0.371250,3.2371
0.371275,3.2460
0.371300,3.2476
0.371325,3.2388
0.371350,3.2178
0.371375,3.1840
0.371400,3.1412
0.371425,3.0905
0.371450,3.0333
0.371475,2.9648
0.371500,2.8850
0.371525,2.7963
0.371550,2.7061
0.371575,2.6150
0.371600,2.5215
0.371625,2.4176
0.371650,2.3128
0.371675,2.2016
0.371700,2.0968
0.371725,1.9961
0.371750,1.8954
0.371775,1.8019
0.371800,1.6947
0.371825,1.5932
0.371850,1.4868
0.371875,1.3595
0.371900,1.2273
0.371925,1.0944
0.371950,0.9485
0.371975,0.8091
0.372000,0.6826
0.372025,0.5577
0.372050,0.4505
0.372075,0.3554
0.372100,0.2732
0.372125,0.1999
0.372150,0.1402
0.372175,0.0919
0.372200,0.0572
0.372225,0.0338
0.372250,0.0210
0.372275,0.0161
0.372300,0.0218
0.372325,0.0395
0.372350,0.0693
0.372375,0.1112
0.372400,0.1652
0.372425,0.2297
0.372450,0.3078
0.372475,0.3989
0.372500,0.4980
0.372525,0.6149
0.372550,0.7390
0.372575,0.8671
0.372600,1.0009
0.372625,1.1129
0.372650,1.2185
0.372675,1.3176
0.372700,1.3966
0.372725,1.4852
0.372750,1.5779
0.372775,1.6714
0.372800,1.7850
0.372825,1.8833
0.372850,1.9889
0.372875,2.0944
0.372900,2.1992
0.372925,2.3136
0.372950,2.4176
0.372975,2.5248
0.373000,2.6231
0.373025,2.7158
0.373050,2.8060
0.373075,2.8842
0.373100,2.9623
0.373125,3.0349
0.373150,3.0961
0.373175,3.1493
0.373200,3.1888
0.373225,3.2178
0.373250,3.2371
0.373275,3.2468
0.373300,3.2468
0.373325,3.2379
0.373350,3.2178
0.373375,3.1840
0.373400,3.1421
0.373425,3.0897
0.373450,3.0292
0.373475,2.9583
0.373500,2.8801
0.373525,2.7963
0.373550,2.7101
0.373575,2.6247
0.373600,2.5223
0.373625,2.4184
0.373650,2.3128
0.373675,2.2040
0.373700,2.1105
0.373725,2.0001
0.373750,1.8889
0.373775,1.7793
0.373800,1.6722
0.373825,1.5843
0.373850,1.4836
0.373875,1.3635
0.373900,1.2346
0.373925,1.0936
0.373950,0.9493
0.373975,0.8131
0.374000,0.6761
0.374025,0.5544
0.374050,0.4497
0.374075,0.3594
0.374100,0.2772
0.374125,0.2023
0.374150,0.1410
0.374175,0.0919
0.374200,0.0572
0.374225,0.0338
0.374250,0.0210
0.374275,0.0161
0.374300,0.0218
0.374325,0.0387
0.374350,0.0693
0.374375,0.1128
0.374400,0.1652
0.374425,0.2297
0.374450,0.3054
0.374475,0.3925
0.374500,0.4980
0.374525,0.6157
0.374550,0.7382
0.374575,0.8736
0.374600,1.0081
0.374625,1.1121
0.374650,1.2088
0.374675,1.2902
0.374700,1.3684
0.374725,1.4739
0.374750,1.5827
0.374775,1.6939
0.374800,1.7914
0.374825,1.8873
0.374850,1.9889
0.374875,2.0920
0.374900,2.2105
0.374925,2.3152
0.374950,2.4136
0.374975,2.5143
0.375000,0.5327
0.375025,0.6068
0.375050,0.7535
0.375075,0.8864
0.375100,1.0033
0.375125,1.1210
0.375150,1.2273
0.375175,1.3079
0.375200,1.3853
0.375225,1.4739
0.375250,1.5674
0.375275,1.6770
0.375300,1.7906
0.375325,1.8865
0.375350,1.9889
0.375375,2.0944
0.375400,2.1984
0.375425,2.3120
0.375450,2.4160
0.375475,2.5240
0.375500,2.6231
0.375525,2.7158
0.375550,2.8060
0.375575,2.8850
0.375600,2.9615
0.375625,3.0349
0.375650,3.0969
0.375675,3.1485
0.375700,3.1896
0.375725,3.2186
0.375750,3.2371
0.375775,3.2476
0.375800,3.2460
0.375825,3.2363
0.375850,3.2170
0.375875,3.1832
0.375900,3.1421
0.375925,3.0905
0.375950,3.0300
0.375975,2.9591
0.376000,2.8801
0.376025,2.7955
0.376050,2.7101
0.376075,2.6247
0.376100,2.5223
0.376125,2.4184
0.376150,2.3120
0.376175,2.2024
0.376200,2.1105
0.376225,1.9985
0.376250,1.8881
0.376275,1.7793
0.376300,1.6714
0.376325,1.5851
0.376350,1.4844
0.376375,1.3635
0.376400,1.2338
0.376425,1.0919
0.376450,0.9485
0.376475,0.8123
0.376500,0.6761
0.376525,0.5552
0.376550,0.4497
0.376575,0.3594
0.376600,0.2772
0.376625,0.2023
0.376650,0.1410
0.376675,0.0911
0.376700,0.0572
0.376725,0.0338
0.376750,0.0201
0.376775,0.0169
0.376800,0.0218
0.376825,0.0395
0.376850,0.0709
0.376875,0.1136
0.376900,0.1668
0.376925,0.2297
0.376950,0.3054
0.376975,0.3925
0.377000,0.4988
0.377025,0.6157
0.377050,0.7382
0.377075,0.8744
0.377100,1.0073
0.377125,1.1121
0.377150,1.2080
0.377175,1.2902
0.377200,1.3692
0.377225,1.4739
0.377250,1.5827
0.377275,1.6947
0.377300,1.7914
0.377325,1.8865
0.377350,1.9889
0.377375,2.0928
0.377400,2.2113
0.377425,2.3168
0.377450,2.4152
0.377475,2.5151
0.377500,2.6118
0.377525,2.7117
0.377550,2.8068
0.377575,2.8906
0.377600,2.9648
0.377625,3.0349
0.377650,3.0961
0.377675,3.1469
0.377700,3.1904
0.377725,3.2194
0.377750,3.2371
0.377775,3.2476
0.377800,3.2468
0.377825,3.2388
0.377850,3.2186
0.377875,3.1864
0.377900,3.1437
0.377925,3.0905
0.377950,3.0308
0.377975,2.9599
0.378000,2.8850
0.378025,2.7963
0.378050,2.7045
0.378075,2.6126
0.378100,2.5103
0.378125,2.4152
0.378150,2.3177
0.378175,2.2193
0.378200,2.1138
0.378225,2.0010
0.378250,1.8889
0.378275,1.7793
0.378300,1.6891
0.378325,1.5900
0.378350,1.4876
0.378375,1.3724
0.378400,1.2314
0.378425,1.0976
0.378450,0.9493
0.378475,0.8002
0.378500,0.6729
0.378525,0.5528
0.378550,0.4505
0.378575,0.3610
0.378600,0.2748
0.378625,0.2015
0.378650,0.1402
0.378675,0.0919
0.378700,0.0580
0.378725,0.0347
0.378750,0.0201
0.378775,0.0161
0.378800,0.0218
0.378825,0.0387
0.378850,0.0701
0.378875,0.1120
0.378900,0.1644
0.378925,0.2297
0.378950,0.3078
0.378975,0.4005
0.379000,0.5045
0.379025,0.6157
0.379050,0.7333
0.379075,0.8631
0.379100,0.9856
0.379125,1.0976
0.379150,1.2015
0.379175,1.2902
0.379200,1.3893
0.379225,1.4812
0.379250,1.5779
0.379275,1.6738
0.379300,1.7689
0.379325,1.8768
0.379350,1.9913
0.379375,2.1097
0.379400,2.2153
0.379425,2.3201
0.379450,2.4152
0.379475,2.5127
0.379500,2.6190
0.379525,2.7133
0.379550,2.8060
0.379575,2.8858
0.379600,2.9591
0.379625,3.0341
0.379650,3.0969
0.379675,3.1501
0.379700,3.1920
0.379725,3.2194
0.379750,3.2371
0.379775,3.2468
0.379800,3.2468
0.379825,3.2379
0.379850,3.2178
0.379875,3.1832
0.379900,3.1404
0.379925,3.0905
0.379950,3.0316
0.379975,2.9648
0.380000,2.8842
0.380025,2.7971
0.380050,2.7061
0.380075,2.6150
0.380100,2.5215
0.380125,2.4176
0.380150,2.3128
0.380175,2.2016
0.380200,2.0977
0.380225,1.9953
0.380250,1.8954
0.380275,1.8019
0.380300,1.6947
0.380325,1.5932
0.380350,1.4868
0.380375,1.3595
0.380400,1.2273
0.380425,1.0944
0.380450,0.9485
0.380475,0.8099
0.380500,0.6842
0.380525,0.5585
0.380550,0.4513
0.380575,0.3562
0.380600,0.2724
0.380625,0.2007
0.380650,0.1402
0.380675,0.0927
0.380700,0.0580
0.380725,0.0338
0.380750,0.0210
0.380775,0.0161
0.380800,0.0218
0.380825,0.0387
0.380850,0.0685
0.380875,0.1112
0.380900,0.1644
0.380925,0.2297
0.380950,0.3078
0.380975,0.3989
0.381000,0.4980
0.381025,0.6149
0.381050,0.7390
0.381075,0.8679
0.381100,1.0009
0.381125,1.1137
0.381150,1.2177
0.381175,1.3168
0.381200,1.3958
0.381225,1.4844
0.381250,1.5779
0.381275,1.6722
0.381300,1.7850
0.381325,1.8841
0.381350,1.9881
0.381375,2.0944
0.381400,2.1992
0.381425,2.3112
0.381450,2.4168
0.381475,2.5232
0.381500,2.6223
0.381525,2.7166
0.381550,2.8060
0.381575,2.8850
0.381600,2.9623
0.381625,3.0349
0.381650,3.0969
0.381675,3.1485
0.381700,3.1888
0.381725,3.2178
0.381750,3.2371
0.381775,3.2468
0.381800,3.2476
0.381825,3.2388
0.381850,3.2170
0.381875,3.1856
0.381900,3.1429
0.381925,3.0905
0.381950,3.0308
0.381975,2.9583
0.382000,2.8793
0.382025,2.7963
0.382050,2.7093
0.382075,2.6255
0.382100,2.5223
0.382125,2.4168
0.382150,2.3120
0.382175,2.2016
0.382200,2.1105
0.382225,1.9985
0.382250,1.8873
0.382275,1.7785
0.382300,1.6714
0.382325,1.5859
0.382350,1.4844
0.382375,1.3643
0.382400,1.2346
0.382425,1.0936
0.382450,0.9485
0.382475,0.8131
0.382500,0.6761
0.382525,0.5544
0.382550,0.4505
0.382575,0.3594
0.382600,0.2780
0.382625,0.2023
0.382650,0.1402
0.382675,0.0919
0.382700,0.0564
0.382725,0.0338
0.382750,0.0210
0.382775,0.0161
0.382800,0.0218
0.382825,0.0387
0.382850,0.0701
0.382875,0.1136
0.382900,0.1660
0.382925,0.2297
0.382950,0.3054
0.382975,0.3933
0.383000,0.4988
0.383025,0.6157
0.383050,0.7382
0.383075,0.8736
0.383100,1.0081
0.383125,1.1113
0.383150,1.2080
0.383175,1.2902
0.383200,1.3684
0.383225,1.4739
0.383250,1.5827
0.383275,1.6947
0.383300,1.7914
0.383325,1.8865
0.383350,1.9881
0.383375,2.0920
0.383400,2.2105
0.383425,2.3160
0.383450,2.4152
0.383475,2.5143
0.383500,2.6118
0.383525,2.7117
0.383550,2.8084
0.383575,2.8914
0.383600,2.9656
0.383625,3.0365
0.383650,3.0969
0.383675,3.1485
0.383700,3.1904
0.383725,3.2194
0.383750,3.2371
0.383775,3.2468
0.383800,3.2468
0.383825,3.2379
0.383850,3.2186
0.383875,3.1856
0.383900,3.1429
0.383925,3.0913
0.383950,3.0300
0.383975,2.9607
0.384000,2.8850
0.384025,2.7963
0.384050,2.7061
0.384075,2.6126
0.384100,2.5111
0.384125,2.4152
0.384150,2.3168
0.384175,2.2193
0.384200,2.1138
0.384225,2.0001
0.384250,1.8889
0.384275,1.7793
0.384300,1.6891
0.384325,1.5900
0.384350,1.4876
0.384375,1.3724
0.384400,1.2314
0.384425,1.0976
0.384450,0.9485
0.384475,0.8002
0.384500,0.6729
0.384525,0.5528
0.384550,0.4513
0.384575,0.3618
0.384600,0.2748
0.384625,0.2023
0.384650,0.1410
0.384675,0.0919
0.384700,0.0580
0.384725,0.0347
0.384750,0.0201
0.384775,0.0169
0.384800,0.0218
0.384825,0.0387
0.384850,0.0701
0.384875,0.1120
0.384900,0.1652
0.384925,0.2305
0.384950,0.3086
0.384975,0.4013
0.385000,0.5045
0.385025,0.6165
0.385050,0.7333
0.385075,0.8631
0.385100,0.9872
0.385125,1.0968
0.385150,1.2015
0.385175,1.2910
0.385200,1.3885
0.385225,1.4820
0.385250,1.5779
0.385275,1.6730
0.385300,1.7689
0.385325,1.8768
0.385350,1.9913
0.385375,2.1097
0.385400,2.2153
0.385425,2.3193
0.385450,2.4152
0.385475,2.5119
0.385500,2.6190
0.385525,2.7133
0.385550,2.8060
0.385575,2.8858
0.385600,2.9591
0.385625,3.0341
0.385650,3.0969
0.385675,3.1501
0.385700,3.1920
0.385725,3.2186
0.385750,3.2363
0.385775,3.2460
0.385800,3.2460
0.385825,3.2388
0.385850,3.2178
0.385875,3.1840
0.385900,3.1404
0.385925,3.0889
0.385950,3.0316
0.385975,2.9640
0.386000,2.8850
0.386025,2.7971
0.386050,2.7061
0.386075,2.6150
0.386100,2.5207
0.386125,2.4184
0.386150,2.3128
0.386175,2.2024
0.386200,2.0977
0.386225,1.9961
0.386250,1.8962
0.386275,1.8019
0.386300,1.6947
0.386325,1.5924
0.386350,1.4860
0.386375,1.3587
0.386400,1.2257
0.386425,1.0944
0.386450,0.9477
0.386475,0.8099
0.386500,0.6834
0.386525,0.5577
0.386550,0.4513
0.386575,0.3554
0.386600,0.2732
0.386625,0.2007
0.386650,0.1402
0.386675,0.0927
0.386700,0.0572
0.386725,0.0347
0.386750,0.0201
0.386775,0.0161
0.386800,0.0218
0.386825,0.0379
0.386850,0.0693
0.386875,0.1104
0.386900,0.1644
0.386925,0.2297
0.386950,0.3078
0.386975,0.3989
0.387000,0.4980
0.387025,0.6149
0.387050,0.7398
0.387075,0.8679
0.387100,1.0009
0.387125,1.1129
0.387150,1.2168
0.387175,1.3168
0.387200,1.3958
0.387225,1.4844
0.387250,1.5779
0.387275,1.6714
0.387300,1.7850
0.387325,1.8833
0.387350,1.9873
0.387375,2.0936
0.387400,2.1976
0.387425,2.3120
0.387450,2.4168
0.387475,2.5232
0.387500,2.6231
0.387525,2.7166
0.387550,2.8060
0.387575,2.8850
0.387600,2.9623
0.387625,3.0349
0.387650,3.0969
0.387675,3.1493
0.387700,3.1896
0.387725,3.2186
0.387750,3.2371
0.387775,3.2468
0.387800,3.2460
0.387825,3.2379
0.387850,3.2170
0.387875,3.1840
0.387900,3.1437
0.387925,3.0905
0.387950,3.0308
0.387975,2.9583
0.388000,2.8793
0.388025,2.7963
0.388050,2.7093
0.388075,2.6247
0.388100,2.5223
0.388125,2.4184
0.388150,2.3120
0.388175,2.2032
0.388200,2.1105
0.388225,1.9993
0.388250,1.8881
0.388275,1.7801
0.388300,1.6730
0.388325,1.5859
0.388350,1.4852
0.388375,1.3635
0.388400,1.2330
0.388425,1.0927
0.388450,0.9485
0.388475,0.8123
0.388500,0.6769
0.388525,0.5552
0.388550,0.4505
0.388575,0.3594
0.388600,0.2772
0.388625,0.2023
0.388650,0.1402
0.388675,0.0911
0.388700,0.0572
0.388725,0.0347
0.388750,0.0210
0.388775,0.0169
0.388800,0.0218
0.388825,0.0395
0.388850,0.0701
0.388875,0.1136
0.388900,0.1668
0.388925,0.2297
0.388950,0.3054
0.388975,0.3925
0.389000,0.4980
0.389025,0.6149
0.389050,0.7382
0.389075,0.8744
0.389100,1.0081
0.389125,1.1121
0.389150,1.2088
0.389175,1.2910
0.389200,1.3684
0.389225,1.4739
0.389250,1.5835
0.389275,1.6939
0.389300,1.7914
0.389325,1.8857
0.389350,1.9873
0.389375,2.0920
0.389400,2.2097
0.389425,2.3168
0.389450,2.4136
0.389475,2.5135
0.389500,2.6110
0.389525,2.7109
0.389550,2.8076
0.389575,2.8906
0.389600,2.9648
0.389625,3.0349
0.389650,3.0953
0.389675,3.1469
0.389700,3.1888
0.389725,3.2178
0.389750,3.2363
0.389775,3.2460
0.389800,3.2468
0.389825,3.2379
0.389850,3.2194
0.389875,3.1864
0.389900,3.1429
0.389925,3.0913
0.389950,3.0300
0.389975,2.9607
0.390000,2.8842
0.390025,2.7963
0.390050,2.7045
0.390075,2.6118
0.390100,2.5111
0.390125,2.4144
0.390150,2.3177
0.390175,2.2193
0.390200,2.1138
0.390225,2.0010
0.390250,1.8889
0.390275,1.7801
0.390300,1.6899
0.390325,1.5900
0.390350,1.4876
0.390375,1.3716
0.390400,1.2314
0.390425,1.0968
0.390450,0.9477
0.390475,0.8002
0.390500,0.6721
0.390525,0.5536
0.390550,0.4505
0.390575,0.3610
0.390600,0.2748
0.390625,0.2015
0.390650,0.1402
0.390675,0.0911
0.390700,0.0580
0.390725,0.0338
0.390750,0.0210
0.390775,0.0169
0.390800,0.0218
0.390825,0.0395
0.390850,0.0701
0.390875,0.1128
0.390900,0.1644
0.390925,0.2297
0.390950,0.3086
0.390975,0.4013
0.391000,0.5053
0.391025,0.6173
0.391050,0.7333
0.391075,0.8631
0.391100,0.9864
0.391125,1.0976
0.391150,1.2015
0.391175,1.2910
0.391200,1.3885
0.391225,1.4812
0.391250,1.5779
0.391275,1.6730
0.391300,1.7681
0.391325,1.8777
0.391350,1.9905
0.391375,2.1089
0.391400,2.2145
0.391425,2.3185
0.391450,2.4144
0.391475,2.5119
0.391500,2.6182
0.391525,2.7133
0.391550,2.8060
0.391575,2.8866
0.391600,2.9591
0.391625,3.0341
0.391650,3.0961
0.391675,3.1501
0.391700,3.1912
0.391725,3.2178
0.391750,3.2363
0.391775,3.2452
0.391800,3.2460
0.391825,3.2388
0.391850,3.2170
0.391875,3.1840
0.391900,3.1404
0.391925,3.0905
0.391950,3.0333
0.391975,2.9648
0.392000,2.8850
0.392025,2.7971
0.392050,2.7053
0.392075,2.6150
0.392100,2.5207
0.392125,2.4168
0.392150,2.3120
0.392175,2.2008
0.392200,2.0968
0.392225,1.9961
0.392250,1.8954
0.392275,1.8027
0.392300,1.6947
0.392325,1.5924
0.392350,1.4868
0.392375,1.3587
0.392400,1.2265
0.392425,1.0944
0.392450,0.9477
0.392475,0.8099
0.392500,0.6834
0.392525,0.5585
0.392550,0.4513
0.392575,0.3562
0.392600,0.2724
0.392625,0.2007
0.392650,0.1394
0.392675,0.0919
0.392700,0.0580
0.392725,0.0338
0.392750,0.0210
0.392775,0.0169
0.392800,0.0218
0.392825,0.0387
0.392850,0.0685
0.392875,0.1104
0.392900,0.1652
0.392925,0.2289
0.392950,0.3078
0.392975,0.3989
0.393000,0.4972
0.393025,0.6157
0.393050,0.7390
0.393075,0.8679
0.393100,1.0009
0.393125,1.1129
0.393150,1.2168
0.393175,1.3168
0.393200,1.3949
0.393225,1.4852
0.393250,1.5779
0.393275,1.6714
0.393300,1.7850
0.393325,1.8833
0.393350,1.9889
0.393375,2.0944
0.393400,2.1992
0.393425,2.3120
0.393450,2.4160
0.393475,2.5223
0.393500,2.6215
0.393525,2.7158
0.393550,2.8060
0.393575,2.8858
0.393600,2.9623
0.393625,3.0349
0.393650,3.0969
0.393675,3.1485
0.393700,3.1888
0.393725,3.2170
0.393750,3.2363
0.393775,3.2460
0.393800,3.2460
0.393825,3.2379
0.393850,3.2170
0.393875,3.1848
0.393900,3.1429
0.393925,3.0897
0.393950,3.0292
0.393975,2.9583
0.394000,2.8793
0.394025,2.7955
0.394050,2.7101
0.394075,2.6247
0.394100,2.5223
0.394125,2.4184
0.394150,2.3112
0.394175,2.2024
0.394200,2.1105
0.394225,1.9985
0.394250,1.8881
0.394275,1.7777
0.394300,1.6722
0.394325,1.5859
0.394350,1.4836
0.394375,1.3643
0.394400,1.2338
0.394425,1.0927
0.394450,0.9493
0.394475,0.8131
0.394500,0.6761
0.394525,0.5552
0.394550,0.4497
0.394575,0.3586
0.394600,0.2772
0.394625,0.2023
0.394650,0.1410
0.394675,0.0919
0.394700,0.0572
0.394725,0.0347
0.394750,0.0210
0.394775,0.0161
0.394800,0.0218
0.394825,0.0387
0.394850,0.0701
0.394875,0.1136
0.394900,0.1660
0.394925,0.2305
0.394950,0.3054
0.394975,0.3925
0.395000,0.4988
0.395025,0.6157
0.395050,0.7382
0.395075,0.8736
0.395100,1.0081
0.395125,1.1113
0.395150,1.2088
0.395175,1.2902
0.395200,1.3684
0.395225,1.4747
0.395250,1.5827
0.395275,1.6947
0.395300,1.7914
0.395325,1.8873
0.395350,1.9889
0.395375,2.0928
0.395400,2.2113
0.395425,2.3168
0.395450,2.4152
0.395475,2.5143
0.395500,2.6110
0.395525,2.7117
0.395550,2.8068
0.395575,2.8914
0.395600,2.9656
0.395625,3.0373
0.395650,3.0961
0.395675,3.1477
0.395700,3.1904
0.395725,3.2186
0.395750,3.2379
0.395775,3.2460
0.395800,3.2460
0.395825,3.2379
0.395850,3.2178
0.395875,3.1864
0.395900,3.1429
0.395925,3.0905
0.395950,3.0300
0.395975,2.9599
0.396000,2.8850
0.396025,2.7971
0.396050,2.7053
0.396075,2.6126
0.396100,2.5119
0.396125,2.4144
0.396150,2.3185
0.396175,2.2185
0.396200,2.1130
0.396225,2.0010
0.396250,1.8881
0.396275,1.7810
0.396300,1.6891
0.396325,1.5908
0.396350,1.4876
0.396375,1.3716
0.396400,1.2314
0.396425,1.0968
0.396450,0.9485
0.396475,0.8002
0.396500,0.6721
0.396525,0.5528
0.396550,0.4505
0.396575,0.3610
0.396600,0.2748
0.396625,0.2015
0.396650,0.1402
0.396675,0.0927
0.396700,0.0580
0.396725,0.0355
0.396750,0.0218
0.396775,0.0169
0.396800,0.0226
0.396825,0.0395
0.396850,0.0701
0.396875,0.1128
0.396900,0.1644
0.396925,0.2305
0.396950,0.3086
0.396975,0.4013
0.397000,0.5053
0.397025,0.6165
0.397050,0.7333
0.397075,0.8631
0.397100,0.9848
0.397125,1.0968
0.397150,1.2007
0.397175,1.2902
0.397200,1.3893
0.397225,1.4812
0.397250,1.5779
0.397275,1.6730
0.397300,1.7689
0.397325,1.8777
0.397350,1.9913
0.397375,2.1097
0.397400,2.2153
0.397425,2.3185
0.397450,2.4152
0.397475,2.5119
0.397500,2.6182
0.397525,2.7149
0.397550,2.8060
0.397575,2.8858
0.397600,2.9591
0.397625,3.0316
0.397650,3.0953
0.397675,3.1493
0.397700,3.1896
0.397725,3.2194
0.397750,3.2379
0.397775,3.2476
0.397800,3.2476
0.397825,3.2388
0.397850,3.2178
0.397875,3.1832
0.397900,3.1412
0.397925,3.0897
0.397950,3.0325
0.397975,2.9656
0.398000,2.8850
0.398025,2.7979
0.398050,2.7053
0.398075,2.6150
0.398100,2.5207
0.398125,2.4160
0.398150,2.3120
0.398175,2.2008
0.398200,2.0968
0.398225,1.9953
0.398250,1.8938
0.398275,1.8011
0.398300,1.6939
0.398325,1.5932
0.398350,1.4860
0.398375,1.3587
0.398400,1.2265
0.398425,1.0944
0.398450,0.9485
0.398475,0.8099
0.398500,0.6842
0.398525,0.5585
0.398550,0.4505
0.398575,0.3562
0.398600,0.2724
0.398625,0.2007
0.398650,0.1394
0.398675,0.0927
0.398700,0.0572
0.398725,0.0330
0.398750,0.0201
0.398775,0.0153
0.398800,0.0218
0.398825,0.0387
0.398850,0.0693
0.398875,0.1112
0.398900,0.1652
0.398925,0.2297
0.398950,0.3078
0.398975,0.3989
0.399000,0.4980
0.399025,0.6157
0.399050,0.7390
0.399075,0.8679
0.399100,1.0009
0.399125,1.1137
0.399150,1.2185
0.399175,1.3176
0.399200,1.3966
0.399225,1.4852
0.399250,1.5787
0.399275,1.6714
0.399300,1.7850
0.399325,1.8841
0.399350,1.9881
0.399375,2.0944
0.399400,2.1992
0.399425,2.3128
0.399450,2.4168
0.399475,2.5240
0.399500,2.6223
0.399525,2.7166
0.399550,2.8068
0.399575,2.8850
0.399600,2.9632
0.399625,3.0349
0.399650,3.0969
0.399675,3.1485
0.399700,3.1888
0.399725,3.2178
0.399750,3.2371
0.399775,3.2468
0.399800,3.2468
0.399825,3.2388
0.399850,3.2170
0.399875,3.1848
0.399900,3.1429
0.399925,3.0897
0.399950,3.0300
0.399975,2.9583
0.400000,2.7528
0.400025,2.7786
0.400050,2.8237
0.400075,2.8769
0.400100,2.9607
0.400125,3.0341
0.400150,3.0961
0.400175,3.1485
0.400200,3.1888
0.400225,3.2170
0.400250,3.2355
0.400275,3.2460
0.400300,3.2468
0.400325,3.2379
0.400350,3.2170
0.400375,3.1832
0.400400,3.1404
0.400425,3.0897
0.400450,3.0325
0.400475,2.9599
0.400500,2.8801
0.400525,2.7923
0.400550,2.7012
0.400575,2.6142
0.400600,2.5103
0.400625,2.4063
0.400650,2.3015
0.400675,2.1911
0.400700,2.0977
0.400725,1.9961
0.400750,1.8954
0.400775,1.7842
0.400800,1.6762
0.400825,1.5747
0.400850,1.4691
0.400875,1.3595
0.400900,1.2394
0.400925,1.1073
0.400950,0.9598
0.400975,0.8220
0.401000,0.6842
0.401025,0.5577
0.401050,0.4513
0.401075,0.3586
0.401100,0.2748
0.401125,0.2031
0.401150,0.1418
0.401175,0.0919
0.401200,0.0572
0.401225,0.0330
0.401250,0.0210
0.401275,0.0161
0.401300,0.0210
0.401325,0.0395
0.401350,0.0693
0.401375,0.1128
0.401400,0.1668
0.401425,0.2313
0.401450,0.3095
0.401475,0.3981
0.401500,0.5061
0.401525,0.6237
0.401550,0.7470
0.401575,0.8760
0.401600,1.0001
0.401625,1.1137
0.401650,1.2185
0.401675,1.2990
0.401700,1.3780
0.401725,1.4667
0.401750,1.5593
0.401775,1.6714
0.401800,1.7689
0.401825,1.8688
0.401850,1.9727
0.401875,2.0791
0.401900,2.1984
0.401925,2.3120
0.401950,2.4160
0.401975,2.5175
0.402000,2.6166
0.402025,2.7093
0.402050,2.8004
0.402075,2.8850
0.402100,2.9607
0.402125,3.0333
0.402150,3.0937
0.402175,3.1469
0.402200,3.1888
0.402225,3.2186
0.402250,3.2379
0.402275,3.2460
0.402300,3.2468
0.402325,3.2371
0.402350,3.2170
0.402375,3.1848
0.402400,3.1396
0.402425,3.0881
0.402450,3.0268
0.402475,2.9559
0.402500,2.8793
0.402525,2.7963
0.402550,2.7101
0.402575,2.6158
0.402600,2.5135
0.402625,2.4079
0.402650,2.3032
0.402675,2.2024
0.402700,2.0952
0.402725,1.9848
0.402750,1.8728
0.402775,1.7640
0.402800,1.6714
0.402825,1.5843
0.402850,1.4836
0.402875,1.3756
0.402900,1.2459
0.402925,1.1048
0.402950,0.9614
0.402975,0.8131
0.403000,0.6818
0.403025,0.5609
0.403050,0.4553
0.403075,0.3651
0.403100,0.2772
0.403125,0.2031
0.403150,0.1402
0.403175,0.0911
0.403200,0.0572
0.403225,0.0338
0.403250,0.0210
0.403275,0.0161
0.403300,0.0218
0.403325,0.0395
0.403350,0.0701
0.403375,0.1136
0.403400,0.1660
0.403425,0.2297
0.403450,0.3054
0.403475,0.3997
0.403500,0.5061
0.403525,0.6221
0.403550,0.7446
0.403575,0.8736
0.403600,0.9864
0.403625,1.0903
0.403650,1.1870
0.403675,1.2692
0.403700,1.3692
0.403725,1.4739
0.403750,1.5835
0.403775,1.6786
0.403800,1.7753
0.403825,1.8712
0.403850,1.9719
0.403875,2.0928
0.403900,2.2000
0.403925,2.3056
0.403950,2.4047
0.403975,2.5038
0.404000,2.6118
0.404025,2.7117
0.404050,2.8068
0.404075,2.8882
0.404100,2.9615
0.404125,3.0333
0.404150,3.0937
0.404175,3.1477
0.404200,3.1896
0.404225,3.2170
0.404250,3.2363
0.404275,3.2460
0.404300,3.2460
0.404325,3.2388
0.404350,3.2178
0.404375,3.1840
0.404400,3.1404
0.404425,3.0873
0.404450,3.0284
0.404475,2.9591
0.404500,2.8785
0.404525,2.7907
0.404550,2.6988
0.404575,2.6070
0.404600,2.5111
0.404625,2.4144
0.404650,2.3177
0.404675,2.2048
0.404700,2.1001
0.404725,1.9873
0.404750,1.8744
0.404775,1.7801
0.404800,1.6705
0.404825,1.5722
0.404850,1.4699
0.404875,1.3530
0.404900,1.2322
0.404925,1.0968
0.404950,0.9477
0.404975,0.8067
0.405000,0.6777
0.405025,0.5593
0.405050,0.4577
0.405075,0.3602
0.405100,0.2764
0.405125,0.2031
0.405150,0.1410
0.405175,0.0935
0.405200,0.0580
0.405225,0.0338
0.405250,0.0210
0.405275,0.0169
0.405300,0.0218
0.405325,0.0395
0.405350,0.0701
0.405375,0.1128
0.405400,0.1676
0.405425,0.2329
0.405450,0.3111
0.405475,0.4037
0.405500,0.5053
0.405525,0.6165
0.405550,0.7333
0.405575,0.8518
0.405600,0.9743
0.405625,1.0847
0.405650,1.1895
0.405675,1.2902
0.405700,1.3700
0.405725,1.4634
0.405750,1.5601
0.405775,1.6544
0.405800,1.7689
0.405825,1.8768
0.405850,1.9913
0.405875,2.0985
0.405900,2.2040
0.405925,2.3088
0.405950,2.4031
0.405975,2.5119
0.406000,2.6126
0.406025,2.7085
0.406050,2.8012
0.406075,2.8810
0.406100,2.9599
0.406125,3.0333
0.406150,3.0961
0.406175,3.1493
0.406200,3.1896
0.406225,3.2178
0.406250,3.2363
0.406275,3.2460
0.406300,3.2468
0.406325,3.2388
0.406350,3.2170
0.406375,3.1832
0.406400,3.1404
0.406425,3.0897
0.406450,3.0316
0.406475,2.9599
0.406500,2.8801
0.406525,2.7915
0.406550,2.7004
0.406575,2.6142
0.406600,2.5103
0.406625,2.4071
0.406650,2.3015
0.406675,2.1911
0.406700,2.0977
0.406725,1.9961
0.406750,1.8962
0.406775,1.7842
0.406800,1.6770
0.406825,1.5747
0.406850,1.4683
0.406875,1.3595
0.406900,1.2386
0.406925,1.1064
0.406950,0.9598
0.406975,0.8212
0.407000,0.6834
0.407025,0.5577
0.407050,0.4505
0.407075,0.3586
0.407100,0.2748
0.407125,0.2023
0.407150,0.1418
0.407175,0.0919
0.407200,0.0572
0.407225,0.0338
0.407250,0.0201
0.407275,0.0169
0.407300,0.0210
0.407325,0.0387
0.407350,0.0693
0.407375,0.1128
0.407400,0.1668
0.407425,0.2321
0.407450,0.3095
0.407475,0.3989
0.407500,0.5069
0.407525,0.6245
0.407550,0.7478
0.407575,0.8760
0.407600,1.0001
0.407625,1.1129
0.407650,1.2177
0.407675,1.2982
0.407700,1.3764
0.407725,1.4651
0.407750,1.5593
0.407775,1.6722
0.407800,1.7705
0.407825,1.8688
0.407850,1.9736
0.407875,2.0791
0.407900,2.1984
0.407925,2.3120
0.407950,2.4160
0.407975,2.5175
0.408000,2.6158
0.408025,2.7101
0.408050,2.8004
0.408075,2.8858
0.408100,2.9615
0.408125,3.0325
0.408150,3.0937
0.408175,3.1461
0.408200,3.1888
0.408225,3.2178
0.408250,3.2363
0.408275,3.2460
0.408300,3.2468
0.408325,3.2388
0.408350,3.2186
0.408375,3.1856
0.408400,3.1404
0.408425,3.0873
0.408450,3.0268
0.408475,2.9543
0.408500,2.8777
0.408525,2.7955
0.408550,2.7085
0.408575,2.6158
0.408600,2.5135
0.408625,2.4087
0.408650,2.3023
0.408675,2.2032
0.408700,2.0952
0.408725,1.9832
0.408750,1.8736
0.408775,1.7640
0.408800,1.6722
0.408825,1.5859
0.408850,1.4844
0.408875,1.3764
0.408900,1.2467
0.408925,1.1056
0.408950,0.9614
0.408975,0.8131
0.409000,0.6818
0.409025,0.5609
0.409050,0.4553
0.409075,0.3642
0.409100,0.2772
0.409125,0.2023
0.409150,0.1402
0.409175,0.0919
0.409200,0.0564
0.409225,0.0338
0.409250,0.0210
0.409275,0.0161
0.409300,0.0226
0.409325,0.0387
0.409350,0.0709
0.409375,0.1144
0.409400,0.1668
0.409425,0.2305
0.409450,0.3054
0.409475,0.3997
0.409500,0.5061
0.409525,0.6221
0.409550,0.7446
0.409575,0.8736
0.409600,0.9864
0.409625,1.0895
0.409650,1.1862
0.409675,1.2684
0.409700,1.3684
0.409725,1.4739
0.409750,1.5827
0.409775,1.6786
0.409800,1.7753
0.409825,1.8712
0.409850,1.9727
0.409875,2.0920
0.409900,2.2008
0.409925,2.3064
0.409950,2.4047
0.409975,2.5038
0.410000,2.6110
0.410025,2.7101
0.410050,2.8060
0.410075,2.8874
0.410100,2.9615
0.410125,3.0325
0.410150,3.0929
0.410175,3.1469
0.410200,3.1888
0.410225,3.2178
0.410250,3.2363
0.410275,3.2452
0.410300,3.2468
0.410325,3.2388
0.410350,3.2178
0.410375,3.1848
0.410400,3.1412
0.410425,3.0881
0.410450,3.0284
0.410475,2.9599
0.410500,2.8785
0.410525,2.7907
0.410550,2.6996
0.410575,2.6062
0.410600,2.5111
0.410625,2.4152
0.410650,2.3168
0.410675,2.2048
0.410700,2.0993
0.410725,1.9864
0.410750,1.8744
0.410775,1.7801
0.410800,1.6705
0.410825,1.5714
0.410850,1.4699
0.410875,1.3538
0.410900,1.2314
0.410925,1.0968
0.410950,0.9485
0.410975,0.8059
0.411000,0.6785
0.411025,0.5601
0.411050,0.4569
0.411075,0.3618
0.411100,0.2764
0.411125,0.2023
0.411150,0.1410
0.411175,0.0927
0.411200,0.0564
0.411225,0.0338
0.411250,0.0210
0.411275,0.0161
0.411300,0.0218
0.411325,0.0395
0.411350,0.0701
0.411375,0.1120
0.411400,0.1668
0.411425,0.2321
0.411450,0.3103
0.411475,0.4029
0.411500,0.5053
0.411525,0.6165
0.411550,0.7325
0.411575,0.8518
0.411600,0.9743
0.411625,1.0847
0.411650,1.1886
0.411675,1.2902
0.411700,1.3692
0.411725,1.4618
0.411750,1.5593
0.411775,1.6544
0.411800,1.7681
0.411825,1.8777
0.411850,1.9913
0.411875,2.0977
0.411900,2.2040
0.411925,2.3080
0.411950,2.4031
0.411975,2.5127
0.412000,2.6126
0.412025,2.7077
0.412050,2.8004
0.412075,2.8810
0.412100,2.9599
0.412125,3.0333
0.412150,3.0969
0.412175,3.1501
0.412200,3.1904
0.412225,3.2186
0.412250,3.2363
0.412275,3.2460
0.412300,3.2460
0.412325,3.2371
0.412350,3.2170
0.412375,3.1832
0.412400,3.1412
0.412425,3.0913
0.412450,3.0333
0.412475,2.9591
0.412500,2.8801
0.412525,2.7915
0.412550,2.6996
0.412575,2.6142
0.412600,2.5103
0.412625,2.4063
0.412650,2.3015
0.412675,2.1903
0.412700,2.0968
0.412725,1.9961
0.412750,1.8954
0.412775,1.7850
0.412800,1.6770
0.412825,1.5747
0.412850,1.4683
0.412875,1.3587
0.412900,1.2386
0.412925,1.1056
0.412950,0.9598
0.412975,0.8212
0.413000,0.6834
0.413025,0.5577
0.413050,0.4505
0.413075,0.3586
0.413100,0.2748
0.413125,0.2031
0.413150,0.1426
0.413175,0.0919
0.413200,0.0564
0.413225,0.0330
0.413250,0.0193
0.413275,0.0153
0.413300,0.0210
0.413325,0.0387
0.413350,0.0693
0.413375,0.1128
0.413400,0.1668
0.413425,0.2321
0.413450,0.3095
0.413475,0.3981
0.413500,0.5069
0.413525,0.6229
0.413550,0.7478
0.413575,0.8768
0.413600,1.0009
0.413625,1.1137
0.413650,1.2185
0.413675,1.2974
0.413700,1.3764
0.413725,1.4651
0.413750,1.5577
0.413775,1.6722
0.413800,1.7697
0.413825,1.8696
0.413850,1.9736
0.413875,2.0791
0.413900,2.1984
0.413925,2.3104
0.413950,2.4152
0.413975,2.5167
0.414000,2.6150
0.414025,2.7101
0.414050,2.8004
0.414075,2.8842
0.414100,2.9607
0.414125,3.0325
0.414150,3.0937
0.414175,3.1461
0.414200,3.1888
0.414225,3.2178
0.414250,3.2363
0.414275,3.2452
0.414300,3.2452
0.414325,3.2371
0.414350,3.2178
0.414375,3.1864
0.414400,3.1421
0.414425,3.0889
0.414450,3.0284
0.414475,2.9559
0.414500,2.8793
0.414525,2.7963
0.414550,2.7093
0.414575,2.6150
0.414600,2.5127
0.414625,2.4079
0.414650,2.3015
0.414675,2.2008
0.414700,2.0944
0.414725,1.9832
0.414750,1.8728
0.414775,1.7640
0.414800,1.6722
0.414825,1.5851
0.414850,1.4836
0.414875,1.3756
0.414900,1.2459
0.414925,1.1048
0.414950,0.9606
0.414975,0.8123
0.415000,0.6810
0.415025,0.5593
0.415050,0.4553
0.415075,0.3642
0.415100,0.2772
0.415125,0.2023
0.415150,0.1394
0.415175,0.0911
0.415200,0.0564
0.415225,0.0338
0.415250,0.0210
0.415275,0.0161
0.415300,0.0218
0.415325,0.0395
0.415350,0.0701
0.415375,0.1136
0.415400,0.1660
0.415425,0.2289
0.415450,0.3054
0.415475,0.3989
0.415500,0.5053
0.415525,0.6221
0.415550,0.7446
0.415575,0.8744
0.415600,0.9872
0.415625,1.0919
0.415650,1.1878
0.415675,1.2700
0.415700,1.3684
0.415725,1.4731
0.415750,1.5827
0.415775,1.6778
0.415800,1.7761
0.415825,1.8712
0.415850,1.9736
0.415875,2.0936
0.415900,2.2008
0.415925,2.3072
0.415950,2.4047
0.415975,2.5030
0.416000,2.6110
0.416025,2.7101
0.416050,2.8068
0.416075,2.8882
0.416100,2.9615
0.416125,3.0341
0.416150,3.0929
0.416175,3.1469
0.416200,3.1896
0.416225,3.2170
0.416250,3.2363
0.416275,3.2460
0.416300,3.2468
0.416325,3.2388
0.416350,3.2186
0.416375,3.1840
0.416400,3.1404
0.416425,3.0881
0.416450,3.0284
0.416475,2.9599
0.416500,2.8785
0.416525,2.7915
0.416550,2.6996
0.416575,2.6070
0.416600,2.5127
0.416625,2.4160
0.416650,2.3177
0.416675,2.2056
0.416700,2.1001
0.416725,1.9864
0.416750,1.8736
0.416775,1.7801
0.416800,1.6705
0.416825,1.5714
0.416850,1.4699
0.416875,1.3538
0.416900,1.2314
0.416925,1.0968
0.416950,0.9477
0.416975,0.8059
0.417000,0.6785
0.417025,0.5601
0.417050,0.4569
0.417075,0.3618
0.417100,0.2772
0.417125,0.2031
0.417150,0.1418
0.417175,0.0935
0.417200,0.0572
0.417225,0.0347
0.417250,0.0201
0.417275,0.0153
0.417300,0.0218
0.417325,0.0387
0.417350,0.0701
0.417375,0.1128
0.417400,0.1668
0.417425,0.2321
0.417450,0.3103
0.417475,0.4037
0.417500,0.5045
0.417525,0.6165
0.417550,0.7325
0.417575,0.8510
0.417600,0.9735
0.417625,1.0847
0.417650,1.1878
0.417675,1.2894
0.417700,1.3684
0.417725,1.4610
0.417750,1.5585
0.417775,1.6528
0.417800,1.7689
0.417825,1.8777
0.417850,1.9905
0.417875,2.0985
0.417900,2.2040
0.417925,2.3072
0.417950,2.4031
0.417975,2.5119
0.418000,2.6118
0.418025,2.7085
0.418050,2.8004
0.418075,2.8801
0.418100,2.9599
0.418125,3.0325
0.418150,3.0953
0.418175,3.1493
0.418200,3.1888
0.418225,3.2178
0.418250,3.2363
0.418275,3.2452
0.418300,3.2460
0.418325,3.2371
0.418350,3.2162
0.418375,3.1832
0.418400,3.1412
0.418425,3.0905
0.418450,3.0325
0.418475,2.9599
0.418500,2.8793
0.418525,2.7915
0.418550,2.7004
0.418575,2.6142
0.418600,2.5111
0.418625,2.4063
0.418650,2.3015
0.418675,2.1903
0.418700,2.0968
0.418725,1.9961
0.418750,1.8946
0.418775,1.7842
0.418800,1.6762
0.418825,1.5747
0.418850,1.4683
0.418875,1.3595
0.418900,1.2386
0.418925,1.1064
0.418950,0.9598
0.418975,0.8212
0.419000,0.6834
0.419025,0.5585
0.419050,0.4505
0.419075,0.3586
0.419100,0.2748
0.419125,0.2023
0.419150,0.1418
0.419175,0.0927
0.419200,0.0572
0.419225,0.0338
0.419250,0.0210
0.419275,0.0161
0.419300,0.0218
0.419325,0.0387
0.419350,0.0693
0.419375,0.1128
0.419400,0.1676
0.419425,0.2321
0.419450,0.3095
0.419475,0.3981
0.419500,0.5061
0.419525,0.6237
0.419550,0.7470
0.419575,0.8768
0.419600,1.0009
0.419625,1.1129
0.419650,1.2168
0.419675,1.2974
0.419700,1.3756
0.419725,1.4651
0.419750,1.5585
0.419775,1.6714
0.419800,1.7713
0.419825,1.8696
0.419850,1.9736
0.419875,2.0799
0.419900,2.1992
0.419925,2.3120
0.419950,2.4176
0.419975,2.5175
0.420000,2.6158
0.420025,2.7101
0.420050,2.8004
0.420075,2.8850
0.420100,2.9615
0.420125,3.0333
0.420150,3.0945
0.420175,3.1469
0.420200,3.1888
0.420225,3.2178
0.420250,3.2371
0.420275,3.2460
0.420300,3.2460
0.420325,3.2371
0.420350,3.2170
0.420375,3.1840
0.420400,3.1412
0.420425,3.0889
0.420450,3.0276
0.420475,2.9559
0.420500,2.8801
0.420525,2.7963
0.420550,2.7093
0.420575,2.6158
0.420600,2.5127
0.420625,2.4079
0.420650,2.3032
0.420675,2.2032
0.420700,2.0952
0.420725,1.9840
0.420750,1.8728
0.420775,1.7624
0.420800,1.6714
0.420825,1.5851
0.420850,1.4836
0.420875,1.3772
0.420900,1.2467
0.420925,1.1048
0.420950,0.9614
0.420975,0.8123
0.421000,0.6818
0.421025,0.5601
0.421050,0.4561
0.421075,0.3651
0.421100,0.2780
0.421125,0.2039
0.421150,0.1410
0.421175,0.0927
0.421200,0.0572
0.421225,0.0347
0.421250,0.0218
0.421275,0.0161
0.421300,0.0226
0.421325,0.0395
0.421350,0.0701
0.421375,0.1144
0.421400,0.1668
0.421425,0.2297
0.421450,0.3054
0.421475,0.3997
0.421500,0.5053
0.421525,0.6229
0.421550,0.7454
0.421575,0.8736
0.421600,0.9872
0.421625,1.0911
0.421650,1.1878
0.421675,1.2700
0.421700,1.3684
0.421725,1.4739
0.421750,1.5827
0.421775,1.6786
0.421800,1.7761
0.421825,1.8720
0.421850,1.9727
0.421875,2.0936
0.421900,2.2016
0.421925,2.3072
0.421950,2.4055
0.421975,2.5046
0.422000,2.6110
0.422025,2.7109
0.422050,2.8076
0.422075,2.8874
0.422100,2.9607
0.422125,3.0325
0.422150,3.0921
0.422175,3.1477
0.422200,3.1888
0.422225,3.2178
0.422250,3.2355
0.422275,3.2460
0.422300,3.2476
0.422325,3.2388
0.422350,3.2186
0.422375,3.1848
0.422400,3.1396
0.422425,3.0881
0.422450,3.0284
0.422475,2.9591
0.422500,2.8793
0.422525,2.7915
0.422550,2.6996
0.422575,2.6070
0.422600,2.5127
0.422625,2.4144
0.422650,2.3168
0.422675,2.2048
0.422700,2.0985
0.422725,1.9864
0.422750,1.8752
0.422775,1.7801
0.422800,1.6722
0.422825,1.5722
0.422850,1.4699
0.422875,1.3538
0.422900,1.2314
0.422925,1.0968
0.422950,0.9485
0.422975,0.8075
0.423000,0.6793
0.423025,0.5601
0.423050,0.4577
0.423075,0.3610
0.423100,0.2764
0.423125,0.2031
0.423150,0.1418
0.423175,0.0935
0.423200,0.0572
0.423225,0.0347
0.423250,0.0210
0.423275,0.0161
0.423300,0.0218
0.423325,0.0395
0.423350,0.0701
0.423375,0.1128
0.423400,0.1676
0.423425,0.2321
0.423450,0.3103
0.423475,0.4029
0.423500,0.5045
0.423525,0.6165
0.423550,0.7333
0.423575,0.8526
0.423600,0.9751
0.423625,1.0847
0.423650,1.1886
0.423675,1.2902
0.423700,1.3692
0.423725,1.4626
0.423750,1.5593
0.423775,1.6536
0.423800,1.7681
0.423825,1.8768
0.423850,1.9897
0.423875,2.0968
0.423900,2.2040
0.423925,2.3080
0.423950,2.4039
0.423975,2.5127
0.424000,2.6118
0.424025,2.7077
0.424050,2.8004
0.424075,2.8810
0.424100,2.9591
0.424125,3.0333
0.424150,3.0961
0.424175,3.1493
0.424200,3.1912
0.424225,3.2194
0.424250,3.2363
0.424275,3.2460
0.424300,3.2460
0.424325,3.2371
0.424350,3.2170
0.424375,3.1840
0.424400,3.1412
0.424425,3.0913
0.424450,3.0333
0.424475,2.9591
0.424500,2.8801
0.424525,2.7915
0.424550,2.6996
0.424575,2.6142
0.424600,2.5103
0.424625,2.4055
0.424650,2.3015
0.424675,2.1903
0.424700,2.0960
0.424725,1.9961
0.424750,1.8954
0.424775,1.7842
0.424800,1.6762
0.424825,1.5747
0.424850,1.4683
0.424875,1.3587
0.424900,1.2386
0.424925,1.1056
0.424950,0.9598
0.424975,0.8220
0.425000,2.8052
0.425025,2.7472
0.425050,2.6924
0.425075,2.6029
0.425100,2.5151
0.425125,2.4192
0.425150,2.3112
0.425175,2.2000
0.425200,2.0936
0.425225,1.9816
0.425250,1.8833
0.425275,1.7858
0.425300,1.6762
0.425325,1.5747
0.425350,1.4691
0.425375,1.3522
0.425400,1.2314
0.425425,1.0968
0.425450,0.9477
0.425475,0.8067
0.425500,0.6785
0.425525,0.5593
0.425550,0.4569
0.425575,0.3602
0.425600,0.2756
0.425625,0.2031
0.425650,0.1410
0.425675,0.0935
0.425700,0.0580
0.425725,0.0338
0.425750,0.0210
0.425775,0.0161
0.425800,0.0218
0.425825,0.0395
0.425850,0.0701
0.425875,0.1128
0.425900,0.1676
0.425925,0.2321
0.425950,0.3111
0.425975,0.4037
0.426000,0.5053
0.426025,0.6173
0.426050,0.7325
0.426075,0.8518
0.426100,0.9743
0.426125,1.0847
0.426150,1.1886
0.426175,1.2894
0.426200,1.3692
0.426225,1.4626
0.426250,1.5593
0.426275,1.6544
0.426300,1.7689
0.426325,1.8777
0.426350,1.9913
0.426375,2.0985
0.426400,2.2048
0.426425,2.3080
0.426450,2.4031
0.426475,2.5127
0.426500,2.6126
0.426525,2.7085
0.426550,2.8020
0.426575,2.8810
0.426600,2.9591
0.426625,3.0341
0.426650,3.0961
0.426675,3.1485
0.426700,3.1904
0.426725,3.2178
0.426750,3.2355
0.426775,3.2460
0.426800,3.2460
0.426825,3.2371
0.426850,3.2162
0.426875,3.1832
0.426900,3.1412
0.426925,3.0897
0.426950,3.0325
0.426975,2.9599
0.427000,2.8801
0.427025,2.7923
0.427050,2.7004
0.427075,2.6150
0.427100,2.5095
0.427125,2.4063
0.427150,2.3023
0.427175,2.1911
0.427200,2.0977
0.427225,1.9961
0.427250,1.8946
0.427275,1.7834
0.427300,1.6762
0.427325,1.5747
0.427350,1.4683
0.427375,1.3587
0.427400,1.2386
0.427425,1.1056
0.427450,0.9598
0.427475,0.8212
0.427500,0.6834
0.427525,0.5585
0.427550,0.4513
0.427575,0.3586
0.427600,0.2748
0.427625,0.2031
0.427650,0.1418
0.427675,0.0919
0.427700,0.0572
0.427725,0.0338
0.427750,0.0201
0.427775,0.0161
0.427800,0.0218
0.427825,0.0395
0.427850,0.0693
0.427875,0.1136
0.427900,0.1676
0.427925,0.2321
0.427950,0.3103
0.427975,0.3981
0.428000,0.5061
0.428025,0.6237
0.428050,0.7470
0.428075,0.8760
0.428100,0.9993
0.428125,1.1121
0.428150,1.2168
0.428175,1.2966
0.428200,1.3764
0.428225,1.4659
0.428250,1.5585
0.428275,1.6722
0.428300,1.7705
0.428325,1.8688
0.428350,1.9736
0.428375,2.0791
0.428400,2.1992
0.428425,2.3120
0.428450,2.4168
0.428475,2.5175
0.428500,2.6158
0.428525,2.7101
0.428550,2.8004
0.428575,2.8850
0.428600,2.9615
0.428625,3.0333
0.428650,3.0945
0.428675,3.1477
0.428700,3.1896
0.428725,3.2186
0.428750,3.2388
0.428775,3.2476
0.428800,3.2468
0.428825,3.2388
0.428850,3.2178
0.428875,3.1840
0.428900,3.1404
0.428925,3.0873
0.428950,3.0260
0.428975,2.9551
0.429000,2.8793
0.429025,2.7955
0.429050,2.7085
0.429075,2.6150
0.429100,2.5127
0.429125,2.4079
0.429150,2.3023
0.429175,2.2024
0.429200,2.0952
0.429225,1.9840
0.429250,1.8728
0.429275,1.7632
0.429300,1.6722
0.429325,1.5851
0.429350,1.4836
0.429375,1.3764
0.429400,1.2459
0.429425,1.1056
0.429450,0.9614
0.429475,0.8123
0.429500,0.6810
0.429525,0.5601
0.429550,0.4553
0.429575,0.3642
0.429600,0.2772
0.429625,0.2023
0.429650,0.1402
0.429675,0.0919
0.429700,0.0572
0.429725,0.0338
0.429750,0.0210
0.429775,0.0161
0.429800,0.0218
0.429825,0.0387
0.429850,0.0701
0.429875,0.1136
0.429900,0.1660
0.429925,0.2297
0.429950,0.3054
0.429975,0.3997
0.430000,0.5053
0.430025,0.6221
0.430050,0.7462
0.430075,0.8744
0.430100,0.9864
0.430125,1.0903
0.430150,1.1870
0.430175,1.2692
0.430200,1.3684
0.430225,1.4739
0.430250,1.5819
0.430275,1.6786
0.430300,1.7761
0.430325,1.8712
0.430350,1.9719
0.430375,2.0920
0.430400,2.2000
0.430425,2.3056
0.430450,2.4047
0.430475,2.5038
0.430500,2.6102
0.430525,2.7109
0.430550,2.8068
0.430575,2.8874
0.430600,2.9623
0.430625,3.0333
0.430650,3.0929
0.430675,3.1477
0.430700,3.1896
0.430725,3.2170
0.430750,3.2355
0.430775,3.2460
0.430800,3.2460
0.430825,3.2388
0.430850,3.2194
0.430875,3.1840
0.430900,3.1404
0.430925,3.0889
0.430950,3.0284
0.430975,2.9599
0.431000,2.8785
0.431025,2.7899
0.431050,2.6988
0.431075,2.6070
0.431100,2.5119
0.431125,2.4152
0.431150,2.3185
0.431175,2.2056
0.431200,2.1001
0.431225,1.9873
0.431250,1.8744
0.431275,1.7793
0.431300,1.6705
0.431325,1.5722
0.431350,1.4699
0.431375,1.3530
0.431400,1.2322
0.431425,1.0976
0.431450,0.9477
0.431475,0.8067
0.431500,0.6777
0.431525,0.5585
0.431550,0.4569
0.431575,0.3610
0.431600,0.2764
0.431625,0.2023
0.431650,0.1410
0.431675,0.0927
0.431700,0.0572
0.431725,0.0347
0.431750,0.0210
0.431775,0.0161
0.431800,0.0218
0.431825,0.0395
0.431850,0.0701
0.431875,0.1128
0.431900,0.1676
0.431925,0.2329
0.431950,0.3111
0.431975,0.4037
0.432000,0.5045
0.432025,0.6157
0.432050,0.7325
0.432075,0.8518
0.432100,0.9735
0.432125,1.0847
0.432150,1.1886
0.432175,1.2894
0.432200,1.3692
0.432225,1.4626
0.432250,1.5593
0.432275,1.6544
0.432300,1.7689
0.432325,1.8768
0.432350,1.9913
0.432375,2.0985
0.432400,2.2048
0.432425,2.3080
0.432450,2.4031
0.432475,2.5127
0.432500,2.6126
0.432525,2.7085
0.432550,2.8012
0.432575,2.8801
0.432600,2.9599
0.432625,3.0333
0.432650,3.0953
0.432675,3.1493
0.432700,3.1896
0.432725,3.2186
0.432750,3.2371
0.432775,3.2460
0.432800,3.2460
0.432825,3.2379
0.432850,3.2170
0.432875,3.1832
0.432900,3.1421
0.432925,3.0913
0.432950,3.0325
0.432975,2.9607
0.433000,2.8793
0.433025,2.7915
0.433050,2.7012
0.433075,2.6150
0.433100,2.5111
0.433125,2.4071
0.433150,2.3015
0.433175,2.1903
0.433200,2.0968
0.433225,1.9953
0.433250,1.8946
0.433275,1.7842
0.433300,1.6762
0.433325,1.5747
0.433350,1.4683
0.433375,1.3587
0.433400,1.2386
0.433425,1.1056
0.433450,0.9598
0.433475,0.8212
0.433500,0.6834
0.433525,0.5577
0.433550,0.4505
0.433575,0.3578
0.433600,0.2748
0.433625,0.2015
0.433650,0.1418
0.433675,0.0927
0.433700,0.0572
0.433725,0.0338
0.433750,0.0210
0.433775,0.0161
0.433800,0.0226
0.433825,0.0395
0.433850,0.0685
0.433875,0.1136
0.433900,0.1676
0.433925,0.2321
0.433950,0.3111
0.433975,0.3989
0.434000,0.5061
0.434025,0.6237
0.434050,0.7470
0.434075,0.8760
0.434100,1.0001
0.434125,1.1121
0.434150,1.2168
0.434175,1.2974
0.434200,1.3756
0.434225,1.4651
0.434250,1.5585
0.434275,1.6714
0.434300,1.7705
0.434325,1.8688
0.434350,1.9736
0.434375,2.0799
0.434400,2.1984
0.434425,2.3120
0.434450,2.4168
0.434475,2.5167
0.434500,2.6158
0.434525,2.7101
0.434550,2.7996
0.434575,2.8858
0.434600,2.9607
0.434625,3.0325
0.434650,3.0937
0.434675,3.1453
0.434700,3.1880
0.434725,3.2178
0.434750,3.2363
0.434775,3.2468
0.434800,3.2476
0.434825,3.2379
0.434850,3.2186
0.434875,3.1848
0.434900,3.1404
0.434925,3.0881
0.434950,3.0276
0.434975,2.9559
0.435000,2.8801
0.435025,2.7963
0.435050,2.7093
0.435075,2.6158
0.435100,2.5135
0.435125,2.4087
0.435150,2.3040
0.435175,2.2032
0.435200,2.0952
0.435225,1.9848
0.435250,1.8736
0.435275,1.7632
0.435300,1.6722
0.435325,1.5851
0.435350,1.4836
0.435375,1.3764
0.435400,1.2459
0.435425,1.1048
0.435450,0.9606
0.435475,0.8123
0.435500,0.6818
0.435525,0.5601
0.435550,0.4561
0.435575,0.3651
0.435600,0.2772
0.435625,0.2031
0.435650,0.1410
0.435675,0.0919
0.435700,0.0572
0.435725,0.0338
0.435750,0.0201
0.435775,0.0161
0.435800,0.0210
0.435825,0.0387
0.435850,0.0701
0.435875,0.1136
0.435900,0.1668
0.435925,0.2305
0.435950,0.3054
0.435975,0.3989
0.436000,0.5061
0.436025,0.6221
0.436050,0.7446
0.436075,0.8744
0.436100,0.9864
0.436125,1.0903
0.436150,1.1878
0.436175,1.2692
0.436200,1.3675
0.436225,1.4739
0.436250,1.5819
0.436275,1.6778
0.436300,1.7753
0.436325,1.8704
0.436350,1.9719
0.436375,2.0928
0.436400,2.2000
0.436425,2.3056
0.436450,2.4047
0.436475,2.5038
0.436500,2.6110
0.436525,2.7109
0.436550,2.8060
0.436575,2.8874
0.436600,2.9623
0.436625,3.0333
0.436650,3.0937
0.436675,3.1493
0.436700,3.1904
0.436725,3.2186
0.436750,3.2363
0.436775,3.2452
0.436800,3.2460
0.436825,3.2388
0.436850,3.2194
0.436875,3.1848
0.436900,3.1412
0.436925,3.0889
0.436950,3.0284
0.436975,2.9599
0.437000,2.8785
0.437025,2.7907
0.437050,2.6988
0.437075,2.6062
0.437100,2.5111
0.437125,2.4152
0.437150,2.3177
0.437175,2.2048
0.437200,2.0993
0.437225,1.9864
0.437250,1.8744
0.437275,1.7801
0.437300,1.6714
0.437325,1.5714
0.437350,1.4683
0.437375,1.3522
0.437400,1.2314
0.437425,1.0968
0.437450,0.9485
0.437475,0.8075
0.437500,0.6785
0.437525,0.5593
0.437550,0.4569
0.437575,0.3610
0.437600,0.2764
0.437625,0.2023
0.437650,0.1410
0.437675,0.0919
0.437700,0.0572
0.437725,0.0338
0.437750,0.0201
0.437775,0.0161
0.437800,0.0218
0.437825,0.0387
0.437850,0.0693
0.437875,0.1128
0.437900,0.1668
0.437925,0.2321
0.437950,0.3111
0.437975,0.4037
0.438000,0.5045
0.438025,0.6173
0.438050,0.7325
0.438075,0.8518
0.438100,0.9751
0.438125,1.0855
0.438150,1.1886
0.438175,1.2902
0.438200,1.3692
0.438225,1.4626
0.438250,1.5601
0.438275,1.6544
0.438300,1.7689
0.438325,1.8777
0.438350,1.9905
0.438375,2.0985
0.438400,2.2048
0.438425,2.3080
0.438450,2.4039
0.438475,2.5127
0.438500,2.6118
0.438525,2.7085
0.438550,2.8004
0.438575,2.8801
0.438600,2.9591
0.438625,3.0333
0.438650,3.0961
0.438675,3.1485
0.438700,3.1904
0.438725,3.2178
0.438750,3.2363
0.438775,3.2468
0.438800,3.2460
0.438825,3.2379
0.438850,3.2170
0.438875,3.1832
0.438900,3.1404
0.438925,3.0905
0.438950,3.0316
0.438975,2.9591
0.439000,2.8793
0.439025,2.7907
0.439050,2.7004
0.439075,2.6150
0.439100,2.5103
0.439125,2.4071
0.439150,2.3023
0.439175,2.1903
0.439200,2.0977
0.439225,1.9953
0.439250,1.8946
0.439275,1.7842
0.439300,1.6754
0.439325,1.5747
0.439350,1.4691
0.439375,1.3587
0.439400,1.2394
0.439425,1.1064
0.439450,0.9598
0.439475,0.8220
0.439500,0.6834
0.439525,0.5577
0.439550,0.4505
0.439575,0.3586
0.439600,0.2740
0.439625,0.2015
0.439650,0.1410
0.439675,0.0911
0.439700,0.0572
0.439725,0.0338
0.439750,0.0193
0.439775,0.0161
0.439800,0.0218
0.439825,0.0379
0.439850,0.0693
0.439875,0.1128
0.439900,0.1668
0.439925,0.2313
0.439950,0.3103
0.439975,0.3989
0.440000,0.5069
0.440025,0.6237
0.440050,0.7470
0.440075,0.8760
0.440100,1.0001
0.440125,1.1129
0.440150,1.2168
0.440175,1.2966
0.440200,1.3764
0.440225,1.4659
0.440250,1.5577
0.440275,1.6714
0.440300,1.7697
0.440325,1.8680
0.440350,1.9736
0.440375,2.0799
0.440400,2.1984
0.440425,2.3112
0.440450,2.4168
0.440475,2.5167
0.440500,2.6150
0.440525,2.7093
0.440550,2.7996
0.440575,2.8850
0.440600,2.9615
0.440625,3.0325
0.440650,3.0937
0.440675,3.1469
0.440700,3.1880
0.440725,3.2170
0.440750,3.2371
0.440775,3.2452
0.440800,3.2460
0.440825,3.2379
0.440850,3.2170
0.440875,3.1840
0.440900,3.1404
0.440925,3.0873
0.440950,3.0268
0.440975,2.9559
0.441000,2.8793
0.441025,2.7963
0.441050,2.7093
0.441075,2.6150
0.441100,2.5135
0.441125,2.4079
0.441150,2.3032
0.441175,2.2032
0.441200,2.0960
0.441225,1.9848
0.441250,1.8728
0.441275,1.7632
0.441300,1.6722
0.441325,1.5843
0.441350,1.4836
0.441375,1.3764
0.441400,1.2451
0.441425,1.1048
0.441450,0.9614
0.441475,0.8107
0.441500,0.6801
0.441525,0.5593
0.441550,0.4537
0.441575,0.3642
0.441600,0.2772
0.441625,0.2023
0.441650,0.1402
0.441675,0.0919
0.441700,0.0572
0.441725,0.0330
0.441750,0.0210
0.441775,0.0161
0.441800,0.0210
0.441825,0.0395
0.441850,0.0701
0.441875,0.1136
0.441900,0.1668
0.441925,0.2297
0.441950,0.3054
0.441975,0.3997
0.442000,0.5053
0.442025,0.6213
0.442050,0.7454
0.442075,0.8744
0.442100,0.9864
0.442125,1.0895
0.442150,1.1870
0.442175,1.2684
0.442200,1.3675
0.442225,1.4739
0.442250,1.5827
0.442275,1.6786
0.442300,1.7753
0.442325,1.8704
0.442350,1.9719
0.442375,2.0928
0.442400,2.2008
0.442425,2.3064
0.442450,2.4039
0.442475,2.5038
0.442500,2.6118
0.442525,2.7109
0.442550,2.8076
0.442575,2.8874
0.442600,2.9615
0.442625,3.0325
0.442650,3.0921
0.442675,3.1477
0.442700,3.1896
0.442725,3.2170
0.442750,3.2363
0.442775,3.2460
0.442800,3.2460
0.442825,3.2388
0.442850,3.2186
0.442875,3.1840
0.442900,3.1412
0.442925,3.0881
0.442950,3.0284
0.442975,2.9599
0.443000,2.8785
0.443025,2.7907
0.443050,2.6980
0.443075,2.6062
0.443100,2.5111
0.443125,2.4144
0.443150,2.3177
0.443175,2.2048
0.443200,2.0993
0.443225,1.9873
0.443250,1.8744
0.443275,1.7801
0.443300,1.6714
0.443325,1.5722
0.443350,1.4707
0.443375,1.3547
0.443400,1.2314
0.443425,1.0976
0.443450,0.9485
0.443475,0.8067
0.443500,0.6777
0.443525,0.5593
0.443550,0.4561
0.443575,0.3602
0.443600,0.2764
0.443625,0.2023
0.443650,0.1410
0.443675,0.0927
0.443700,0.0572
0.443725,0.0338
0.443750,0.0210
0.443775,0.0161
0.443800,0.0218
0.443825,0.0387
0.443850,0.0701
0.443875,0.1120
0.443900,0.1668
0.443925,0.2321
0.443950,0.3111
0.443975,0.4037
0.444000,0.5045
0.444025,0.6165
0.444050,0.7333
0.444075,0.8518
0.444100,0.9743
0.444125,1.0863
0.444150,1.1895
0.444175,1.2902
0.444200,1.3692
0.444225,1.4618
0.444250,1.5585
0.444275,1.6536
0.444300,1.7689
0.444325,1.8777
0.444350,1.9913
0.444375,2.0985
0.444400,2.2048
0.444425,2.3080
0.444450,2.4031
0.444475,2.5119
0.444500,2.6126
0.444525,2.7085
0.444550,2.8004
0.444575,2.8810
0.444600,2.9591
0.444625,3.0333
0.444650,3.0969
0.444675,3.1493
0.444700,3.1896
0.444725,3.2186
0.444750,3.2363
0.444775,3.2460
0.444800,3.2468
0.444825,3.2379
0.444850,3.2170
0.444875,3.1832
0.444900,3.1421
0.444925,3.0913
0.444950,3.0325
0.444975,2.9599
0.445000,2.8801
0.445025,2.7915
0.445050,2.7012
0.445075,2.6150
0.445100,2.5103
0.445125,2.4071
0.445150,2.3015
0.445175,2.1903
0.445200,2.0968
0.445225,1.9953
0.445250,1.8946
0.445275,1.7834
0.445300,1.6762
0.445325,1.5747
0.445350,1.4683
0.445375,1.3603
0.445400,1.2394
0.445425,1.1064
0.445450,0.9606
0.445475,0.8220
0.445500,0.6834
0.445525,0.5593
0.445550,0.4513
0.445575,0.3586
0.445600,0.2756
0.445625,0.2031
0.445650,0.1418
0.445675,0.0927
0.445700,0.0580
0.445725,0.0347
0.445750,0.0218
0.445775,0.0169
0.445800,0.0218
0.445825,0.0395
0.445850,0.0685
0.445875,0.1128
0.445900,0.1668
0.445925,0.2313
0.445950,0.3095
0.445975,0.3989
0.446000,0.5061
0.446025,0.6229
0.446050,0.7478
0.446075,0.8760
0.446100,1.0009
0.446125,1.1137
0.446150,1.2168
0.446175,1.2974
0.446200,1.3756
0.446225,1.4642
0.446250,1.5577
0.446275,1.6714
0.446300,1.7697
0.446325,1.8688
0.446350,1.9736
0.446375,2.0791
0.446400,2.1992
0.446425,2.3128
0.446450,2.4168
0.446475,2.5167
0.446500,2.6150
0.446525,2.7093
0.446550,2.7996
0.446575,2.8850
0.446600,2.9615
0.446625,3.0333
0.446650,3.0937
0.446675,3.1469
0.446700,3.1896
0.446725,3.2178
0.446750,3.2371
0.446775,3.2468
0.446800,3.2468
0.446825,3.2379
0.446850,3.2178
0.446875,3.1856
0.446900,3.1396
0.446925,3.0881
0.446950,3.0276
0.446975,2.9551
0.447000,2.8801
0.447025,2.7963
0.447050,2.7093
0.447075,2.6166
0.447100,2.5135
0.447125,2.4095
0.447150,2.3032
0.447175,2.2032
0.447200,2.0960
0.447225,1.9840
0.447250,1.8736
0.447275,1.7640
0.447300,1.6722
0.447325,1.5851
0.447350,1.4836
0.447375,1.3764
0.447400,1.2459
0.447425,1.1056
0.447450,0.9614
0.447475,0.8123
0.447500,0.6818
0.447525,0.5609
0.447550,0.4553
0.447575,0.3642
0.447600,0.2772
0.447625,0.2023
0.447650,0.1402
0.447675,0.0919
0.447700,0.0564
0.447725,0.0338
0.447750,0.0210
0.447775,0.0161
0.447800,0.0218
0.447825,0.0395
0.447850,0.0701
0.447875,0.1144
0.447900,0.1668
0.447925,0.2297
0.447950,0.3054
0.447975,0.3997
0.448000,0.5053
0.448025,0.6229
0.448050,0.7454
0.448075,0.8736
0.448100,0.9864
0.448125,1.0903
0.448150,1.1862
0.448175,1.2684
0.448200,1.3684
0.448225,1.4731
0.448250,1.5819
0.448275,1.6786
0.448300,1.7753
0.448325,1.8712
0.448350,1.9719
0.448375,2.0928
0.448400,2.2008
0.448425,2.3056
0.448450,2.4039
0.448475,2.5038
0.448500,2.6110
0.448525,2.7117
0.448550,2.8076
0.448575,2.8882
0.448600,2.9623
0.448625,3.0325
0.448650,3.0937
0.448675,3.1485
0.448700,3.1888
0.448725,3.2178
0.448750,3.2371
0.448775,3.2452
0.448800,3.2460
0.448825,3.2388
0.448850,3.2178
0.448875,3.1840
0.448900,3.1412
0.448925,3.0881
0.448950,3.0284
0.448975,2.9607
0.449000,2.8793
0.449025,2.7907
0.449050,2.6988
0.449075,2.6070
0.449100,2.5111
0.449125,2.4144
0.449150,2.3177
0.449175,2.2048
0.449200,2.0993
0.449225,1.9864
0.449250,1.8744
0.449275,1.7793
0.449300,1.6705
0.449325,1.5714
0.449350,1.4699
0.449375,1.3530
0.449400,1.2322
0.449425,1.0976
0.449450,0.9485
0.449475,0.8075
0.449500,0.6793
0.449525,0.5601
0.449550,0.4577
0.449575,0.3618
0.449600,0.2764
0.449625,0.2031
0.449650,0.1418
0.449675,0.0927
0.449700,0.0572
0.449725,0.0338
0.449750,0.0210
0.449775,0.0161
0.449800,0.0218
0.449825,0.0395
0.449850,0.0701
0.449875,0.1128
0.449900,0.1684
0.449925,0.2321
0.449950,0.3111
0.449975,0.4037
0.450000,0.5021
0.450025,0.4642
0.450050,0.4416
0.450075,0.3691
0.450100,0.2756
0.450125,0.2023
0.450150,0.1402
0.450175,0.0911
0.450200,0.0572
0.450225,0.0338
0.450250,0.0210
0.450275,0.0161
0.450300,0.0218
0.450325,0.0395
0.450350,0.0701
0.450375,0.1136
0.450400,0.1668
0.450425,0.2297
0.450450,0.3054
0.450475,0.3925
0.450500,0.4980
0.450525,0.6157
0.450550,0.7390
0.450575,0.8744
0.450600,1.0089
0.450625,1.1129
0.450650,1.2088
0.450675,1.2918
0.450700,1.3692
0.450725,1.4755
0.450750,1.5835
0.450775,1.6947
0.450800,1.7914
0.450825,1.8865
0.450850,1.9881
0.450875,2.0920
0.450900,2.2105
0.450925,2.3160
0.450950,2.4152
0.450975,2.5143
0.451000,2.6110
0.451025,2.7109
0.451050,2.8068
0.451075,2.8906
0.451100,2.9656
0.451125,3.0357
0.451150,3.0969
0.451175,3.1477
0.451200,3.1896
0.451225,3.2186
0.451250,3.2371
0.451275,3.2468
0.451300,3.2468
0.451325,3.2396
0.451350,3.2186
0.451375,3.1864
0.451400,3.1437
0.451425,3.0905
0.451450,3.0308
0.451475,2.9599
0.451500,2.8850
0.451525,2.7971
0.451550,2.7053
0.451575,2.6126
0.451600,2.5119
0.451625,2.4152
0.451650,2.3177
0.451675,2.2185
0.451700,2.1130
0.451725,2.0001
0.451750,1.8881
0.451775,1.7801
0.451800,1.6891
0.451825,1.5900
0.451850,1.4876
0.451875,1.3716
0.451900,1.2314
0.451925,1.0968
0.451950,0.9485
0.451975,0.8002
0.452000,0.6721
0.452025,0.5528
0.452050,0.4497
0.452075,0.3602
0.452100,0.2748
0.452125,0.2015
0.452150,0.1402
0.452175,0.0919
0.452200,0.0572
0.452225,0.0347
0.452250,0.0210
0.452275,0.0161
0.452300,0.0226
0.452325,0.0387
0.452350,0.0701
0.452375,0.1128
0.452400,0.1644
0.452425,0.2297
0.452450,0.3078
0.452475,0.4005
0.452500,0.5045
0.452525,0.6157
0.452550,0.7333
0.452575,0.8631
0.452600,0.9864
0.452625,1.0976
0.452650,1.2007
0.452675,1.2902
0.452700,1.3877
0.452725,1.4812
0.452750,1.5779
0.452775,1.6730
0.452800,1.7689
0.452825,1.8777
0.452850,1.9913
0.452875,2.1089
0.452900,2.2161
0.452925,2.3185
0.452950,2.4144
0.452975,2.5127
0.453000,2.6174
0.453025,2.7149
0.453050,2.8068
0.453075,2.8866
0.453100,2.9599
0.453125,3.0341
0.453150,3.0969
0.453175,3.1509
0.453200,3.1912
0.453225,3.2186
0.453250,3.2371
0.453275,3.2452
0.453300,3.2468
0.453325,3.2388
0.453350,3.2170
0.453375,3.1848
0.453400,3.1412
0.453425,3.0897
0.453450,3.0325
0.453475,2.9648
0.453500,2.8850
0.453525,2.7971
0.453550,2.7053
0.453575,2.6150
0.453600,2.5215
0.453625,2.4168
0.453650,2.3120
0.453675,2.2008
0.453700,2.0968
0.453725,1.9961
0.453750,1.8962
0.453775,1.8019
0.453800,1.6947
0.453825,1.5932
0.453850,1.4868
0.453875,1.3603
0.453900,1.2273
0.453925,1.0944
0.453950,0.9477
0.453975,0.8099
0.454000,0.6842
0.454025,0.5577
0.454050,0.4513
0.454075,0.3570
0.454100,0.2724
0.454125,0.2007
0.454150,0.1394
0.454175,0.0919
0.454200,0.0572
0.454225,0.0338
0.454250,0.0201
0.454275,0.0161
0.454300,0.0210
0.454325,0.0387
0.454350,0.0693
0.454375,0.1112
0.454400,0.1652
0.454425,0.2297
0.454450,0.3078
0.454475,0.3989
0.454500,0.4980
0.454525,0.6149
0.454550,0.7390
0.454575,0.8679
0.454600,1.0009
0.454625,1.1137
0.454650,1.2177
0.454675,1.3176
0.454700,1.3958
0.454725,1.4852
0.454750,1.5787
0.454775,1.6722
0.454800,1.7850
0.454825,1.8841
0.454850,1.9881
0.454875,2.0944
0.454900,2.1984
0.454925,2.3120
0.454950,2.4160
0.454975,2.5232
0.455000,2.6223
0.455025,2.7158
0.455050,2.8068
0.455075,2.8858
0.455100,2.9640
0.455125,3.0357
0.455150,3.0969
0.455175,3.1485
0.455200,3.1880
0.455225,3.2178
0.455250,3.2363
0.455275,3.2460
0.455300,3.2468
0.455325,3.2379
0.455350,3.2170
0.455375,3.1848
0.455400,3.1429
0.455425,3.0905
0.455450,3.0300
0.455475,2.9583
0.455500,2.8793
0.455525,2.7955
0.455550,2.7093
0.455575,2.6247
0.455600,2.5223
0.455625,2.4176
0.455650,2.3120
0.455675,2.2024
0.455700,2.1097
0.455725,1.9993
0.455750,1.8881
0.455775,1.7785
0.455800,1.6722
0.455825,1.5851
0.455850,1.4836
0.455875,1.3635
0.455900,1.2338
0.455925,1.0927
0.455950,0.9485
0.455975,0.8123
0.456000,0.6761
0.456025,0.5544
0.456050,0.4505
0.456075,0.3594
0.456100,0.2772
0.456125,0.2023
0.456150,0.1402
0.456175,0.0911
0.456200,0.0572
0.456225,0.0338
0.456250,0.0210
0.456275,0.0161
0.456300,0.0218
0.456325,0.0387
0.456350,0.0693
0.456375,0.1136
0.456400,0.1660
0.456425,0.2289
0.456450,0.3054
0.456475,0.3916
0.456500,0.4980
0.456525,0.6157
0.456550,0.7382
0.456575,0.8744
0.456600,1.0081
0.456625,1.1121
0.456650,1.2088
0.456675,1.2910
0.456700,1.3684
0.456725,1.4739
0.456750,1.5827
0.456775,1.6939
0.456800,1.7914
0.456825,1.8865
0.456850,1.9881
0.456875,2.0920
0.456900,2.2105
0.456925,2.3168
0.456950,2.4152
0.456975,2.5143
0.457000,2.6118
0.457025,2.7109
0.457050,2.8076
0.457075,2.8906
0.457100,2.9656
0.457125,3.0365
0.457150,3.0961
0.457175,3.1485
0.457200,3.1904
0.457225,3.2194
0.457250,3.2371
0.457275,3.2460
0.457300,3.2460
0.457325,3.2379
0.457350,3.2186
0.457375,3.1864
0.457400,3.1437
0.457425,3.0897
0.457450,3.0300
0.457475,2.9591
0.457500,2.8834
0.457525,2.7963
0.457550,2.7045
0.457575,2.6126
0.457600,2.5119
0.457625,2.4144
0.457650,2.3185
0.457675,2.2193
0.457700,2.1138
0.457725,2.0018
0.457750,1.8881
0.457775,1.7801
0.457800,1.6891
0.457825,1.5900
0.457850,1.4876
0.457875,1.3716
0.457900,1.2314
0.457925,1.0968
0.457950,0.9493
0.457975,0.8002
0.458000,0.6721
0.458025,0.5528
0.458050,0.4505
0.458075,0.3610
0.458100,0.2748
0.458125,0.2015
0.458150,0.1394
0.458175,0.0919
0.458200,0.0572
0.458225,0.0338
0.458250,0.0210
0.458275,0.0161
0.458300,0.0201
0.458325,0.0379
0.458350,0.0685
0.458375,0.1112
0.458400,0.1644
0.458425,0.2297
0.458450,0.3086
0.458475,0.4005
0.458500,0.5053
0.458525,0.6165
0.458550,0.7333
0.458575,0.8639
0.458600,0.9856
0.458625,1.0976
0.458650,1.2007
0.458675,1.2902
0.458700,1.3885
0.458725,1.4812
0.458750,1.5787
0.458775,1.6730
0.458800,1.7681
0.458825,1.8768
0.458850,1.9905
0.458875,2.1097
0.458900,2.2161
0.458925,2.3193
0.458950,2.4144
0.458975,2.5127
0.459000,2.6182
0.459025,2.7149
0.459050,2.8076
0.459075,2.8858
0.459100,2.9599
0.459125,3.0325
0.459150,3.0961
0.459175,3.1501
0.459200,3.1904
0.459225,3.2194
0.459250,3.2363
0.459275,3.2468
0.459300,3.2468
0.459325,3.2379
0.459350,3.2178
0.459375,3.1832
0.459400,3.1404
0.459425,3.0905
0.459450,3.0316
0.459475,2.9648
0.459500,2.8850
0.459525,2.7963
0.459550,2.7061
0.459575,2.6150
0.459600,2.5223
0.459625,2.4176
0.459650,2.3128
0.459675,2.2016
0.459700,2.0968
0.459725,1.9953
0.459750,1.8946
0.459775,1.8019
0.459800,1.6939
0.459825,1.5924
0.459850,1.4868
0.459875,1.3587
0.459900,1.2273
0.459925,1.0944
0.459950,0.9485
0.459975,0.8099
0.460000,0.6842
0.460025,0.5585
0.460050,0.4505
0.460075,0.3562
0.460100,0.2732
0.460125,0.2007
0.460150,0.1402
0.460175,0.0935
0.460200,0.0572
0.460225,0.0338
0.460250,0.0201
0.460275,0.0161
0.460300,0.0210
0.460325,0.0387
0.460350,0.0693
0.460375,0.1112
0.460400,0.1652
0.460425,0.2297
0.460450,0.3078
0.460475,0.3989
0.460500,0.4972
0.460525,0.6149
0.460550,0.7390
0.460575,0.8679
0.460600,1.0009
0.460625,1.1137
0.460650,1.2185
0.460675,1.3176
0.460700,1.3958
0.460725,1.4852
0.460750,1.5779
0.460775,1.6714
0.460800,1.7850
0.460825,1.8841
0.460850,1.9881
0.460875,2.0936
0.460900,2.1992
0.460925,2.3120
0.460950,2.4168
0.460975,2.5240
0.461000,2.6223
0.461025,2.7158
0.461050,2.8068
0.461075,2.8850
0.461100,2.9632
0.461125,3.0349
0.461150,3.0969
0.461175,3.1493
0.461200,3.1896
0.461225,3.2186
0.461250,3.2371
0.461275,3.2460
0.461300,3.2452
0.461325,3.2371
0.461350,3.2162
0.461375,3.1840
0.461400,3.1429
0.461425,3.0897
0.461450,3.0300
0.461475,2.9583
0.461500,2.8793
0.461525,2.7955
0.461550,2.7093
0.461575,2.6247
0.461600,2.5215
0.461625,2.4176
0.461650,2.3120
0.461675,2.2024
0.461700,2.1105
0.461725,1.9985
0.461750,1.8873
0.461775,1.7785
0.461800,1.6722
0.461825,1.5851
0.461850,1.4836
0.461875,1.3635
0.461900,1.2330
0.461925,1.0919
0.461950,0.9477
0.461975,0.8115
0.462000,0.6769
0.462025,0.5544
0.462050,0.4505
0.462075,0.3594
0.462100,0.2772
0.462125,0.2023
0.462150,0.1402
0.462175,0.0919
0.462200,0.0572
0.462225,0.0347
0.462250,0.0210
0.462275,0.0169
0.462300,0.0218
0.462325,0.0395
0.462350,0.0709
0.462375,0.1136
0.462400,0.1676
0.462425,0.2297
0.462450,0.3054
0.462475,0.3925
0.462500,0.4988
0.462525,0.6157
0.462550,0.7382
0.462575,0.8736
0.462600,1.0081
0.462625,1.1121
0.462650,1.2088
0.462675,1.2910
0.462700,1.3684
0.462725,1.4739
0.462750,1.5827
0.462775,1.6939
0.462800,1.7914
0.462825,1.8865
0.462850,1.9881
0.462875,2.0920
0.462900,2.2113
0.462925,2.3168
0.462950,2.4152
0.462975,2.5143
0.463000,2.6110
0.463025,2.7109
0.463050,2.8060
0.463075,2.8906
0.463100,2.9648
0.463125,3.0357
0.463150,3.0961
0.463175,3.1485
0.463200,3.1904
0.463225,3.2186
0.463250,3.2379
0.463275,3.2460
0.463300,3.2468
0.463325,3.2388
0.463350,3.2186
0.463375,3.1872
0.463400,3.1429
0.463425,3.0905
0.463450,3.0308
0.463475,2.9591
0.463500,2.8850
0.463525,2.7963
0.463550,2.7053
0.463575,2.6134
0.463600,2.5111
0.463625,2.4160
0.463650,2.3177
0.463675,2.2185
0.463700,2.1138
0.463725,2.0010
0.463750,1.8881
0.463775,1.7801
0.463800,1.6891
0.463825,1.5892
0.463850,1.4868
0.463875,1.3716
0.463900,1.2314
0.463925,1.0968
0.463950,0.9485
0.463975,0.8002
0.464000,0.6721
0.464025,0.5528
0.464050,0.4497
0.464075,0.3610
0.464100,0.2740
0.464125,0.2007
0.464150,0.1394
0.464175,0.0911
0.464200,0.0572
0.464225,0.0347
0.464250,0.0210
0.464275,0.0161
0.464300,0.0218
0.464325,0.0387
0.464350,0.0701
0.464375,0.1128
0.464400,0.1644
0.464425,0.2297
0.464450,0.3078
0.464475,0.4005
0.464500,0.5053
0.464525,0.6165
0.464550,0.7333
0.464575,0.8631
0.464600,0.9864
0.464625,1.0968
0.464650,1.1999
0.464675,1.2894
0.464700,1.3877
0.464725,1.4812
0.464750,1.5779
0.464775,1.6730
0.464800,1.7681
0.464825,1.8777
0.464850,1.9913
0.464875,2.1097
0.464900,2.2169
0.464925,2.3193
0.464950,2.4152
0.464975,2.5127
0.465000,2.6182
0.465025,2.7149
0.465050,2.8068
0.465075,2.8858
0.465100,2.9599
0.465125,3.0325
0.465150,3.0961
0.465175,3.1501
0.465200,3.1912
0.465225,3.2194
0.465250,3.2371
0.465275,3.2476
0.465300,3.2476
0.465325,3.2396
0.465350,3.2178
0.465375,3.1840
0.465400,3.1421
0.465425,3.0913
0.465450,3.0325
0.465475,2.9656
0.465500,2.8850
0.465525,2.7963
0.465550,2.7053
0.465575,2.6142
0.465600,2.5207
0.465625,2.4168
0.465650,2.3112
0.465675,2.2008
0.465700,2.0968
0.465725,1.9953
0.465750,1.8962
0.465775,1.8027
0.465800,1.6947
0.465825,1.5932
0.465850,1.4860
0.465875,1.3595
0.465900,1.2265
0.465925,1.0944
0.465950,0.9485
0.465975,0.8099
0.466000,0.6834
0.466025,0.5585
0.466050,0.4505
0.466075,0.3570
0.466100,0.2732
0.466125,0.1999
0.466150,0.1402
0.466175,0.0919
0.466200,0.0564
0.466225,0.0338
0.466250,0.0201
0.466275,0.0161
0.466300,0.0218
0.466325,0.0387
0.466350,0.0693
0.466375,0.1104
0.466400,0.1644
0.466425,0.2297
0.466450,0.3070
0.466475,0.3989
0.466500,0.4980
0.466525,0.6149
0.466550,0.7390
0.466575,0.8671
0.466600,1.0001
0.466625,1.1129
0.466650,1.2168
0.466675,1.3176
0.466700,1.3958
0.466725,1.4852
0.466750,1.5779
0.466775,1.6714
0.466800,1.7850
0.466825,1.8841
0.466850,1.9889
0.466875,2.0944
0.466900,2.1992
0.466925,2.3112
0.466950,2.4160
0.466975,2.5232
0.467000,2.6223
0.467025,2.7158
0.467050,2.8068
0.467075,2.8850
0.467100,2.9632
0.467125,3.0349
0.467150,3.0969
0.467175,3.1493
0.467200,3.1888
0.467225,3.2186
0.467250,3.2363
0.467275,3.2468
0.467300,3.2468
0.467325,3.2379
0.467350,3.2178
0.467375,3.1840
0.467400,3.1429
0.467425,3.0897
0.467450,3.0300
0.467475,2.9583
0.467500,2.8793
0.467525,2.7955
0.467550,2.7093
0.467575,2.6247
0.467600,2.5223
0.467625,2.4184
0.467650,2.3120
0.467675,2.2024
0.467700,2.1105
0.467725,1.9993
0.467750,1.8889
0.467775,1.7793
0.467800,1.6730
0.467825,1.5851
0.467850,1.4836
0.467875,1.3635
0.467900,1.2330
0.467925,1.0927
0.467950,0.9477
0.467975,0.8123
0.468000,0.6769
0.468025,0.5552
0.468050,0.4505
0.468075,0.3594
0.468100,0.2772
0.468125,0.2023
0.468150,0.1410
0.468175,0.0911
0.468200,0.0572
0.468225,0.0338
0.468250,0.0201
0.468275,0.0161
0.468300,0.0218
0.468325,0.0395
0.468350,0.0701
0.468375,0.1136
0.468400,0.1668
0.468425,0.2297
0.468450,0.3054
0.468475,0.3925
0.468500,0.4980
0.468525,0.6149
0.468550,0.7382
0.468575,0.8736
0.468600,1.0081
0.468625,1.1113
0.468650,1.2080
0.468675,1.2902
0.468700,1.3684
0.468725,1.4731
0.468750,1.5819
0.468775,1.6939
0.468800,1.7922
0.468825,1.8881
0.468850,1.9889
0.468875,2.0936
0.468900,2.2105
0.468925,2.3160
0.468950,2.4144
0.468975,2.5135
0.469000,2.6110
0.469025,2.7109
0.469050,2.8068
0.469075,2.8906
0.469100,2.9656
0.469125,3.0357
0.469150,3.0969
0.469175,3.1477
0.469200,3.1896
0.469225,3.2186
0.469250,3.2371
0.469275,3.2460
0.469300,3.2468
0.469325,3.2379
0.469350,3.2178
0.469375,3.1864
0.469400,3.1429
0.469425,3.0913
0.469450,3.0308
0.469475,2.9599
0.469500,2.8850
0.469525,2.7971
0.469550,2.7053
0.469575,2.6126
0.469600,2.5119
0.469625,2.4152
0.469650,2.3185
0.469675,2.2193
0.469700,2.1138
0.469725,2.0010
0.469750,1.8881
0.469775,1.7801
0.469800,1.6899
0.469825,1.5908
0.469850,1.4876
0.469875,1.3724
0.469900,1.2322
0.469925,1.0968
0.469950,0.9493
0.469975,0.8002
0.470000,0.6729
0.470025,0.5536
0.470050,0.4505
0.470075,0.3610
0.470100,0.2748
0.470125,0.2015
0.470150,0.1394
0.470175,0.0911
0.470200,0.0580
0.470225,0.0338
0.470250,0.0210
0.470275,0.0161
0.470300,0.0218
0.470325,0.0395
0.470350,0.0701
0.470375,0.1128
0.470400,0.1644
0.470425,0.2297
0.470450,0.3078
0.470475,0.4005
0.470500,0.5045
0.470525,0.6165
0.470550,0.7333
0.470575,0.8639
0.470600,0.9872
0.470625,1.0976
0.470650,1.2007
0.470675,1.2910
0.470700,1.3885
0.470725,1.4820
0.470750,1.5787
0.470775,1.6738
0.470800,1.7689
0.470825,1.8777
0.470850,1.9913
0.470875,2.1097
0.470900,2.2161
0.470925,2.3193
0.470950,2.4144
0.470975,2.5127
0.471000,2.6182
0.471025,2.7149
0.471050,2.8076
0.471075,2.8874
0.471100,2.9607
0.471125,3.0349
0.471150,3.0969
0.471175,3.1509
0.471200,3.1912
0.471225,3.2186
0.471250,3.2379
0.471275,3.2460
0.471300,3.2484
0.471325,3.2388
0.471350,3.2178
0.471375,3.1840
0.471400,3.1404
0.471425,3.0897
0.471450,3.0316
0.471475,2.9648
0.471500,2.8842
0.471525,2.7963
0.471550,2.7053
0.471575,2.6142
0.471600,2.5207
0.471625,2.4184
0.471650,2.3128
0.471675,2.2016
0.471700,2.0968
0.471725,1.9953
0.471750,1.8954
0.471775,1.8019
0.471800,1.6939
0.471825,1.5924
0.471850,1.4868
0.471875,1.3595
0.471900,1.2273
0.471925,1.0944
0.471950,0.9485
0.471975,0.8091
0.472000,0.6834
0.472025,0.5577
0.472050,0.4505
0.472075,0.3562
0.472100,0.2724
0.472125,0.2007
0.472150,0.1402
0.472175,0.0919
0.472200,0.0572
0.472225,0.0338
0.472250,0.0201
0.472275,0.0161
0.472300,0.0210
0.472325,0.0387
0.472350,0.0693
0.472375,0.1112
0.472400,0.1652
0.472425,0.2297
0.472450,0.3078
0.472475,0.3989
0.472500,0.4980
0.472525,0.6157
0.472550,0.7390
0.472575,0.8679
0.472600,1.0009
0.472625,1.1137
0.472650,1.2185
0.472675,1.3184
0.472700,1.3974
0.472725,1.4852
0.472750,1.5779
0.472775,1.6714
0.472800,1.7842
0.472825,1.8825
0.472850,1.9881
0.472875,2.0936
0.472900,2.1984
0.472925,2.3120
0.472950,2.4160
0.472975,2.5240
0.473000,2.6215
0.473025,2.7166
0.473050,2.8060
0.473075,2.8842
0.473100,2.9623
0.473125,3.0341
0.473150,3.0961
0.473175,3.1485
0.473200,3.1896
0.473225,3.2178
0.473250,3.2371
0.473275,3.2476
0.473300,3.2476
0.473325,3.2396
0.473350,3.2178
0.473375,3.1840
0.473400,3.1429
0.473425,3.0897
0.473450,3.0300
0.473475,2.9583
0.473500,2.8793
0.473525,2.7955
0.473550,2.7093
0.473575,2.6247
0.473600,2.5223
0.473625,2.4176
0.473650,2.3128
0.473675,2.2032
0.473700,2.1105
0.473725,1.9985
0.473750,1.8873
0.473775,1.7785
0.473800,1.6714
0.473825,1.5851
0.473850,1.4836
0.473875,1.3635
0.473900,1.2330
0.473925,1.0919
0.473950,0.9485
0.473975,0.8123
0.474000,0.6769
0.474025,0.5552
0.474050,0.4505
0.474075,0.3594
0.474100,0.2772
0.474125,0.2023
0.474150,0.1410
0.474175,0.0919
0.474200,0.0572
0.474225,0.0330
0.474250,0.0201
0.474275,0.0161
0.474300,0.0210
0.474325,0.0387
0.474350,0.0701
0.474375,0.1136
0.474400,0.1668
0.474425,0.2297
0.474450,0.3054
0.474475,0.3933
0.474500,0.4988
0.474525,0.6165
0.474550,0.7390
0.474575,0.8752
0.474600,1.0081
0.474625,1.1121
0.474650,1.2088
0.474675,1.2902
0.474700,1.3684
0.474725,1.4739
0.474750,1.5827
0.474775,1.6947
0.474800,1.7914
0.474825,1.8865
0.474850,1.9881
0.474875,2.0928
0.474900,2.2105
0.474925,2.3168
0.474950,2.4152
0.474975,2.5143
0.475000,0.5327
0.475025,0.6068
0.475050,0.7527
0.475075,0.8864
0.475100,1.0025
0.475125,1.1201
0.475150,1.2273
0.475175,1.3079
0.475200,1.3861
0.475225,1.4747
0.475250,1.5682
0.475275,1.6770
0.475300,1.7906
0.475325,1.8865
0.475350,1.9873
0.475375,2.0944
0.475400,2.1984
0.475425,2.3120
0.475450,2.4160
0.475475,2.5232
0.475500,2.6223
0.475525,2.7158
0.475550,2.8068
0.475575,2.8858
0.475600,2.9632
0.475625,3.0357
0.475650,3.0977
0.475675,3.1493
0.475700,3.1896
0.475725,3.2186
0.475750,3.2363
0.475775,3.2476
0.475800,3.2468
0.475825,3.2379
0.475850,3.2178
0.475875,3.1840
0.475900,3.1429
0.475925,3.0905
0.475950,3.0300
0.475975,2.9583
0.476000,2.8793
0.476025,2.7955
0.476050,2.7093
0.476075,2.6247
0.476100,2.5215
0.476125,2.4176
0.476150,2.3128
0.476175,2.2024
0.476200,2.1105
0.476225,1.9993
0.476250,1.8873
0.476275,1.7777
0.476300,1.6722
0.476325,1.5843
0.476350,1.4836
0.476375,1.3635
0.476400,1.2330
0.476425,1.0927
0.476450,0.9493
0.476475,0.8123
0.476500,0.6761
0.476525,0.5552
0.476550,0.4497
0.476575,0.3586
0.476600,0.2772
0.476625,0.2023
0.476650,0.1402
0.476675,0.0919
0.476700,0.0572
0.476725,0.0338
0.476750,0.0210
0.476775,0.0169
0.476800,0.0218
0.476825,0.0395
0.476850,0.0701
0.476875,0.1136
0.476900,0.1660
0.476925,0.2289
0.476950,0.3046
0.476975,0.3916
0.477000,0.4988
0.477025,0.6157
0.477050,0.7390
0.477075,0.8744
0.477100,1.0081
0.477125,1.1113
0.477150,1.2080
0.477175,1.2902
0.477200,1.3684
0.477225,1.4739
0.477250,1.5835
0.477275,1.6947
0.477300,1.7914
0.477325,1.8873
0.477350,1.9889
0.477375,2.0920
0.477400,2.2105
0.477425,2.3160
0.477450,2.4136
0.477475,2.5135
0.477500,2.6118
0.477525,2.7109
0.477550,2.8068
0.477575,2.8906
0.477600,2.9648
0.477625,3.0349
0.477650,3.0961
0.477675,3.1477
0.477700,3.1888
0.477725,3.2186
0.477750,3.2363
0.477775,3.2460
0.477800,3.2468
0.477825,3.2379
0.477850,3.2186
0.477875,3.1856
0.477900,3.1412
0.477925,3.0897
0.477950,3.0292
0.477975,2.9599
0.478000,2.8850
0.478025,2.7971
0.478050,2.7069
0.478075,2.6134
0.478100,2.5127
0.478125,2.4160
0.478150,2.3177
0.478175,2.2193
0.478200,2.1138
0.478225,2.0001
0.478250,1.8889
0.478275,1.7801
0.478300,1.6899
0.478325,1.5908
0.478350,1.4884
0.478375,1.3724
0.478400,1.2314
0.478425,1.0968
0.478450,0.9485
0.478475,0.8002
0.478500,0.6729
0.478525,0.5528
0.478550,0.4505
0.478575,0.3618
0.478600,0.2756
0.478625,0.2023
0.478650,0.1418
0.478675,0.0919
0.478700,0.0580
0.478725,0.0338
0.478750,0.0201
0.478775,0.0169
0.478800,0.0210
0.478825,0.0395
0.478850,0.0701
0.478875,0.1120
0.478900,0.1652
0.478925,0.2297
0.478950,0.3078
0.478975,0.4013
0.479000,0.5045
0.479025,0.6165
0.479050,0.7325
0.479075,0.8623
0.479100,0.9864
0.479125,1.0968
0.479150,1.2007
0.479175,1.2910
0.479200,1.3877
0.479225,1.4804
0.479250,1.5779
0.479275,1.6722
0.479300,1.7681
0.479325,1.8777
0.479350,1.9905
0.479375,2.1089
0.479400,2.2153
0.479425,2.3185
0.479450,2.4144
0.479475,2.5127
0.479500,2.6174
0.479525,2.7141
0.479550,2.8068
0.479575,2.8858
0.479600,2.9599
0.479625,3.0333
0.479650,3.0961
0.479675,3.1501
0.479700,3.1904
0.479725,3.2186
0.479750,3.2371
0.479775,3.2468
0.479800,3.2476
0.479825,3.2388
0.479850,3.2178
0.479875,3.1832
0.479900,3.1412
0.479925,3.0905
0.479950,3.0325
0.479975,2.9656
0.480000,2.8850
0.480025,2.7979
0.480050,2.7053
0.480075,2.6142
0.480100,2.5215
0.480125,2.4168
0.480150,2.3128
0.480175,2.2008
0.480200,2.0968
0.480225,1.9961
0.480250,1.8946
0.480275,1.8027
0.480300,1.6947
0.480325,1.5924
0.480350,1.4868
0.480375,1.3587
0.480400,1.2265
0.480425,1.0944
0.480450,0.9477
0.480475,0.8099
0.480500,0.6834
0.480525,0.5577
0.480550,0.4513
0.480575,0.3562
0.480600,0.2732
0.480625,0.2007
0.480650,0.1394
0.480675,0.0911
0.480700,0.0564
0.480725,0.0322
0.480750,0.0201
0.480775,0.0161
0.480800,0.0218
0.480825,0.0387
0.480850,0.0693
0.480875,0.1112
0.480900,0.1652
0.480925,0.2297
0.480950,0.3078
0.480975,0.3989
0.481000,0.4980
0.481025,0.6141
0.481050,0.7382
0.481075,0.8671
0.481100,1.0009
0.481125,1.1145
0.481150,1.2177
0.481175,1.3176
0.481200,1.3966
0.481225,1.4852
0.481250,1.5787
0.481275,1.6722
0.481300,1.7842
0.481325,1.8841
0.481350,1.9889
0.481375,2.0944
0.481400,2.2000
0.481425,2.3128
0.481450,2.4160
0.481475,2.5240
0.481500,2.6223
0.481525,2.7158
0.481550,2.8068
0.481575,2.8850
0.481600,2.9623
0.481625,3.0341
0.481650,3.0961
0.481675,3.1485
0.481700,3.1888
0.481725,3.2186
0.481750,3.2379
0.481775,3.2468
0.481800,3.2468
0.481825,3.2379
0.481850,3.2162
0.481875,3.1832
0.481900,3.1421
0.481925,3.0897
0.481950,3.0292
0.481975,2.9583
0.482000,2.8793
0.482025,2.7955
0.482050,2.7101
0.482075,2.6247
0.482100,2.5215
0.482125,2.4176
0.482150,2.3120
0.482175,2.2024
0.482200,2.1105
0.482225,1.9993
0.482250,1.8873
0.482275,1.7793
0.482300,1.6722
0.482325,1.5843
0.482350,1.4844
0.482375,1.3635
0.482400,1.2338
0.482425,1.0927
0.482450,0.9485
0.482475,0.8131
0.482500,0.6761
0.482525,0.5552
0.482550,0.4505
0.482575,0.3594
0.482600,0.2772
0.482625,0.2023
0.482650,0.1402
0.482675,0.0919
0.482700,0.0564
0.482725,0.0338
0.482750,0.0210
0.482775,0.0161
0.482800,0.0226
0.482825,0.0395
0.482850,0.0701
0.482875,0.1136
0.482900,0.1660
0.482925,0.2297
0.482950,0.3062
0.482975,0.3925
0.483000,0.4988
0.483025,0.6157
0.483050,0.7382
0.483075,0.8744
0.483100,1.0073
0.483125,1.1121
0.483150,1.2096
0.483175,1.2910
0.483200,1.3692
0.483225,1.4747
0.483250,1.5827
0.483275,1.6947
0.483300,1.7914
0.483325,1.8865
0.483350,1.9881
0.483375,2.0920
0.483400,2.2097
0.483425,2.3160
0.483450,2.4136
0.483475,2.5135
0.483500,2.6118
0.483525,2.7117
0.483550,2.8084
0.483575,2.8922
0.483600,2.9656
0.483625,3.0365
0.483650,3.0969
0.483675,3.1477
0.483700,3.1896
0.483725,3.2186
0.483750,3.2363
0.483775,3.2460
0.483800,3.2468
0.483825,3.2379
0.483850,3.2186
0.483875,3.1864
0.483900,3.1421
0.483925,3.0913
0.483950,3.0308
0.483975,2.9591
0.484000,2.8850
0.484025,2.7971
0.484050,2.7053
0.484075,2.6134
0.484100,2.5111
0.484125,2.4136
0.484150,2.3168
0.484175,2.2177
0.484200,2.1130
0.484225,2.0010
0.484250,1.8873
0.484275,1.7801
0.484300,1.6899
0.484325,1.5908
0.484350,1.4884
0.484375,1.3716
0.484400,1.2314
0.484425,1.0968
0.484450,0.9485
0.484475,0.8010
0.484500,0.6713
0.484525,0.5536
0.484550,0.4505
0.484575,0.3602
0.484600,0.2756
0.484625,0.2015
0.484650,0.1402
0.484675,0.0919
0.484700,0.0572
0.484725,0.0347
0.484750,0.0210
0.484775,0.0169
0.484800,0.0218
0.484825,0.0387
0.484850,0.0701
0.484875,0.1120
0.484900,0.1644
0.484925,0.2289
0.484950,0.3078
0.484975,0.4013
0.485000,0.5045
0.485025,0.6165
0.485050,0.7325
0.485075,0.8631
0.485100,0.9856
0.485125,1.0968
0.485150,1.1999
0.485175,1.2902
0.485200,1.3885
0.485225,1.4812
0.485250,1.5787
0.485275,1.6730
0.485300,1.7689
0.485325,1.8777
0.485350,1.9913
0.485375,2.1089
0.485400,2.2153
0.485425,2.3193
0.485450,2.4144
0.485475,2.5127
0.485500,2.6182
0.485525,2.7133
0.485550,2.8060
0.485575,2.8850
0.485600,2.9591
0.485625,3.0341
0.485650,3.0961
0.485675,3.1509
0.485700,3.1912
0.485725,3.2186
0.485750,3.2371
0.485775,3.2460
0.485800,3.2476
0.485825,3.2379
0.485850,3.2170
0.485875,3.1832
0.485900,3.1396
0.485925,3.0905
0.485950,3.0316
0.485975,2.9648
0.486000,2.8842
0.486025,2.7963
0.486050,2.7061
0.486075,2.6142
0.486100,2.5215
0.486125,2.4168
0.486150,2.3120
0.486175,2.2016
0.486200,2.0968
0.486225,1.9961
0.486250,1.8954
0.486275,1.8027
0.486300,1.6947
0.486325,1.5932
0.486350,1.4868
0.486375,1.3595
0.486400,1.2273
0.486425,1.0944
0.486450,0.9485
0.486475,0.8099
0.486500,0.6834
0.486525,0.5585
0.486550,0.4505
0.486575,0.3562
0.486600,0.2724
0.486625,0.2007
0.486650,0.1402
0.486675,0.0927
0.486700,0.0572
0.486725,0.0338
0.486750,0.0201
0.486775,0.0161
0.486800,0.0218
0.486825,0.0387
0.486850,0.0693
0.486875,0.1112
0.486900,0.1652
0.486925,0.2297
0.486950,0.3070
0.486975,0.3989
0.487000,0.4972
0.487025,0.6149
0.487050,0.7390
0.487075,0.8679
0.487100,1.0009
0.487125,1.1129
0.487150,1.2177
0.487175,1.3168
0.487200,1.3958
0.487225,1.4852
0.487250,1.5779
0.487275,1.6722
0.487300,1.7842
0.487325,1.8833
0.487350,1.9881
0.487375,2.0936
0.487400,2.1984
0.487425,2.3112
0.487450,2.4160
0.487475,2.5240
0.487500,2.6223
0.487525,2.7166
0.487550,2.8060
0.487575,2.8842
0.487600,2.9623
0.487625,3.0341
0.487650,3.0969
0.487675,3.1485
0.487700,3.1888
0.487725,3.2186
0.487750,3.2371
0.487775,3.2468
0.487800,3.2484
0.487825,3.2388
0.487850,3.2178
0.487875,3.1848
0.487900,3.1429
0.487925,3.0913
0.487950,3.0308
0.487975,2.9583
0.488000,2.8793
0.488025,2.7955
0.488050,2.7093
0.488075,2.6255
0.488100,2.5223
0.488125,2.4184
0.488150,2.3120
0.488175,2.2032
0.488200,2.1105
0.488225,1.9985
0.488250,1.8881
0.488275,1.7777
0.488300,1.6722
0.488325,1.5843
0.488350,1.4836
0.488375,1.3643
0.488400,1.2330
0.488425,1.0936
0.488450,0.9493
0.488475,0.8123
0.488500,0.6777
0.488525,0.5552
0.488550,0.4505
0.488575,0.3594
0.488600,0.2772
0.488625,0.2023
0.488650,0.1402
0.488675,0.0919
0.488700,0.0564
0.488725,0.0330
0.488750,0.0201
0.488775,0.0153
0.488800,0.0218
0.488825,0.0387
0.488850,0.0701
0.488875,0.1136
0.488900,0.1668
0.488925,0.2297
0.488950,0.3046
0.488975,0.3925
0.489000,0.4980
0.489025,0.6157
0.489050,0.7390
0.489075,0.8744
0.489100,1.0089
0.489125,1.1121
0.489150,1.2088
0.489175,1.2910
0.489200,1.3684
0.489225,1.4747
0.489250,1.5827
0.489275,1.6947
0.489300,1.7922
0.489325,1.8865
0.489350,1.9889
0.489375,2.0928
0.489400,2.2097
0.489425,2.3168
0.489450,2.4144
0.489475,2.5143
0.489500,2.6118
0.489525,2.7117
0.489550,2.8084
0.489575,2.8922
0.489600,2.9656
0.489625,3.0373
0.489650,3.0977
0.489675,3.1485
0.489700,3.1912
0.489725,3.2194
0.489750,3.2371
0.489775,3.2468
0.489800,3.2468
0.489825,3.2379
0.489850,3.2186
0.489875,3.1864
0.489900,3.1421
0.489925,3.0897
0.489950,3.0300
0.489975,2.9599
0.490000,2.8850
0.490025,2.7963
0.490050,2.7045
0.490075,2.6118
0.490100,2.5111
0.490125,2.4160
0.490150,2.3177
0.490175,2.2193
0.490200,2.1138
0.490225,2.0010
0.490250,1.8881
0.490275,1.7801
0.490300,1.6899
0.490325,1.5892
0.490350,1.4876
0.490375,1.3716
0.490400,1.2305
0.490425,1.0976
0.490450,0.9485
0.490475,0.8002
0.490500,0.6721
0.490525,0.5528
0.490550,0.4505
0.490575,0.3602
0.490600,0.2748
0.490625,0.2007
0.490650,0.1394
0.490675,0.0911
0.490700,0.0580
0.490725,0.0338
0.490750,0.0210
0.490775,0.0161
0.490800,0.0218
0.490825,0.0395
0.490850,0.0701
0.490875,0.1128
0.490900,0.1652
0.490925,0.2289
0.490950,0.3078
0.490975,0.4005
0.491000,0.5037
0.491025,0.6157
0.491050,0.7325
0.491075,0.8623
0.491100,0.9848
0.491125,1.0968
0.491150,1.2007
0.491175,1.2902
0.491200,1.3885
0.491225,1.4812
0.491250,1.5779
0.491275,1.6722
0.491300,1.7689
0.491325,1.8777
0.491350,1.9913
0.491375,2.1097
0.491400,2.2161
0.491425,2.3193
0.491450,2.4144
0.491475,2.5127
0.491500,2.6182
0.491525,2.7149
0.491550,2.8068
0.491575,2.8858
0.491600,2.9599
0.491625,3.0333
0.491650,3.0969
0.491675,3.1509
0.491700,3.1912
0.491725,3.2186
0.491750,3.2371
0.491775,3.2460
0.491800,3.2460
0.491825,3.2371
0.491850,3.2170
0.491875,3.1832
0.491900,3.1396
0.491925,3.0905
0.491950,3.0316
0.491975,2.9640
0.492000,2.8850
0.492025,2.7971
0.492050,2.7053
0.492075,2.6150
0.492100,2.5215
0.492125,2.4176
0.492150,2.3128
0.492175,2.2024
0.492200,2.0968
0.492225,1.9953
0.492250,1.8946
0.492275,1.8019
0.492300,1.6947
0.492325,1.5940
0.492350,1.4868
0.492375,1.3587
0.492400,1.2265
0.492425,1.0944
0.492450,0.9477
0.492475,0.8091
0.492500,0.6834
0.492525,0.5577
0.492550,0.4505
0.492575,0.3562
0.492600,0.2732
0.492625,0.2007
0.492650,0.1402
0.492675,0.0927
0.492700,0.0572
0.492725,0.0338
0.492750,0.0201
0.492775,0.0161
0.492800,0.0218
0.492825,0.0395
0.492850,0.0693
0.492875,0.1112
0.492900,0.1652
0.492925,0.2289
0.492950,0.3070
0.492975,0.3989
0.493000,0.4980
0.493025,0.6149
0.493050,0.7390
0.493075,0.8671
0.493100,1.0001
0.493125,1.1129
0.493150,1.2168
0.493175,1.3168
0.493200,1.3949
0.493225,1.4852
0.493250,1.5787
0.493275,1.6714
0.493300,1.7850
0.493325,1.8833
0.493350,1.9881
0.493375,2.0944
0.493400,2.2000
0.493425,2.3128
0.493450,2.4168
0.493475,2.5248
0.493500,2.6223
0.493525,2.7149
0.493550,2.8060
0.493575,2.8842
0.493600,2.9623
0.493625,3.0349
0.493650,3.0961
0.493675,3.1477
0.493700,3.1888
0.493725,3.2178
0.493750,3.2363
0.493775,3.2468
0.493800,3.2468
0.493825,3.2379
0.493850,3.2186
0.493875,3.1848
0.493900,3.1429
0.493925,3.0905
0.493950,3.0300
0.493975,2.9583
0.494000,2.8801
0.494025,2.7963
0.494050,2.7093
0.494075,2.6255
0.494100,2.5223
0.494125,2.4176
0.494150,2.3128
0.494175,2.2024
0.494200,2.1105
0.494225,1.9993
0.494250,1.8881
0.494275,1.7785
0.494300,1.6722
0.494325,1.5859
0.494350,1.4836
0.494375,1.3643
0.494400,1.2338
0.494425,1.0927
0.494450,0.9493
0.494475,0.8131
0.494500,0.6761
0.494525,0.5560
0.494550,0.4513
0.494575,0.3602
0.494600,0.2780
0.494625,0.2023
0.494650,0.1402
0.494675,0.0911
0.494700,0.0564
0.494725,0.0338
0.494750,0.0201
0.494775,0.0161
0.494800,0.0218
0.494825,0.0387
0.494850,0.0701
0.494875,0.1136
0.494900,0.1660
0.494925,0.2297
0.494950,0.3046
0.494975,0.3916
0.495000,0.4980
0.495025,0.6149
0.495050,0.7382
0.495075,0.8744
0.495100,1.0081
0.495125,1.1121
0.495150,1.2080
0.495175,1.2894
0.495200,1.3684
0.495225,1.4731
0.495250,1.5819
0.495275,1.6939
0.495300,1.7906
0.495325,1.8865
0.495350,1.9881
0.495375,2.0928
0.495400,2.2105
0.495425,2.3168
0.495450,2.4160
0.495475,2.5143
0.495500,2.6110
0.495525,2.7109
0.495550,2.8052
0.495575,2.8898
0.495600,2.9648
0.495625,3.0357
0.495650,3.0969
0.495675,3.1485
0.495700,3.1896
0.495725,3.2186
0.495750,3.2363
0.495775,3.2468
0.495800,3.2476
0.495825,3.2388
0.495850,3.2194
0.495875,3.1864
0.495900,3.1429
0.495925,3.0913
0.495950,3.0300
0.495975,2.9607
0.496000,2.8842
0.496025,2.7963
0.496050,2.7053
0.496075,2.6126
0.496100,2.5127
0.496125,2.4152
0.496150,2.3177
0.496175,2.2193
0.496200,2.1130
0.496225,2.0001
0.496250,1.8881
0.496275,1.7793
0.496300,1.6883
0.496325,1.5900
0.496350,1.4868
0.496375,1.3716
0.496400,1.2322
0.496425,1.0968
0.496450,0.9485
0.496475,0.8010
0.496500,0.6721
0.496525,0.5536
0.496550,0.4505
0.496575,0.3610
0.496600,0.2748
0.496625,0.2007
0.496650,0.1402
0.496675,0.0919
0.496700,0.0572
0.496725,0.0347
0.496750,0.0210
0.496775,0.0161
0.496800,0.0218
0.496825,0.0395
0.496850,0.0693
0.496875,0.1128
0.496900,0.1644
0.496925,0.2289
0.496950,0.3086
0.496975,0.4021
0.497000,0.5053
0.497025,0.6173
0.497050,0.7333
0.497075,0.8631
0.497100,0.9856
0.497125,1.0968
0.497150,1.1999
0.497175,1.2886
0.497200,1.3877
0.497225,1.4796
0.497250,1.5771
0.497275,1.6730
0.497300,1.7689
0.497325,1.8777
0.497350,1.9913
0.497375,2.1097
0.497400,2.2153
0.497425,2.3185
0.497450,2.4152
0.497475,2.5127
0.497500,2.6182
0.497525,2.7149
0.497550,2.8068
0.497575,2.8858
0.497600,2.9591
0.497625,3.0341
0.497650,3.0961
0.497675,3.1501
0.497700,3.1912
0.497725,3.2186
0.497750,3.2379
0.497775,3.2460
0.497800,3.2468
0.497825,3.2379
0.497850,3.2170
0.497875,3.1840
0.497900,3.1421
0.497925,3.0905
0.497950,3.0333
0.497975,2.9664
0.498000,2.8850
0.498025,2.7979
0.498050,2.7061
0.498075,2.6142
0.498100,2.5207
0.498125,2.4168
0.498150,2.3112
0.498175,2.2016
0.498200,2.0977
0.498225,1.9953
0.498250,1.8962
0.498275,1.8027
0.498300,1.6947
0.498325,1.5932
0.498350,1.4868
0.498375,1.3587
0.498400,1.2273
0.498425,1.0952
0.498450,0.9485
0.498475,0.8107
0.498500,0.6842
0.498525,0.5585
0.498550,0.4513
0.498575,0.3562
0.498600,0.2724
0.498625,0.2007
0.498650,0.1402
0.498675,0.0927
0.498700,0.0572
0.498725,0.0322
0.498750,0.0193
0.498775,0.0153
0.498800,0.0201
0.498825,0.0387
0.498850,0.0693
0.498875,0.1112
0.498900,0.1644
0.498925,0.2297
0.498950,0.3070
0.498975,0.3981
0.499000,0.4980
0.499025,0.6149
0.499050,0.7382
0.499075,0.8671
0.499100,1.0001
0.499125,1.1129
0.499150,1.2177
0.499175,1.3168
0.499200,1.3958
0.499225,1.4844
0.499250,1.5771
0.499275,1.6714
0.499300,1.7850
0.499325,1.8833
0.499350,1.9881
0.499375,2.0944
0.499400,2.1984
0.499425,2.3120
0.499450,2.4168
0.499475,2.5232
0.499500,2.6231
0.499525,2.7158
0.499550,2.8060
0.499575,2.8850
0.499600,2.9623
0.499625,3.0349
0.499650,3.0969
0.499675,3.1493
0.499700,3.1888
0.499725,3.2186
0.499750,3.2363
0.499775,3.2468
0.499800,3.2476
0.499825,3.2379
0.499850,3.2178
0.499875,3.1848
0.499900,3.1429
0.499925,3.0913
0.499950,3.0300
0.499975,2.9591
0.500000,2.7681
0.500025,2.7979
0.500050,2.8205
0.500075,2.8769
0.500100,2.9607
0.500125,3.0341
0.500150,3.0977
0.500175,3.1493
0.500200,3.1904
0.500225,3.2178
0.500250,3.2363
0.500275,3.2460
0.500300,3.2468
0.500325,3.2388
0.500350,3.2170
0.500375,3.1840
0.500400,3.1421
0.500425,3.0905
0.500450,3.0341
0.500475,2.9664
0.500500,2.8850
0.500525,2.7979
0.500550,2.7061
0.500575,2.6150
0.500600,2.5215
0.500625,2.4168
0.500650,2.3120
0.500675,2.2016
0.500700,2.0968
0.500725,1.9961
0.500750,1.8954
0.500775,1.8019
0.500800,1.6947
0.500825,1.5932
0.500850,1.4868
0.500875,1.3595
0.500900,1.2273
0.500925,1.0952
0.500950,0.9485
0.500975,0.8107
0.501000,0.6834
0.501025,0.5577
0.501050,0.4505
0.501075,0.3562
0.501100,0.2732
0.501125,0.2007
0.501150,0.1402
0.501175,0.0919
0.501200,0.0572
0.501225,0.0338
0.501250,0.0201
0.501275,0.0161
0.501300,0.0210
0.501325,0.0395
0.501350,0.0693
0.501375,0.1112
0.501400,0.1652
0.501425,0.2297
0.501450,0.3086
0.501475,0.3989
0.501500,0.4980
0.501525,0.6157
0.501550,0.7390
0.501575,0.8679
0.501600,1.0009
0.501625,1.1137
0.501650,1.2185
0.501675,1.3176
0.501700,1.3966
0.501725,1.4852
0.501750,1.5779
0.501775,1.6722
0.501800,1.7842
0.501825,1.8833
0.501850,1.9889
0.501875,2.0936
0.501900,2.1992
0.501925,2.3120
0.501950,2.4152
0.501975,2.5240
0.502000,2.6231
0.502025,2.7158
0.502050,2.8076
0.502075,2.8850
0.502100,2.9632
0.502125,3.0357
0.502150,3.0961
0.502175,3.1493
0.502200,3.1896
0.502225,3.2178
0.502250,3.2379
0.502275,3.2468
0.502300,3.2476
0.502325,3.2388
0.502350,3.2178
0.502375,3.1848
0.502400,3.1421
0.502425,3.0897
0.502450,3.0300
0.502475,2.9575
0.502500,2.8793
0.502525,2.7955
0.502550,2.7077
0.502575,2.6239
0.502600,2.5223
0.502625,2.4176
0.502650,2.3128
0.502675,2.2024
0.502700,2.1097
0.502725,1.9985
0.502750,1.8865
0.502775,1.7777
0.502800,1.6722
0.502825,1.5843
0.502850,1.4844
0.502875,1.3643
0.502900,1.2330
0.502925,1.0927
0.502950,0.9493
0.502975,0.8123
0.503000,0.6769
0.503025,0.5552
0.503050,0.4505
0.503075,0.3594
0.503100,0.2772
0.503125,0.2023
0.503150,0.1410
0.503175,0.0911
0.503200,0.0564
0.503225,0.0338
0.503250,0.0210
0.503275,0.0161
0.503300,0.0210
0.503325,0.0403
0.503350,0.0701
0.503375,0.1144
0.503400,0.1676
0.503425,0.2297
0.503450,0.3062
0.503475,0.3933
0.503500,0.4988
0.503525,0.6157
0.503550,0.7382
0.503575,0.8736
0.503600,1.0081
0.503625,1.1113
0.503650,1.2088
0.503675,1.2902
0.503700,1.3684
0.503725,1.4739
0.503750,1.5827
0.503775,1.6939
0.503800,1.7906
0.503825,1.8865
0.503850,1.9873
0.503875,2.0920
0.503900,2.2105
0.503925,2.3160
0.503950,2.4152
0.503975,2.5143
0.504000,2.6110
0.504025,2.7117
0.504050,2.8068
0.504075,2.8906
0.504100,2.9656
0.504125,3.0357
0.504150,3.0961
0.504175,3.1485
0.504200,3.1896
0.504225,3.2194
0.504250,3.2371
0.504275,3.2452
0.504300,3.2468
0.504325,3.2371
0.504350,3.2186
0.504375,3.1872
0.504400,3.1429
0.504425,3.0913
0.504450,3.0300
0.504475,2.9599
0.504500,2.8850
0.504525,2.7963
0.504550,2.7061
0.504575,2.6134
0.504600,2.5127
0.504625,2.4152
0.504650,2.3177
0.504675,2.2193
0.504700,2.1130
0.504725,2.0010
0.504750,1.8873
0.504775,1.7801
0.504800,1.6899
0.504825,1.5900
0.504850,1.4876
0.504875,1.3708
0.504900,1.2314
0.504925,1.0968
0.504950,0.9477
0.504975,0.7994
0.505000,0.6713
0.505025,0.5520
0.505050,0.4497
0.505075,0.3610
0.505100,0.2748
0.505125,0.2015
0.505150,0.1394
0.505175,0.0911
0.505200,0.0580
0.505225,0.0338
0.505250,0.0210
0.505275,0.0161
0.505300,0.0210
0.505325,0.0395
0.505350,0.0701
0.505375,0.1128
0.505400,0.1644
0.505425,0.2297
0.505450,0.3078
0.505475,0.4005
0.505500,0.5045
0.505525,0.6165
0.505550,0.7333
0.505575,0.8639
0.505600,0.9864
0.505625,1.0968
0.505650,1.2007
0.505675,1.2894
0.505700,1.3885
0.505725,1.4812
0.505750,1.5771
0.505775,1.6730
0.505800,1.7681
0.505825,1.8777
0.505850,1.9913
0.505875,2.1097
0.505900,2.2161
0.505925,2.3193
0.505950,2.4152
0.505975,2.5119
0.506000,2.6182
0.506025,2.7141
0.506050,2.8060
0.506075,2.8858
0.506100,2.9599
0.506125,3.0333
0.506150,3.0961
0.506175,3.1509
0.506200,3.1904
0.506225,3.2194
0.506250,3.2371
0.506275,3.2468
0.506300,3.2476
0.506325,3.2379
0.506350,3.2170
0.506375,3.1840
0.506400,3.1404
0.506425,3.0905
0.506450,3.0325
0.506475,2.9648
0.506500,2.8850
0.506525,2.7963
0.506550,2.7053
0.506575,2.6134
0.506600,2.5207
0.506625,2.4176
0.506650,2.3120
0.506675,2.2016
0.506700,2.0968
0.506725,1.9953
0.506750,1.8954
0.506775,1.8019
0.506800,1.6947
0.506825,1.5932
0.506850,1.4868
0.506875,1.3595
0.506900,1.2265
0.506925,1.0944
0.506950,0.9477
0.506975,0.8099
0.507000,0.6834
0.507025,0.5577
0.507050,0.4505
0.507075,0.3554
0.507100,0.2724
0.507125,0.2007
0.507150,0.1402
0.507175,0.0919
0.507200,0.0572
0.507225,0.0330
0.507250,0.0201
0.507275,0.0161
0.507300,0.0218
0.507325,0.0387
0.507350,0.0693
0.507375,0.1112
0.507400,0.1644
0.507425,0.2297
0.507450,0.3078
0.507475,0.3989
0.507500,0.4980
0.507525,0.6157
0.507550,0.7390
0.507575,0.8687
0.507600,1.0009
0.507625,1.1137
0.507650,1.2177
0.507675,1.3168
0.507700,1.3958
0.507725,1.4844
0.507750,1.5787
0.507775,1.6714
0.507800,1.7850
0.507825,1.8841
0.507850,1.9881
0.507875,2.0944
0.507900,2.1992
0.507925,2.3128
0.507950,2.4168
0.507975,2.5240
0.508000,2.6223
0.508025,2.7158
0.508050,2.8068
0.508075,2.8850
0.508100,2.9623
0.508125,3.0349
0.508150,3.0969
0.508175,3.1485
0.508200,3.1896
0.508225,3.2178
0.508250,3.2363
0.508275,3.2468
0.508300,3.2468
0.508325,3.2388
0.508350,3.2178
0.508375,3.1848
0.508400,3.1437
0.508425,3.0913
0.508450,3.0308
0.508475,2.9583
0.508500,2.8801
0.508525,2.7955
0.508550,2.7093
0.508575,2.6247
0.508600,2.5223
0.508625,2.4184
0.508650,2.3120
0.508675,2.2032
0.508700,2.1105
0.508725,1.9993
0.508750,1.8881
0.508775,1.7785
0.508800,1.6722
0.508825,1.5843
0.508850,1.4836
0.508875,1.3635
0.508900,1.2330
0.508925,1.0927
0.508950,0.9485
0.508975,0.8131
0.509000,0.6769
0.509025,0.5544
0.509050,0.4505
0.509075,0.3594
0.509100,0.2772
0.509125,0.2023
0.509150,0.1402
0.509175,0.0911
0.509200,0.0564
0.509225,0.0330
0.509250,0.0201
0.509275,0.0161
0.509300,0.0218
0.509325,0.0395
0.509350,0.0701
0.509375,0.1136
0.509400,0.1668
0.509425,0.2297
0.509450,0.3046
0.509475,0.3925
0.509500,0.4972
0.509525,0.6149
0.509550,0.7382
0.509575,0.8736
0.509600,1.0081
0.509625,1.1121
0.509650,1.2088
0.509675,1.2902
0.509700,1.3684
0.509725,1.4739
0.509750,1.5819
0.509775,1.6939
0.509800,1.7906
0.509825,1.8865
0.509850,1.9881
0.509875,2.0928
0.509900,2.2105
0.509925,2.3160
0.509950,2.4152
0.509975,2.5143
0.510000,2.6118
0.510025,2.7117
0.510050,2.8076
0.510075,2.8914
0.510100,2.9656
0.510125,3.0365
0.510150,3.0961
0.510175,3.1485
0.510200,3.1888
0.510225,3.2178
0.510250,3.2363
0.510275,3.2460
0.510300,3.2468
0.510325,3.2388
0.510350,3.2186
0.510375,3.1856
0.510400,3.1429
0.510425,3.0905
0.510450,3.0308
0.510475,2.9599
0.510500,2.8842
0.510525,2.7971
0.510550,2.7053
0.510575,2.6134
0.510600,2.5119
0.510625,2.4144
0.510650,2.3168
0.510675,2.2185
0.510700,2.1130
0.510725,2.0001
0.510750,1.8881
0.510775,1.7793
0.510800,1.6899
0.510825,1.5900
0.510850,1.4884
0.510875,1.3724
0.510900,1.2314
0.510925,1.0968
0.510950,0.9477
0.510975,0.8002
0.511000,0.6713
0.511025,0.5528
0.511050,0.4505
0.511075,0.3602
0.511100,0.2756
0.511125,0.2007
0.511150,0.1402
0.511175,0.0919
0.511200,0.0580
0.511225,0.0347
0.511250,0.0210
0.511275,0.0161
0.511300,0.0218
0.511325,0.0387
0.511350,0.0701
0.511375,0.1128
0.511400,0.1644
0.511425,0.2297
0.511450,0.3078
0.511475,0.4013
0.511500,0.5045
0.511525,0.6165
0.511550,0.7325
0.511575,0.8631
0.511600,0.9856
0.511625,1.0968
0.511650,1.2007
0.511675,1.2902
0.511700,1.3885
0.511725,1.4820
0.511750,1.5787
0.511775,1.6738
0.511800,1.7697
0.511825,1.8777
0.511850,1.9905
0.511875,2.1089
0.511900,2.2153
0.511925,2.3185
0.511950,2.4144
0.511975,2.5119
0.512000,2.6182
0.512025,2.7141
0.512050,2.8068
0.512075,2.8858
0.512100,2.9591
0.512125,3.0333
0.512150,3.0961
0.512175,3.1501
0.512200,3.1904
0.512225,3.2194
0.512250,3.2371
0.512275,3.2460
0.512300,3.2476
0.512325,3.2379
0.512350,3.2178
0.512375,3.1832
0.512400,3.1404
0.512425,3.0905
0.512450,3.0316
0.512475,2.9648
0.512500,2.8850
0.512525,2.7963
0.512550,2.7061
0.512575,2.6142
0.512600,2.5207
0.512625,2.4168
0.512650,2.3120
0.512675,2.2016
0.512700,2.0968
0.512725,1.9953
0.512750,1.8954
0.512775,1.8011
0.512800,1.6939
0.512825,1.5916
0.512850,1.4860
0.512875,1.3587
0.512900,1.2257
0.512925,1.0944
0.512950,0.9477
0.512975,0.8091
0.513000,0.6842
0.513025,0.5577
0.513050,0.4513
0.513075,0.3562
0.513100,0.2724
0.513125,0.1999
0.513150,0.1394
0.513175,0.0919
0.513200,0.0572
0.513225,0.0338
0.513250,0.0201
0.513275,0.0161
0.513300,0.0218
0.513325,0.0387
0.513350,0.0693
0.513375,0.1112
0.513400,0.1644
0.513425,0.2297
0.513450,0.3070
0.513475,0.3981
0.513500,0.4972
0.513525,0.6149
0.513550,0.7390
0.513575,0.8679
0.513600,1.0009
0.513625,1.1137
0.513650,1.2185
0.513675,1.3176
0.513700,1.3966
0.513725,1.4844
0.513750,1.5779
0.513775,1.6722
0.513800,1.7842
0.513825,1.8841
0.513850,1.9881
0.513875,2.0944
0.513900,2.1992
0.513925,2.3112
0.513950,2.4160
0.513975,2.5232
0.514000,2.6223
0.514025,2.7158
0.514050,2.8068
0.514075,2.8850
0.514100,2.9632
0.514125,3.0357
0.514150,3.0961
0.514175,3.1493
0.514200,3.1896
0.514225,3.2186
0.514250,3.2379
0.514275,3.2468
0.514300,3.2468
0.514325,3.2379
0.514350,3.2162
0.514375,3.1832
0.514400,3.1421
0.514425,3.0889
0.514450,3.0300
0.514475,2.9583
0.514500,2.8793
0.514525,2.7963
0.514550,2.7085
0.514575,2.6247
0.514600,2.5223
0.514625,2.4176
0.514650,2.3128
0.514675,2.2024
0.514700,2.1105
0.514725,1.9985
0.514750,1.8873
0.514775,1.7785
0.514800,1.6722
0.514825,1.5859
0.514850,1.4836
0.514875,1.3635
0.514900,1.2330
0.514925,1.0919
0.514950,0.9485
0.514975,0.8115
0.515000,0.6761
0.515025,0.5552
0.515050,0.4497
0.515075,0.3602
0.515100,0.2772
0.515125,0.2023
0.515150,0.1402
0.515175,0.0911
0.515200,0.0572
0.515225,0.0338
0.515250,0.0201
0.515275,0.0161
0.515300,0.0218
0.515325,0.0395
0.515350,0.0701
0.515375,0.1136
0.515400,0.1668
0.515425,0.2289
0.515450,0.3054
0.515475,0.3925
0.515500,0.4980
0.515525,0.6157
0.515550,0.7382
0.515575,0.8736
0.515600,1.0081
0.515625,1.1113
0.515650,1.2080
0.515675,1.2902
0.515700,1.3684
0.515725,1.4739
0.515750,1.5819
0.515775,1.6939
0.515800,1.7906
0.515825,1.8865
0.515850,1.9881
0.515875,2.0928
0.515900,2.2097
0.515925,2.3168
0.515950,2.4144
0.515975,2.5143
0.516000,2.6110
0.516025,2.7117
0.516050,2.8076
0.516075,2.8906
0.516100,2.9656
0.516125,3.0357
0.516150,3.0969
0.516175,3.1477
0.516200,3.1896
0.516225,3.2186
0.516250,3.2363
0.516275,3.2468
0.516300,3.2476
0.516325,3.2388
0.516350,3.2194
0.516375,3.1872
0.516400,3.1429
0.516425,3.0913
0.516450,3.0308
0.516475,2.9591
0.516500,2.8850
0.516525,2.7963
0.516550,2.7045
0.516575,2.6126
0.516600,2.5111
0.516625,2.4144
0.516650,2.3177
0.516675,2.2185
0.516700,2.1130
0.516725,2.0001
0.516750,1.8873
0.516775,1.7801
0.516800,1.6899
0.516825,1.5900
0.516850,1.4876
0.516875,1.3716
0.516900,1.2314
0.516925,1.0976
0.516950,0.9485
0.516975,0.8010
0.517000,0.6721
0.517025,0.5528
0.517050,0.4505
0.517075,0.3602
0.517100,0.2748
0.517125,0.2015
0.517150,0.1394
0.517175,0.0911
0.517200,0.0572
0.517225,0.0338
0.517250,0.0210
0.517275,0.0161
0.517300,0.0218
0.517325,0.0395
0.517350,0.0701
0.517375,0.1128
0.517400,0.1652
0.517425,0.2297
0.517450,0.3086
0.517475,0.4013
0.517500,0.5053
0.517525,0.6165
0.517550,0.7325
0.517575,0.8631
0.517600,0.9848
0.517625,1.0968
0.517650,1.2007
0.517675,1.2902
0.517700,1.3885
0.517725,1.4812
0.517750,1.5779
0.517775,1.6730
0.517800,1.7689
0.517825,1.8777
0.517850,1.9913
0.517875,2.1097
0.517900,2.2161
0.517925,2.3193
0.517950,2.4144
0.517975,2.5127
0.518000,2.6182
0.518025,2.7141
0.518050,2.8068
0.518075,2.8858
0.518100,2.9591
0.518125,3.0333
0.518150,3.0969
0.518175,3.1509
0.518200,3.1912
0.518225,3.2186
0.518250,3.2363
0.518275,3.2460
0.518300,3.2468
0.518325,3.2379
0.518350,3.2170
0.518375,3.1832
0.518400,3.1404
0.518425,3.0905
0.518450,3.0325
0.518475,2.9648
0.518500,2.8850
0.518525,2.7971
0.518550,2.7061
0.518575,2.6142
0.518600,2.5215
0.518625,2.4168
0.518650,2.3120
0.518675,2.2008
0.518700,2.0968
0.518725,1.9953
0.518750,1.8946
0.518775,1.8019
0.518800,1.6939
0.518825,1.5932
0.518850,1.4868
0.518875,1.3595
0.518900,1.2273
0.518925,1.0952
0.518950,0.9493
0.518975,0.8107
0.519000,0.6842
0.519025,0.5585
0.519050,0.4505
0.519075,0.3562
0.519100,0.2724
0.519125,0.1999
0.519150,0.1394
0.519175,0.0919
0.519200,0.0564
0.519225,0.0338
0.519250,0.0201
0.519275,0.0161
0.519300,0.0218
0.519325,0.0387
0.519350,0.0693
0.519375,0.1112
0.519400,0.1652
0.519425,0.2297
0.519450,0.3078
0.519475,0.3989
0.519500,0.4980
0.519525,0.6157
0.519550,0.7390
0.519575,0.8679
0.519600,1.0009
0.519625,1.1137
0.519650,1.2177
0.519675,1.3176
0.519700,1.3958
0.519725,1.4852
0.519750,1.5779
0.519775,1.6714
0.519800,1.7850
0.519825,1.8833
0.519850,1.9889
0.519875,2.0944
0.519900,2.1984
0.519925,2.3112
0.519950,2.4160
0.519975,2.5232
0.520000,2.6223
0.520025,2.7158
0.520050,2.8060
0.520075,2.8850
0.520100,2.9632
0.520125,3.0357
0.520150,3.0969
0.520175,3.1493
0.520200,3.1896
0.520225,3.2186
0.520250,3.2371
0.520275,3.2468
0.520300,3.2468
0.520325,3.2379
0.520350,3.2178
0.520375,3.1840
0.520400,3.1429
0.520425,3.0905
0.520450,3.0292
0.520475,2.9583
0.520500,2.8793
0.520525,2.7963
0.520550,2.7093
0.520575,2.6247
0.520600,2.5223
0.520625,2.4184
0.520650,2.3128
0.520675,2.2032
0.520700,2.1114
0.520725,1.9993
0.520750,1.8881
0.520775,1.7785
0.520800,1.6722
0.520825,1.5843
0.520850,1.4836
0.520875,1.3635
0.520900,1.2330
0.520925,1.0927
0.520950,0.9485
0.520975,0.8123
0.521000,0.6769
0.521025,0.5544
0.521050,0.4497
0.521075,0.3586
0.521100,0.2764
0.521125,0.2023
0.521150,0.1402
0.521175,0.0911
0.521200,0.0564
0.521225,0.0338
0.521250,0.0210
0.521275,0.0169
0.521300,0.0218
0.521325,0.0395
0.521350,0.0701
0.521375,0.1136
0.521400,0.1660
0.521425,0.2297
0.521450,0.3046
0.521475,0.3925
0.521500,0.4988
0.521525,0.6157
0.521550,0.7398
0.521575,0.8752
0.521600,1.0097
0.521625,1.1129
0.521650,1.2096
0.521675,1.2918
0.521700,1.3692
0.521725,1.4747
0.521750,1.5827
0.521775,1.6939
0.521800,1.7914
0.521825,1.8873
0.521850,1.9889
0.521875,2.0928
0.521900,2.2105
0.521925,2.3168
0.521950,2.4152
0.521975,2.5143
0.522000,2.6110
0.522025,2.7117
0.522050,2.8076
0.522075,2.8906
0.522100,2.9656
0.522125,3.0357
0.522150,3.0961
0.522175,3.1477
0.522200,3.1896
0.522225,3.2186
0.522250,3.2379
0.522275,3.2468
0.522300,3.2476
0.522325,3.2388
0.522350,3.2186
0.522375,3.1864
0.522400,3.1429
0.522425,3.0913
0.522450,3.0308
0.522475,2.9599
0.522500,2.8850
0.522525,2.7971
0.522550,2.7061
0.522575,2.6142
0.522600,2.5135
0.522625,2.4160
0.522650,2.3185
0.522675,2.2193
0.522700,2.1130
0.522725,2.0010
0.522750,1.8881
0.522775,1.7801
0.522800,1.6891
0.522825,1.5908
0.522850,1.4884
0.522875,1.3724
0.522900,1.2314
0.522925,1.0968
0.522950,0.9485
0.522975,0.8002
0.523000,0.6721
0.523025,0.5528
0.523050,0.4505
0.523075,0.3610
0.523100,0.2748
0.523125,0.2015
0.523150,0.1402
0.523175,0.0911
0.523200,0.0572
0.523225,0.0338
0.523250,0.0201
0.523275,0.0169
0.523300,0.0218
0.523325,0.0395
0.523350,0.0701
0.523375,0.1128
0.523400,0.1644
0.523425,0.2297
0.523450,0.3078
0.523475,0.4005
0.523500,0.5045
0.523525,0.6157
0.523550,0.7333
0.523575,0.8631
0.523600,0.9872
0.523625,1.0976
0.523650,1.2015
0.523675,1.2910
0.523700,1.3885
0.523725,1.4812
0.523750,1.5779
0.523775,1.6730
0.523800,1.7681
0.523825,1.8777
0.523850,1.9913
0.523875,2.1097
0.523900,2.2161
0.523925,2.3193
0.523950,2.4152
0.523975,2.5127
0.524000,2.6190
0.524025,2.7141
0.524050,2.8068
0.524075,2.8858
0.524100,2.9591
0.524125,3.0333
0.524150,3.0961
0.524175,3.1501
0.524200,3.1896
0.524225,3.2186
0.524250,3.2363
0.524275,3.2460
0.524300,3.2476
0.524325,3.2379
0.524350,3.2186
0.524375,3.1840
0.524400,3.1404
0.524425,3.0905
0.524450,3.0316
0.524475,2.9640
0.524500,2.8850
0.524525,2.7963
0.524550,2.7053
0.524575,2.6142
0.524600,2.5207
0.524625,2.4176
0.524650,2.3128
0.524675,2.2016
0.524700,2.0977
0.524725,1.9961
0.524750,1.8954
0.524775,1.8019
0.524800,1.6947
0.524825,1.5940
0.524850,1.4868
0.524875,1.3603
0.524900,1.2273
0.524925,1.0944
0.524950,0.9493
0.524975,0.8099
0.525000,2.8052
0.525025,2.7480
0.525050,2.6924
0.525075,2.6037
0.525100,2.5151
0.525125,2.4184
0.525150,2.3112
0.525175,2.1984
0.525200,2.0928
0.525225,1.9816
0.525250,1.8817
0.525275,1.7850
0.525300,1.6754
0.525325,1.5722
0.525350,1.4675
0.525375,1.3514
0.525400,1.2305
0.525425,1.0960
0.525450,0.9477
0.525475,0.8059
0.525500,0.6785
0.525525,0.5593
0.525550,0.4569
0.525575,0.3610
0.525600,0.2764
0.525625,0.2023
0.525650,0.1418
0.525675,0.0935
0.525700,0.0580
0.525725,0.0355
0.525750,0.0210
0.525775,0.0161
0.525800,0.0218
0.525825,0.0387
0.525850,0.0701
0.525875,0.1120
0.525900,0.1676
0.525925,0.2321
0.525950,0.3111
0.525975,0.4045
0.526000,0.5045
0.526025,0.6165
0.526050,0.7333
0.526075,0.8510
0.526100,0.9735
0.526125,1.0847
0.526150,1.1886
0.526175,1.2894
0.526200,1.3700
0.526225,1.4618
0.526250,1.5593
0.526275,1.6544
0.526300,1.7689
0.526325,1.8777
0.526350,1.9913
0.526375,2.0985
0.526400,2.2040
0.526425,2.3064
0.526450,2.4031
0.526475,2.5119
0.526500,2.6118
0.526525,2.7093
0.526550,2.8004
0.526575,2.8801
0.526600,2.9599
0.526625,3.0333
0.526650,3.0961
0.526675,3.1493
0.526700,3.1904
0.526725,3.2178
0.526750,3.2355
0.526775,3.2452
0.526800,3.2460
0.526825,3.2363
0.526850,3.2162
0.526875,3.1832
0.526900,3.1412
0.526925,3.0905
0.526950,3.0333
0.526975,2.9607
0.527000,2.8801
0.527025,2.7915
0.527050,2.7004
0.527075,2.6142
0.527100,2.5103
0.527125,2.4063
0.527150,2.3015
0.527175,2.1903
0.527200,2.0977
0.527225,1.9961
0.527250,1.8946
0.527275,1.7842
0.527300,1.6770
0.527325,1.5747
0.527350,1.4691
0.527375,1.3595
0.527400,1.2386
0.527425,1.1064
0.527450,0.9598
0.527475,0.8212
0.527500,0.6834
0.527525,0.5577
0.527550,0.4505
0.527575,0.3578
0.527600,0.2732
0.527625,0.2023
0.527650,0.1410
0.527675,0.0919
0.527700,0.0580
0.527725,0.0338
0.527750,0.0201
0.527775,0.0161
0.527800,0.0218
0.527825,0.0387
0.527850,0.0693
0.527875,0.1136
0.527900,0.1668
0.527925,0.2321
0.527950,0.3095
0.527975,0.3989
0.528000,0.5061
0.528025,0.6229
0.528050,0.7470
0.528075,0.8760
0.528100,1.0001
0.528125,1.1121
0.528150,1.2160
0.528175,1.2966
0.528200,1.3756
0.528225,1.4651
0.528250,1.5585
0.528275,1.6714
0.528300,1.7697
0.528325,1.8688
0.528350,1.9736
0.528375,2.0791
0.528400,2.2000
0.528425,2.3120
0.528450,2.4160
0.528475,2.5183
0.528500,2.6158
0.528525,2.7101
0.528550,2.7996
0.528575,2.8842
0.528600,2.9599
0.528625,3.0316
0.528650,3.0937
0.528675,3.1469
0.528700,3.1880
0.528725,3.2186
0.528750,3.2363
0.528775,3.2452
0.528800,3.2460
0.528825,3.2363
0.528850,3.2162
0.528875,3.1840
0.528900,3.1396
0.528925,3.0881
0.528950,3.0268
0.528975,2.9567
0.529000,2.8793
0.529025,2.7963
0.529050,2.7101
0.529075,2.6158
0.529100,2.5143
0.529125,2.4095
0.529150,2.3040
0.529175,2.2040
0.529200,2.0960
0.529225,1.9848
0.529250,1.8728
0.529275,1.7640
0.529300,1.6722
0.529325,1.5851
0.529350,1.4844
0.529375,1.3764
0.529400,1.2459
0.529425,1.1056
0.529450,0.9614
0.529475,0.8123
0.529500,0.6826
0.529525,0.5601
0.529550,0.4561
0.529575,0.3651
0.529600,0.2772
0.529625,0.2023
0.529650,0.1402
0.529675,0.0919
0.529700,0.0564
0.529725,0.0338
0.529750,0.0201
0.529775,0.0161
0.529800,0.0218
0.529825,0.0387
0.529850,0.0701
0.529875,0.1144
0.529900,0.1660
0.529925,0.2297
0.529950,0.3054
0.529975,0.3989
0.530000,0.5053
0.530025,0.6221
0.530050,0.7446
0.530075,0.8736
0.530100,0.9864
0.530125,1.0903
0.530150,1.1870
0.530175,1.2692
0.530200,1.3684
0.530225,1.4739
0.530250,1.5827
0.530275,1.6786
0.530300,1.7761
0.530325,1.8720
0.530350,1.9719
0.530375,2.0928
0.530400,2.2000
0.530425,2.3056
0.530450,2.4055
0.530475,2.5038
0.530500,2.6118
0.530525,2.7117
0.530550,2.8060
0.530575,2.8874
0.530600,2.9615
0.530625,3.0325
0.530650,3.0929
0.530675,3.1469
0.530700,3.1896
0.530725,3.2178
0.530750,3.2363
0.530775,3.2460
0.530800,3.2460
0.530825,3.2379
0.530850,3.2186
0.530875,3.1832
0.530900,3.1412
0.530925,3.0881
0.530950,3.0284
0.530975,2.9607
0.531000,2.8785
0.531025,2.7915
0.531050,2.6988
0.531075,2.6062
0.531100,2.5119
0.531125,2.4136
0.531150,2.3168
0.531175,2.2048
0.531200,2.0985
0.531225,1.9864
0.531250,1.8744
0.531275,1.7801
0.531300,1.6714
0.531325,1.5722
0.531350,1.4699
0.531375,1.3530
0.531400,1.2314
0.531425,1.0968
0.531450,0.9477
0.531475,0.8075
0.531500,0.6785
0.531525,0.5593
0.531550,0.4577
0.531575,0.3610
0.531600,0.2756
0.531625,0.2031
0.531650,0.1410
0.531675,0.0927
0.531700,0.0580
0.531725,0.0330
0.531750,0.0201
0.531775,0.0161
0.531800,0.0210
0.531825,0.0395
0.531850,0.0701
0.531875,0.1128
0.531900,0.1676
0.531925,0.2321
0.531950,0.3103
0.531975,0.4037
0.532000,0.5037
0.532025,0.6157
0.532050,0.7325
0.532075,0.8510
0.532100,0.9735
0.532125,1.0847
0.532150,1.1886
0.532175,1.2894
0.532200,1.3700
0.532225,1.4618
0.532250,1.5585
0.532275,1.6544
0.532300,1.7681
0.532325,1.8768
0.532350,1.9913
0.532375,2.0985
0.532400,2.2048
0.532425,2.3080
0.532450,2.4031
0.532475,2.5119
0.532500,2.6126
0.532525,2.7077
0.532550,2.8012
0.532575,2.8810
0.532600,2.9599
0.532625,3.0341
0.532650,3.0961
0.532675,3.1493
0.532700,3.1904
0.532725,3.2178
0.532750,3.2363
0.532775,3.2460
0.532800,3.2460
0.532825,3.2379
0.532850,3.2162
0.532875,3.1823
0.532900,3.1412
0.532925,3.0897
0.532950,3.0325
0.532975,2.9599
0.533000,2.8793
0.533025,2.7923
0.533050,2.7004
0.533075,2.6150
0.533100,2.5103
0.533125,2.4063
0.533150,2.3015
0.533175,2.1903
0.533200,2.0968
0.533225,1.9961
0.533250,1.8954
0.533275,1.7834
0.533300,1.6762
0.533325,1.5747
0.533350,1.4675
0.533375,1.3587
0.533400,1.2394
0.533425,1.1056
0.533450,0.9606
0.533475,0.8220
0.533500,0.6834
0.533525,0.5585
0.533550,0.4513
0.533575,0.3586
0.533600,0.2756
0.533625,0.2031
0.533650,0.1418
0.533675,0.0927
0.533700,0.0580
0.533725,0.0338
0.533750,0.0210
0.533775,0.0169
0.533800,0.0218
0.533825,0.0395
0.533850,0.0693
0.533875,0.1128
0.533900,0.1676
0.533925,0.2313
0.533950,0.3086
0.533975,0.3981
0.534000,0.5061
0.534025,0.6237
0.534050,0.7470
0.534075,0.8760
0.534100,1.0001
0.534125,1.1129
0.534150,1.2177
0.534175,1.2974
0.534200,1.3756
0.534225,1.4651
0.534250,1.5585
0.534275,1.6714
0.534300,1.7697
0.534325,1.8688
0.534350,1.9736
0.534375,2.0799
0.534400,2.2000
0.534425,2.3120
0.534450,2.4160
0.534475,2.5167
0.534500,2.6150
0.534525,2.7085
0.534550,2.8004
0.534575,2.8850
0.534600,2.9607
0.534625,3.0333
0.534650,3.0937
0.534675,3.1461
0.534700,3.1896
0.534725,3.2178
0.534750,3.2371
0.534775,3.2460
0.534800,3.2452
0.534825,3.2379
0.534850,3.2170
0.534875,3.1840
0.534900,3.1396
0.534925,3.0873
0.534950,3.0268
0.534975,2.9559
0.535000,2.8801
0.535025,2.7963
0.535050,2.7093
0.535075,2.6158
0.535100,2.5135
0.535125,2.4087
0.535150,2.3040
0.535175,2.2032
0.535200,2.0960
0.535225,1.9848
0.535250,1.8736
0.535275,1.7632
0.535300,1.6722
0.535325,1.5851
0.535350,1.4836
0.535375,1.3764
0.535400,1.2459
0.535425,1.1048
0.535450,0.9614
0.535475,0.8131
0.535500,0.6818
0.535525,0.5609
0.535550,0.4553
0.535575,0.3651
0.535600,0.2780
0.535625,0.2031
0.535650,0.1410
0.535675,0.0919
0.535700,0.0572
0.535725,0.0347
0.535750,0.0210
0.535775,0.0161
0.535800,0.0226
0.535825,0.0395
0.535850,0.0701
0.535875,0.1136
0.535900,0.1660
0.535925,0.2297
0.535950,0.3054
0.535975,0.3997
0.536000,0.5061
0.536025,0.6229
0.536050,0.7454
0.536075,0.8744
0.536100,0.9872
0.536125,1.0903
0.536150,1.1878
0.536175,1.2692
0.536200,1.3675
0.536225,1.4739
0.536250,1.5819
0.536275,1.6778
0.536300,1.7753
0.536325,1.8704
0.536350,1.9719
0.536375,2.0928
0.536400,2.2008
0.536425,2.3064
0.536450,2.4047
0.536475,2.5046
0.536500,2.6110
0.536525,2.7117
0.536550,2.8076
0.536575,2.8874
0.536600,2.9623
0.536625,3.0333
0.536650,3.0929
0.536675,3.1469
0.536700,3.1888
0.536725,3.2178
0.536750,3.2363
0.536775,3.2460
0.536800,3.2468
0.536825,3.2388
0.536850,3.2186
0.536875,3.1848
0.536900,3.1404
0.536925,3.0881
0.536950,3.0284
0.536975,2.9599
0.537000,2.8785
0.537025,2.7907
0.537050,2.6988
0.537075,2.6070
0.537100,2.5119
0.537125,2.4152
0.537150,2.3177
0.537175,2.2048
0.537200,2.0993
0.537225,1.9873
0.537250,1.8744
0.537275,1.7801
0.537300,1.6714
0.537325,1.5714
0.537350,1.4691
0.537375,1.3530
0.537400,1.2314
0.537425,1.0968
0.537450,0.9477
0.537475,0.8067
0.537500,0.6785
0.537525,0.5593
0.537550,0.4569
0.537575,0.3618
0.537600,0.2764
0.537625,0.2023
0.537650,0.1410
0.537675,0.0927
0.537700,0.0572
0.537725,0.0338
0.537750,0.0210
0.537775,0.0161
0.537800,0.0218
0.537825,0.0395
0.537850,0.0701
0.537875,0.1128
0.537900,0.1676
0.537925,0.2321
0.537950,0.3111
0.537975,0.4029
0.538000,0.5045
0.538025,0.6165
0.538050,0.7325
0.538075,0.8510
0.538100,0.9743
0.538125,1.0847
0.538150,1.1886
0.538175,1.2894
0.538200,1.3692
0.538225,1.4610
0.538250,1.5593
0.538275,1.6544
0.538300,1.7681
0.538325,1.8777
0.538350,1.9905
0.538375,2.0977
0.538400,2.2048
0.538425,2.3072
0.538450,2.4031
0.538475,2.5127
0.538500,2.6118
0.538525,2.7077
0.538550,2.8012
0.538575,2.8801
0.538600,2.9591
0.538625,3.0341
0.538650,3.0961
0.538675,3.1501
0.538700,3.1904
0.538725,3.2178
0.538750,3.2371
0.538775,3.2460
0.538800,3.2468
0.538825,3.2388
0.538850,3.2170
0.538875,3.1832
0.538900,3.1412
0.538925,3.0897
0.538950,3.0325
0.538975,2.9591
0.539000,2.8793
0.539025,2.7923
0.539050,2.6996
0.539075,2.6142
0.539100,2.5095
0.539125,2.4047
0.539150,2.3007
0.539175,2.1895
0.539200,2.0968
0.539225,1.9953
0.539250,1.8946
0.539275,1.7842
0.539300,1.6754
0.539325,1.5747
0.539350,1.4683
0.539375,1.3595
0.539400,1.2394
0.539425,1.1064
0.539450,0.9606
0.539475,0.8212
0.539500,0.6842
0.539525,0.5577
0.539550,0.4505
0.539575,0.3578
0.539600,0.2748
0.539625,0.2023
0.539650,0.1418
0.539675,0.0919
0.539700,0.0572
0.539725,0.0338
0.539750,0.0201
0.539775,0.0169
0.539800,0.0218
0.539825,0.0387
0.539850,0.0693
0.539875,0.1128
0.539900,0.1668
0.539925,0.2321
0.539950,0.3103
0.539975,0.3989
0.540000,0.5069
0.540025,0.6237
0.540050,0.7470
0.540075,0.8760
0.540100,1.0001
0.540125,1.1129
0.540150,1.2177
0.540175,1.2974
0.540200,1.3764
0.540225,1.4659
0.540250,1.5585
0.540275,1.6722
0.540300,1.7705
0.540325,1.8696
0.540350,1.9752
0.540375,2.0799
0.540400,2.2000
0.540425,2.3120
0.540450,2.4168
0.540475,2.5175
0.540500,2.6158
0.540525,2.7101
0.540550,2.8004
0.540575,2.8858
0.540600,2.9615
0.540625,3.0333
0.540650,3.0953
0.540675,3.1469
0.540700,3.1896
0.540725,3.2186
0.540750,3.2371
0.540775,3.2460
0.540800,3.2460
0.540825,3.2379
0.540850,3.2170
0.540875,3.1848
0.540900,3.1404
0.540925,3.0881
0.540950,3.0276
0.540975,2.9559
0.541000,2.8793
0.541025,2.7955
0.541050,2.7101
0.541075,2.6158
0.541100,2.5135
0.541125,2.4095
0.541150,2.3040
0.541175,2.2040
0.541200,2.0960
0.541225,1.9848
0.541250,1.8728
0.541275,1.7640
0.541300,1.6722
0.541325,1.5851
0.541350,1.4836
0.541375,1.3764
0.541400,1.2467
0.541425,1.1040
0.541450,0.9606
0.541475,0.8123
0.541500,0.6810
0.541525,0.5609
0.541550,0.4553
0.541575,0.3642
0.541600,0.2772
0.541625,0.2023
0.541650,0.1402
0.541675,0.0911
0.541700,0.0564
0.541725,0.0330
0.541750,0.0210
0.541775,0.0161
0.541800,0.0210
0.541825,0.0395
0.541850,0.0693
0.541875,0.1136
0.541900,0.1668
0.541925,0.2297
0.541950,0.3054
0.541975,0.3997
0.542000,0.5061
0.542025,0.6221
0.542050,0.7454
0.542075,0.8744
0.542100,0.9872
0.542125,1.0911
0.542150,1.1878
0.542175,1.2692
0.542200,1.3684
0.542225,1.4739
0.542250,1.5819
0.542275,1.6794
0.542300,1.7761
0.542325,1.8712
0.542350,1.9727
0.542375,2.0920
0.542400,2.2000
0.542425,2.3056
0.542450,2.4047
0.542475,2.5046
0.542500,2.6110
0.542525,2.7125
0.542550,2.8068
0.542575,2.8874
0.542600,2.9615
0.542625,3.0325
0.542650,3.0929
0.542675,3.1469
0.542700,3.1896
0.542725,3.2170
0.542750,3.2355
0.542775,3.2452
0.542800,3.2460
0.542825,3.2379
0.542850,3.2178
0.542875,3.1840
0.542900,3.1404
0.542925,3.0889
0.542950,3.0284
0.542975,2.9607
0.543000,2.8785
0.543025,2.7907
0.543050,2.6988
0.543075,2.6062
0.543100,2.5119
0.543125,2.4144
0.543150,2.3177
0.543175,2.2048
0.543200,2.0993
0.543225,1.9873
0.543250,1.8744
0.543275,1.7801
0.543300,1.6697
0.543325,1.5706
0.543350,1.4691
0.543375,1.3530
0.543400,1.2330
0.543425,1.0976
0.543450,0.9493
0.543475,0.8067
0.543500,0.6777
0.543525,0.5593
0.543550,0.4561
0.543575,0.3602
0.543600,0.2756
0.543625,0.2023
0.543650,0.1410
0.543675,0.0927
0.543700,0.0572
0.543725,0.0347
0.543750,0.0210
0.543775,0.0161
0.543800,0.0210
0.543825,0.0387
0.543850,0.0701
0.543875,0.1128
0.543900,0.1676
0.543925,0.2329
0.543950,0.3095
0.543975,0.4021
0.544000,0.5037
0.544025,0.6149
0.544050,0.7333
0.544075,0.8518
0.544100,0.9743
0.544125,1.0855
0.544150,1.1895
0.544175,1.2902
0.544200,1.3700
0.544225,1.4618
0.544250,1.5601
0.544275,1.6536
0.544300,1.7689
0.544325,1.8777
0.544350,1.9913
0.544375,2.0985
0.544400,2.2048
0.544425,2.3080
0.544450,2.4031
0.544475,2.5119
0.544500,2.6118
0.544525,2.7085
0.544550,2.8012
0.544575,2.8810
0.544600,2.9599
0.544625,3.0333
0.544650,3.0961
0.544675,3.1485
0.544700,3.1896
0.544725,3.2178
0.544750,3.2363
0.544775,3.2460
0.544800,3.2460
0.544825,3.2371
0.544850,3.2162
0.544875,3.1832
0.544900,3.1412
0.544925,3.0905
0.544950,3.0325
0.544975,2.9591
0.545000,2.8785
0.545025,2.7907
0.545050,2.6996
0.545075,2.6142
0.545100,2.5103
0.545125,2.4071
0.545150,2.3015
0.545175,2.1911
0.545200,2.0977
0.545225,1.9953
0.545250,1.8954
0.545275,1.7842
0.545300,1.6762
0.545325,1.5747
0.545350,1.4691
0.545375,1.3595
0.545400,1.2386
0.545425,1.1073
0.545450,0.9606
0.545475,0.8220
0.545500,0.6842
0.545525,0.5585
0.545550,0.4513
0.545575,0.3586
0.545600,0.2756
0.545625,0.2031
0.545650,0.1418
0.545675,0.0927
0.545700,0.0572
0.545725,0.0338
0.545750,0.0210
0.545775,0.0169
0.545800,0.0218
0.545825,0.0387
0.545850,0.0693
0.545875,0.1128
0.545900,0.1676
0.545925,0.2313
0.545950,0.3095
0.545975,0.3981
0.546000,0.5061
0.546025,0.6237
0.546050,0.7470
0.546075,0.8760
0.546100,1.0009
0.546125,1.1129
0.546150,1.2177
0.546175,1.2974
0.546200,1.3772
0.546225,1.4659
0.546250,1.5593
0.546275,1.6714
0.546300,1.7697
0.546325,1.8688
0.546350,1.9736
0.546375,2.0799
0.546400,2.1992
0.546425,2.3120
0.546450,2.4160
0.546475,2.5167
0.546500,2.6158
0.546525,2.7093
0.546550,2.7996
0.546575,2.8842
0.546600,2.9599
0.546625,3.0325
0.546650,3.0937
0.546675,3.1461
0.546700,3.1888
0.546725,3.2178
0.546750,3.2363
0.546775,3.2452
0.546800,3.2460
0.546825,3.2371
0.546850,3.2170
0.546875,3.1848
0.546900,3.1404
0.546925,3.0881
0.546950,3.0268
0.546975,2.9567
0.547000,2.8793
0.547025,2.7955
0.547050,2.7085
0.547075,2.6142
0.547100,2.5119
0.547125,2.4079
0.547150,2.3032
0.547175,2.2032
0.547200,2.0960
0.547225,1.9840
0.547250,1.8736
0.547275,1.7632
0.547300,1.6722
0.547325,1.5851
0.547350,1.4836
0.547375,1.3764
0.547400,1.2459
0.547425,1.1056
0.547450,0.9614
0.547475,0.8123
0.547500,0.6818
0.547525,0.5601
0.547550,0.4553
0.547575,0.3651
0.547600,0.2772
0.547625,0.2031
0.547650,0.1402
0.547675,0.0911
0.547700,0.0572
0.547725,0.0338
0.547750,0.0210
0.547775,0.0161
0.547800,0.0218
0.547825,0.0395
0.547850,0.0701
0.547875,0.1136
0.547900,0.1660
0.547925,0.2297
0.547950,0.3046
0.547975,0.3997
0.548000,0.5061
0.548025,0.6229
0.548050,0.7462
0.548075,0.8744
0.548100,0.9872
0.548125,1.0903
0.548150,1.1870
0.548175,1.2692
0.548200,1.3684
0.548225,1.4739
0.548250,1.5827
0.548275,1.6786
0.548300,1.7753
0.548325,1.8712
0.548350,1.9727
0.548375,2.0928
0.548400,2.2008
0.548425,2.3072
0.548450,2.4055
0.548475,2.5046
0.548500,2.6118
0.548525,2.7117
0.548550,2.8068
0.548575,2.8882
0.548600,2.9623
0.548625,3.0333
0.548650,3.0937
0.548675,3.1477
0.548700,3.1896
0.548725,3.2178
0.548750,3.2363
0.548775,3.2452
0.548800,3.2460
0.548825,3.2379
0.548850,3.2186
0.548875,3.1840
0.548900,3.1404
0.548925,3.0881
0.548950,3.0276
0.548975,2.9599
0.549000,2.8785
0.549025,2.7915
0.549050,2.6996
0.549075,2.6070
0.549100,2.5119
0.549125,2.4152
0.549150,2.3177
0.549175,2.2056
0.549200,2.0993
0.549225,1.9873
0.549250,1.8744
0.549275,1.7793
0.549300,1.6714
0.549325,1.5706
0.549350,1.4691
0.549375,1.3530
0.549400,1.2314
0.549425,1.0968
0.549450,0.9485
0.549475,0.8067
0.549500,0.6777
0.549525,0.5593
0.549550,0.4569
0.549575,0.3610
0.549600,0.2764
0.549625,0.2023
0.549650,0.1410
0.549675,0.0935
0.549700,0.0580
0.549725,0.0347
0.549750,0.0210
0.549775,0.0161
0.549800,0.0210
0.549825,0.0387
0.549850,0.0693
0.549875,0.1128
0.549900,0.1676
0.549925,0.2321
0.549950,0.3111
0.549975,0.4045
0.550000,0.5029
0.550025,0.4650
0.550050,0.4408
0.550075,0.3675
0.550100,0.2756
0.550125,0.2023
0.550150,0.1402
0.550175,0.0927
0.550200,0.0580
0.550225,0.0347
0.550250,0.0218
0.550275,0.0177
0.550300,0.0226
0.550325,0.0395
0.550350,0.0693
0.550375,0.1120
0.550400,0.1644
0.550425,0.2289
0.550450,0.3046
0.550475,0.3933
0.550500,0.4996
0.550525,0.6165
0.550550,0.7390
0.550575,0.8744
0.550600,1.0089
0.550625,1.1121
0.550650,1.2088
0.550675,1.2910
0.550700,1.3692
0.550725,1.4747
0.550750,1.5827
0.550775,1.6931
0.550800,1.7898
0.550825,1.8849
0.550850,1.9864
0.550875,2.0904
0.550900,2.2097
0.550925,2.3160
0.550950,2.4152
0.550975,2.5151
0.551000,2.6110
0.551025,2.7101
0.551050,2.8052
0.551075,2.8898
0.551100,2.9656
0.551125,3.0365
0.551150,3.0977
0.551175,3.1485
0.551200,3.1904
0.551225,3.2178
0.551250,3.2363
0.551275,3.2452
0.551300,3.2452
0.551325,3.2371
0.551350,3.2178
0.551375,3.1864
0.551400,3.1437
0.551425,3.0913
0.551450,3.0316
0.551475,2.9615
0.551500,2.8866
0.551525,2.7988
0.551550,2.7069
0.551575,2.6142
0.551600,2.5119
0.551625,2.4144
0.551650,2.3168
0.551675,2.2185
0.551700,2.1138
0.551725,2.0018
0.551750,1.8889
0.551775,1.7801
0.551800,1.6891
0.551825,1.5892
0.551850,1.4868
0.551875,1.3708
0.551900,1.2305
0.551925,1.0968
0.551950,0.9493
0.551975,0.8018
0.552000,0.6729
0.552025,0.5528
0.552050,0.4497
0.552075,0.3594
0.552100,0.2740
0.552125,0.1999
0.552150,0.1394
0.552175,0.0919
0.552200,0.0580
0.552225,0.0355
0.552250,0.0218
0.552275,0.0169
0.552300,0.0218
0.552325,0.0387
0.552350,0.0693
0.552375,0.1112
0.552400,0.1636
0.552425,0.2289
0.552450,0.3078
0.552475,0.4013
0.552500,0.5053
0.552525,0.6165
0.552550,0.7325
0.552575,0.8623
0.552600,0.9856
0.552625,1.0968
0.552650,1.2007
0.552675,1.2902
0.552700,1.3869
0.552725,1.4788
0.552750,1.5763
0.552775,1.6722
0.552800,1.7689
0.552825,1.8777
0.552850,1.9905
0.552875,2.1089
0.552900,2.2145
0.552925,2.3168
0.552950,2.4127
0.552975,2.5103
0.553000,2.6166
0.553025,2.7133
0.553050,2.8060
0.553075,2.8866
0.553100,2.9607
0.553125,3.0349
0.553150,3.0977
0.553175,3.1509
0.553200,3.1912
0.553225,3.2194
0.553250,3.2379
0.553275,3.2468
0.553300,3.2468
0.553325,3.2371
0.553350,3.2162
0.553375,3.1823
0.553400,3.1396
0.553425,3.0897
0.553450,3.0325
0.553475,2.9656
0.553500,2.8866
0.553525,2.7988
0.553550,2.7069
0.553575,2.6158
0.553600,2.5207
0.553625,2.4160
0.553650,2.3112
0.553675,2.2008
0.553700,2.0977
0.553725,1.9961
0.553750,1.8954
0.553775,1.8011
0.553800,1.6939
0.553825,1.5924
0.553850,1.4868
0.553875,1.3595
0.553900,1.2273
0.553925,1.0936
0.553950,0.9477
0.553975,0.8091
0.554000,0.6834
0.554025,0.5585
0.554050,0.4513
0.554075,0.3562
0.554100,0.2724
0.554125,0.1999
0.554150,0.1394
0.554175,0.0927
0.554200,0.0580
0.554225,0.0347
0.554250,0.0210
0.554275,0.0161
0.554300,0.0210
0.554325,0.0379
0.554350,0.0685
0.554375,0.1104
0.554400,0.1652
0.554425,0.2305
0.554450,0.3086
0.554475,0.3989
0.554500,0.4980
0.554525,0.6141
0.554550,0.7374
0.554575,0.8671
0.554600,1.0001
0.554625,1.1137
0.554650,1.2177
0.554675,1.3176
0.554700,1.3958
0.554725,1.4836
0.554750,1.5763
0.554775,1.6705
0.554800,1.7850
0.554825,1.8841
0.554850,1.9889
0.554875,2.0936
0.554900,2.1976
0.554925,2.3104
0.554950,2.4152
0.554975,2.5240
0.555000,2.6231
0.555025,2.7174
0.555050,2.8076
0.555075,2.8858
0.555100,2.9632
0.555125,3.0349
0.555150,3.0961
0.555175,3.1477
0.555200,3.1880
0.555225,3.2186
0.555250,3.2379
0.555275,3.2484
0.555300,3.2476
0.555325,3.2379
0.555350,3.2170
0.555375,3.1832
0.555400,3.1429
0.555425,3.0905
0.555450,3.0308
0.555475,2.9591
0.555500,2.8785
0.555525,2.7947
0.555550,2.7085
0.555575,2.6247
0.555600,2.5232
0.555625,2.4192
0.555650,2.3128
0.555675,2.2024
0.555700,2.1097
0.555725,1.9993
0.555750,1.8889
0.555775,1.7801
0.555800,1.6738
0.555825,1.5851
0.555850,1.4828
0.555875,1.3627
0.555900,1.2338
0.555925,1.0936
0.555950,0.9493
0.555975,0.8123
0.556000,0.6761
0.556025,0.5544
0.556050,0.4505
0.556075,0.3594
0.556100,0.2772
0.556125,0.2023
0.556150,0.1402
0.556175,0.0911
0.556200,0.0572
0.556225,0.0347
0.556250,0.0210
0.556275,0.0161
0.556300,0.0210
0.556325,0.0395
0.556350,0.0709
0.556375,0.1144
0.556400,0.1676
0.556425,0.2297
0.556450,0.3054
0.556475,0.3916
0.556500,0.4972
0.556525,0.6141
0.556550,0.7374
0.556575,0.8736
0.556600,1.0081
0.556625,1.1121
0.556650,1.2080
0.556675,1.2894
0.556700,1.3684
0.556725,1.4739
0.556750,1.5827
0.556775,1.6939
0.556800,1.7914
0.556825,1.8865
0.556850,1.9889
0.556875,2.0928
0.556900,2.2105
0.556925,2.3168
0.556950,2.4152
0.556975,2.5143
0.557000,2.6110
0.557025,2.7101
0.557050,2.8060
0.557075,2.8906
0.557100,2.9656
0.557125,3.0365
0.557150,3.0969
0.557175,3.1485
0.557200,3.1904
0.557225,3.2194
0.557250,3.2379
0.557275,3.2468
0.557300,3.2468
0.557325,3.2388
0.557350,3.2186
0.557375,3.1856
0.557400,3.1429
0.557425,3.0905
0.557450,3.0308
0.557475,2.9607
0.557500,2.8850
0.557525,2.7979
0.557550,2.7061
0.557575,2.6142
0.557600,2.5127
0.557625,2.4152
0.557650,2.3177
0.557675,2.2193
0.557700,2.1138
0.557725,2.0010
0.557750,1.8881
0.557775,1.7801
0.557800,1.6899
0.557825,1.5900
0.557850,1.4876
0.557875,1.3708
0.557900,1.2314
0.557925,1.0976
0.557950,0.9493
0.557975,0.8010
0.558000,0.6721
0.558025,0.5520
0.558050,0.4497
0.558075,0.3602
0.558100,0.2756
0.558125,0.2023
0.558150,0.1402
0.558175,0.0919
0.558200,0.0580
0.558225,0.0338
0.558250,0.0210
0.558275,0.0161
0.558300,0.0218
0.558325,0.0395
0.558350,0.0701
0.558375,0.1136
0.558400,0.1652
0.558425,0.2289
0.558450,0.3078
0.558475,0.4005
0.558500,0.5053
0.558525,0.6165
0.558550,0.7317
0.558575,0.8631
0.558600,0.9856
0.558625,1.0968
0.558650,1.2007
0.558675,1.2894
0.558700,1.3877
0.558725,1.4812
0.558750,1.5779
0.558775,1.6730
0.558800,1.7689
0.558825,1.8768
0.558850,1.9905
0.558875,2.1089
0.558900,2.2153
0.558925,2.3185
0.558950,2.4144
0.558975,2.5127
0.559000,2.6182
0.559025,2.7141
0.559050,2.8068
0.559075,2.8858
0.559100,2.9599
0.559125,3.0341
0.559150,3.0969
0.559175,3.1501
0.559200,3.1912
0.559225,3.2194
0.559250,3.2379
0.559275,3.2460
0.559300,3.2460
0.559325,3.2371
0.559350,3.2170
0.559375,3.1848
0.559400,3.1421
0.559425,3.0905
0.559450,3.0325
0.559475,2.9640
0.559500,2.8850
0.559525,2.7963
0.559550,2.7053
0.559575,2.6134
0.559600,2.5191
0.559625,2.4168
0.559650,2.3120
0.559675,2.2024
0.559700,2.0985
0.559725,1.9961
0.559750,1.8946
0.559775,1.8019
0.559800,1.6939
0.559825,1.5932
0.559850,1.4868
0.559875,1.3587
0.559900,1.2257
0.559925,1.0936
0.559950,0.9477
0.559975,0.8099
0.560000,0.6842
0.560025,0.5593
0.560050,0.4513
0.560075,0.3562
0.560100,0.2724
0.560125,0.2007
0.560150,0.1402
0.560175,0.0927
0.560200,0.0580
0.560225,0.0338
0.560250,0.0201
0.560275,0.0161
0.560300,0.0218
0.560325,0.0395
0.560350,0.0709
0.560375,0.1120
0.560400,0.1652
0.560425,0.2289
0.560450,0.3062
0.560475,0.3981
0.560500,0.4980
0.560525,0.6157
0.560550,0.7390
0.560575,0.8671
0.560600,0.9993
0.560625,1.1121
0.560650,1.2168
0.560675,1.3176
0.560700,1.3958
0.560725,1.4844
0.560750,1.5771
0.560775,1.6705
0.560800,1.7850
0.560825,1.8841
0.560850,1.9881
0.560875,2.0936
0.560900,2.1976
0.560925,2.3112
0.560950,2.4160
0.560975,2.5248
0.561000,2.6231
0.561025,2.7158
0.561050,2.8068
0.561075,2.8858
0.561100,2.9648
0.561125,3.0365
0.561150,3.0969
0.561175,3.1485
0.561200,3.1888
0.561225,3.2178
0.561250,3.2371
0.561275,3.2468
0.561300,3.2468
0.561325,3.2379
0.561350,3.2170
0.561375,3.1840
0.561400,3.1429
0.561425,3.0905
0.561450,3.0308
0.561475,2.9591
0.561500,2.8793
0.561525,2.7955
0.561550,2.7093
0.561575,2.6247
0.561600,2.5223
0.561625,2.4176
0.561650,2.3120
0.561675,2.2032
0.561700,2.1105
0.561725,1.9993
0.561750,1.8881
0.561775,1.7777
0.561800,1.6714
0.561825,1.5843
0.561850,1.4828
0.561875,1.3635
0.561900,1.2330
0.561925,1.0919
0.561950,0.9485
0.561975,0.8123
0.562000,0.6761
0.562025,0.5544
0.562050,0.4497
0.562075,0.3594
0.562100,0.2772
0.562125,0.2023
0.562150,0.1402
0.562175,0.0919
0.562200,0.0572
0.562225,0.0338
0.562250,0.0201
0.562275,0.0161
0.562300,0.0218
0.562325,0.0387
0.562350,0.0701
0.562375,0.1136
0.562400,0.1660
0.562425,0.2297
0.562450,0.3054
0.562475,0.3916
0.562500,0.4980
0.562525,0.6157
0.562550,0.7382
0.562575,0.8727
0.562600,1.0073
0.562625,1.1113
0.562650,1.2080
0.562675,1.2902
0.562700,1.3684
0.562725,1.4731
0.562750,1.5819
0.562775,1.6939
0.562800,1.7906
0.562825,1.8865
0.562850,1.9881
0.562875,2.0928
0.562900,2.2105
0.562925,2.3168
0.562950,2.4144
0.562975,2.5135
0.563000,2.6118
0.563025,2.7117
0.563050,2.8068
0.563075,2.8914
0.563100,2.9656
0.563125,3.0357
0.563150,3.0961
0.563175,3.1477
0.563200,3.1896
0.563225,3.2186
0.563250,3.2363
0.563275,3.2460
0.563300,3.2460
0.563325,3.2388
0.563350,3.2194
0.563375,3.1864
0.563400,3.1429
0.563425,3.0905
0.563450,3.0300
0.563475,2.9599
0.563500,2.8850
0.563525,2.7971
0.563550,2.7061
0.563575,2.6134
0.563600,2.5119
0.563625,2.4152
0.563650,2.3185
0.563675,2.2193
0.563700,2.1138
0.563725,2.0010
0.563750,1.8881
0.563775,1.7793
0.563800,1.6891
0.563825,1.5900
0.563850,1.4876
0.563875,1.3724
0.563900,1.2322
0.563925,1.0968
0.563950,0.9477
0.563975,0.8002
0.564000,0.6713
0.564025,0.5528
0.564050,0.4505
0.564075,0.3610
0.564100,0.2748
0.564125,0.2023
0.564150,0.1402
0.564175,0.0919
0.564200,0.0580
0.564225,0.0347
0.564250,0.0210
0.564275,0.0161
0.564300,0.0218
0.564325,0.0395
0.564350,0.0693
0.564375,0.1120
0.564400,0.1644
0.564425,0.2289
0.564450,0.3078
0.564475,0.4005
0.564500,0.5037
0.564525,0.6157
0.564550,0.7325
0.564575,0.8631
0.564600,0.9856
0.564625,1.0960
0.564650,1.1999
0.564675,1.2894
0.564700,1.3885
0.564725,1.4812
0.564750,1.5779
0.564775,1.6730
0.564800,1.7681
0.564825,1.8768
0.564850,1.9905
0.564875,2.1089
0.564900,2.2153
0.564925,2.3185
0.564950,2.4144
0.564975,2.5127
0.565000,2.6182
0.565025,2.7141
0.565050,2.8060
0.565075,2.8858
0.565100,2.9583
0.565125,3.0325
0.565150,3.0961
0.565175,3.1493
0.565200,3.1896
0.565225,3.2178
0.565250,3.2363
0.565275,3.2460
0.565300,3.2476
0.565325,3.2388
0.565350,3.2178
0.565375,3.1840
0.565400,3.1404
0.565425,3.0897
0.565450,3.0316
0.565475,2.9640
0.565500,2.8850
0.565525,2.7971
0.565550,2.7053
0.565575,2.6134
0.565600,2.5207
0.565625,2.4176
0.565650,2.3128
0.565675,2.2016
0.565700,2.0968
0.565725,1.9953
0.565750,1.8954
0.565775,1.8019
0.565800,1.6939
0.565825,1.5924
0.565850,1.4860
0.565875,1.3595
0.565900,1.2273
0.565925,1.0936
0.565950,0.9477
0.565975,0.8091
0.566000,0.6834
0.566025,0.5577
0.566050,0.4505
0.566075,0.3562
0.566100,0.2724
0.566125,0.2007
0.566150,0.1402
0.566175,0.0927
0.566200,0.0572
0.566225,0.0338
0.566250,0.0210
0.566275,0.0169
0.566300,0.0218
0.566325,0.0395
0.566350,0.0693
0.566375,0.1112
0.566400,0.1652
0.566425,0.2305
0.566450,0.3078
0.566475,0.3981
0.566500,0.4980
0.566525,0.6149
0.566550,0.7398
0.566575,0.8687
0.566600,1.0009
0.566625,1.1129
0.566650,1.2177
0.566675,1.3176
0.566700,1.3958
0.566725,1.4852
0.566750,1.5779
0.566775,1.6714
0.566800,1.7842
0.566825,1.8833
0.566850,1.9881
0.566875,2.0944
0.566900,2.1992
0.566925,2.3120
0.566950,2.4168
0.566975,2.5240
0.567000,2.6223
0.567025,2.7166
0.567050,2.8068
0.567075,2.8850
0.567100,2.9623
0.567125,3.0349
0.567150,3.0953
0.567175,3.1485
0.567200,3.1888
0.567225,3.2178
0.567250,3.2371
0.567275,3.2468
0.567300,3.2476
0.567325,3.2379
0.567350,3.2170
0.567375,3.1848
0.567400,3.1429
0.567425,3.0897
0.567450,3.0300
0.567475,2.9583
0.567500,2.8801
0.567525,2.7963
0.567550,2.7093
0.567575,2.6247
0.567600,2.5223
0.567625,2.4176
0.567650,2.3128
0.567675,2.2032
0.567700,2.1105
0.567725,1.9993
0.567750,1.8881
0.567775,1.7777
0.567800,1.6714
0.567825,1.5843
0.567850,1.4836
0.567875,1.3635
0.567900,1.2330
0.567925,1.0927
0.567950,0.9477
0.567975,0.8115
0.568000,0.6761
0.568025,0.5544
0.568050,0.4497
0.568075,0.3594
0.568100,0.2764
0.568125,0.2023
0.568150,0.1410
0.568175,0.0911
0.568200,0.0572
0.568225,0.0338
0.568250,0.0201
0.568275,0.0169
0.568300,0.0218
0.568325,0.0395
0.568350,0.0701
0.568375,0.1128
0.568400,0.1660
0.568425,0.2289
0.568450,0.3046
0.568475,0.3925
0.568500,0.4980
0.568525,0.6149
0.568550,0.7382
0.568575,0.8744
0.568600,1.0073
0.568625,1.1113
0.568650,1.2088
0.568675,1.2910
0.568700,1.3684
0.568725,1.4739
0.568750,1.5827
0.568775,1.6939
0.568800,1.7914
0.568825,1.8873
0.568850,1.9881
0.568875,2.0920
0.568900,2.2105
0.568925,2.3168
0.568950,2.4144
0.568975,2.5151
0.569000,2.6118
0.569025,2.7109
0.569050,2.8068
0.569075,2.8906
0.569100,2.9656
0.569125,3.0357
0.569150,3.0969
0.569175,3.1485
0.569200,3.1896
0.569225,3.2186
0.569250,3.2379
0.569275,3.2468
0.569300,3.2468
0.569325,3.2379
0.569350,3.2178
0.569375,3.1864
0.569400,3.1429
0.569425,3.0905
0.569450,3.0308
0.569475,2.9591
0.569500,2.8842
0.569525,2.7963
0.569550,2.7045
0.569575,2.6126
0.569600,2.5127
0.569625,2.4160
0.569650,2.3185
0.569675,2.2193
0.569700,2.1138
0.569725,2.0001
0.569750,1.8881
0.569775,1.7801
0.569800,1.6891
0.569825,1.5900
0.569850,1.4884
0.569875,1.3716
0.569900,1.2305
0.569925,1.0960
0.569950,0.9477
0.569975,0.7994
0.570000,0.6713
0.570025,0.5528
0.570050,0.4505
0.570075,0.3610
0.570100,0.2748
0.570125,0.2015
0.570150,0.1402
0.570175,0.0919
0.570200,0.0580
0.570225,0.0347
0.570250,0.0210
0.570275,0.0161
0.570300,0.0218
0.570325,0.0395
0.570350,0.0701
0.570375,0.1128
0.570400,0.1652
0.570425,0.2297
0.570450,0.3078
0.570475,0.4013
0.570500,0.5053
0.570525,0.6165
0.570550,0.7333
0.570575,0.8639
0.570600,0.9864
0.570625,1.0968
0.570650,1.1999
0.570675,1.2894
0.570700,1.3877
0.570725,1.4812
0.570750,1.5779
0.570775,1.6730
0.570800,1.7681
0.570825,1.8768
0.570850,1.9905
0.570875,2.1081
0.570900,2.2145
0.570925,2.3185
0.570950,2.4136
0.570975,2.5119
0.571000,2.6182
0.571025,2.7133
0.571050,2.8068
0.571075,2.8866
0.571100,2.9599
0.571125,3.0333
0.571150,3.0969
0.571175,3.1501
0.571200,3.1904
0.571225,3.2194
0.571250,3.2371
0.571275,3.2460
0.571300,3.2476
0.571325,3.2388
0.571350,3.2186
0.571375,3.1840
0.571400,3.1412
0.571425,3.0905
0.571450,3.0325
0.571475,2.9648
0.571500,2.8850
0.571525,2.7971
0.571550,2.7053
0.571575,2.6142
0.571600,2.5215
0.571625,2.4176
0.571650,2.3120
0.571675,2.2016
0.571700,2.0977
0.571725,1.9953
0.571750,1.8954
0.571775,1.8019
0.571800,1.6947
0.571825,1.5932
0.571850,1.4868
0.571875,1.3595
0.571900,1.2265
0.571925,1.0944
0.571950,0.9485
0.571975,0.8099
0.572000,0.6834
0.572025,0.5585
0.572050,0.4505
0.572075,0.3562
0.572100,0.2724
0.572125,0.1999
0.572150,0.1394
0.572175,0.0927
0.572200,0.0580
0.572225,0.0347
0.572250,0.0210
0.572275,0.0161
0.572300,0.0226
0.572325,0.0395
0.572350,0.0685
0.572375,0.1112
0.572400,0.1652
0.572425,0.2297
0.572450,0.3086
0.572475,0.3989
0.572500,0.4980
0.572525,0.6157
0.572550,0.7398
0.572575,0.8679
0.572600,1.0009
0.572625,1.1137
0.572650,1.2177
0.572675,1.3176
0.572700,1.3966
0.572725,1.4852
0.572750,1.5787
0.572775,1.6722
0.572800,1.7842
0.572825,1.8841
0.572850,1.9889
0.572875,2.0936
0.572900,2.1984
0.572925,2.3112
0.572950,2.4152
0.572975,2.5232
0.573000,2.6223
0.573025,2.7158
0.573050,2.8060
0.573075,2.8850
0.573100,2.9632
0.573125,3.0357
0.573150,3.0969
0.573175,3.1485
0.573200,3.1888
0.573225,3.2178
0.573250,3.2371
0.573275,3.2476
0.573300,3.2476
0.573325,3.2388
0.573350,3.2178
0.573375,3.1848
0.573400,3.1429
0.573425,3.0897
0.573450,3.0292
0.573475,2.9583
0.573500,2.8801
0.573525,2.7963
0.573550,2.7101
0.573575,2.6247
0.573600,2.5215
0.573625,2.4176
0.573650,2.3120
0.573675,2.2032
0.573700,2.1105
0.573725,1.9993
0.573750,1.8881
0.573775,1.7785
0.573800,1.6714
0.573825,1.5843
0.573850,1.4828
0.573875,1.3635
0.573900,1.2330
0.573925,1.0927
0.573950,0.9485
0.573975,0.8123
0.574000,0.6777
0.574025,0.5552
0.574050,0.4505
0.574075,0.3594
0.574100,0.2764
0.574125,0.2031
0.574150,0.1410
0.574175,0.0911
0.574200,0.0572
0.574225,0.0338
0.574250,0.0210
0.574275,0.0169
0.574300,0.0226
0.574325,0.0395
0.574350,0.0709
0.574375,0.1144
0.574400,0.1668
0.574425,0.2297
0.574450,0.3054
0.574475,0.3925
0.574500,0.4980
0.574525,0.6149
0.574550,0.7382
0.574575,0.8744
0.574600,1.0081
0.574625,1.1121
0.574650,1.2088
0.574675,1.2902
0.574700,1.3684
0.574725,1.4739
0.574750,1.5819
0.574775,1.6931
0.574800,1.7898
0.574825,1.8857
0.574850,1.9881
0.574875,2.0920
0.574900,2.2105
0.574925,2.3168
0.574950,2.4152
0.574975,2.5143
0.575000,0.5230
0.575025,0.6004
0.575050,0.7486
0.575075,0.8856
0.575100,1.0025
0.575125,1.1201
0.575150,1.2072
0.575175,1.2870
0.575200,1.3659
0.575225,1.4546
0.575250,1.5682
0.575275,1.6778
0.575300,1.7753
0.575325,1.8720
0.575350,1.9744
0.575375,2.0791
0.575400,2.1992
0.575425,2.3120
0.575450,2.4160
0.575475,2.5175
0.575500,2.6158
0.575525,2.7093
0.575550,2.7996
0.575575,2.8850
0.575600,2.9607
0.575625,3.0325
0.575650,3.0945
0.575675,3.1461
0.575700,3.1888
0.575725,3.2186
0.575750,3.2363
0.575775,3.2460
0.575800,3.2468
0.575825,3.2371
0.575850,3.2170
0.575875,3.1840
0.575900,3.1404
0.575925,3.0881
0.575950,3.0276
0.575975,2.9559
0.576000,2.8793
0.576025,2.7955
0.576050,2.7093
0.576075,2.6150
0.576100,2.5119
0.576125,2.4087
0.576150,2.3032
0.576175,2.2032
0.576200,2.0960
0.576225,1.9840
0.576250,1.8736
0.576275,1.7632
0.576300,1.6714
0.576325,1.5843
0.576350,1.4836
0.576375,1.3764
0.576400,1.2467
0.576425,1.1056
0.576450,0.9614
0.576475,0.8131
0.576500,0.6818
0.576525,0.5601
0.576550,0.4553
0.576575,0.3642
0.576600,0.2772
0.576625,0.2031
0.576650,0.1402
0.576675,0.0919
0.576700,0.0572
0.576725,0.0338
0.576750,0.0210
0.576775,0.0161
0.576800,0.0226
0.576825,0.0395
0.576850,0.0701
0.576875,0.1136
0.576900,0.1668
0.576925,0.2297
0.576950,0.3054
0.576975,0.3989
0.577000,0.5053
0.577025,0.6221
0.577050,0.7446
0.577075,0.8744
0.577100,0.9864
0.577125,1.0903
0.577150,1.1870
0.577175,1.2684
0.577200,1.3684
0.577225,1.4739
0.577250,1.5819
0.577275,1.6778
0.577300,1.7753
0.577325,1.8704
0.577350,1.9719
0.577375,2.0920
0.577400,2.1992
0.577425,2.3056
0.577450,2.4047
0.577475,2.5046
0.577500,2.6118
0.577525,2.7109
0.577550,2.8068
0.577575,2.8882
0.577600,2.9623
0.577625,3.0325
0.577650,3.0937
0.577675,3.1485
0.577700,3.1888
0.577725,3.2178
0.577750,3.2371
0.577775,3.2460
0.577800,3.2468
0.577825,3.2388
0.577850,3.2186
0.577875,3.1840
0.577900,3.1404
0.577925,3.0881
0.577950,3.0276
0.577975,2.9591
0.578000,2.8785
0.578025,2.7907
0.578050,2.6996
0.578075,2.6070
0.578100,2.5119
0.578125,2.4160
0.578150,2.3177
0.578175,2.2048
0.578200,2.0993
0.578225,1.9864
0.578250,1.8744
0.578275,1.7801
0.578300,1.6714
0.578325,1.5722
0.578350,1.4699
0.578375,1.3538
0.578400,1.2314
0.578425,1.0968
0.578450,0.9477
0.578475,0.8067
0.578500,0.6785
0.578525,0.5593
0.578550,0.4569
0.578575,0.3610
0.578600,0.2764
0.578625,0.2031
0.578650,0.1418
0.578675,0.0935
0.578700,0.0580
0.578725,0.0347
0.578750,0.0210
0.578775,0.0161
0.578800,0.0218
0.578825,0.0395
0.578850,0.0701
0.578875,0.1128
0.578900,0.1668
0.578925,0.2321
0.578950,0.3111
0.578975,0.4037
0.579000,0.5045
0.579025,0.6165
0.579050,0.7333
0.579075,0.8518
0.579100,0.9751
0.579125,1.0871
0.579150,1.1903
0.579175,1.2910
0.579200,1.3716
0.579225,1.4634
0.579250,1.5593
0.579275,1.6544
0.579300,1.7689
0.579325,1.8777
0.579350,1.9913
0.579375,2.0985
0.579400,2.2048
0.579425,2.3072
0.579450,2.4031
0.579475,2.5119
0.579500,2.6118
0.579525,2.7085
0.579550,2.8012
0.579575,2.8810
0.579600,2.9599
0.579625,3.0333
0.579650,3.0961
0.579675,3.1493
0.579700,3.1896
0.579725,3.2178
0.579750,3.2363
0.579775,3.2460
0.579800,3.2460
0.579825,3.2379
0.579850,3.2170
0.579875,3.1832
0.579900,3.1404
0.579925,3.0897
0.579950,3.0325
0.579975,2.9599
0.580000,2.8801
0.580025,2.7915
0.580050,2.7004
0.580075,2.6142
0.580100,2.5103
0.580125,2.4071
0.580150,2.3015
0.580175,2.1903
0.580200,2.0968
0.580225,1.9961
0.580250,1.8954
0.580275,1.7842
0.580300,1.6770
0.580325,1.5747
0.580350,1.4683
0.580375,1.3587
0.580400,1.2386
0.580425,1.1056
0.580450,0.9598
0.580475,0.8212
0.580500,0.6842
0.580525,0.5585
0.580550,0.4505
0.580575,0.3594
0.580600,0.2756
0.580625,0.2039
0.580650,0.1434
0.580675,0.0927
0.580700,0.0564
0.580725,0.0330
0.580750,0.0210
0.580775,0.0169
0.580800,0.0226
0.580825,0.0395
0.580850,0.0693
0.580875,0.1128
0.580900,0.1660
0.580925,0.2305
0.580950,0.3095
0.580975,0.3989
0.581000,0.5069
0.581025,0.6237
0.581050,0.7470
0.581075,0.8760
0.581100,1.0001
0.581125,1.1129
0.581150,1.2168
0.581175,1.2966
0.581200,1.3756
0.581225,1.4651
0.581250,1.5569
0.581275,1.6705
0.581300,1.7697
0.581325,1.8688
0.581350,1.9744
0.581375,2.0799
0.581400,2.1984
0.581425,2.3120
0.581450,2.4168
0.581475,2.5175
0.581500,2.6158
0.581525,2.7093
0.581550,2.7996
0.581575,2.8850
0.581600,2.9607
0.581625,3.0325
0.581650,3.0937
0.581675,3.1461
0.581700,3.1880
0.581725,3.2178
0.581750,3.2363
0.581775,3.2460
0.581800,3.2460
0.581825,3.2371
0.581850,3.2162
0.581875,3.1840
0.581900,3.1404
0.581925,3.0881
0.581950,3.0276
0.581975,2.9559
0.582000,2.8793
0.582025,2.7963
0.582050,2.7093
0.582075,2.6150
0.582100,2.5127
0.582125,2.4087
0.582150,2.3040
0.582175,2.2024
0.582200,2.0952
0.582225,1.9840
0.582250,1.8736
0.582275,1.7640
0.582300,1.6722
0.582325,1.5843
0.582350,1.4836
0.582375,1.3764
0.582400,1.2459
0.582425,1.1048
0.582450,0.9606
0.582475,0.8115
0.582500,0.6818
0.582525,0.5601
0.582550,0.4553
0.582575,0.3642
0.582600,0.2772
0.582625,0.2031
0.582650,0.1410
0.582675,0.0911
0.582700,0.0572
0.582725,0.0338
0.582750,0.0210
0.582775,0.0161
0.582800,0.0218
0.582825,0.0395
0.582850,0.0709
0.582875,0.1152
0.582900,0.1676
0.582925,0.2305
0.582950,0.3062
0.582975,0.3997
0.583000,0.5053
0.583025,0.6213
0.583050,0.7446
0.583075,0.8736
0.583100,0.9864
0.583125,1.0895
0.583150,1.1870
0.583175,1.2692
0.583200,1.3684
0.583225,1.4739
0.583250,1.5827
0.583275,1.6778
0.583300,1.7753
0.583325,1.8712
0.583350,1.9719
0.583375,2.0912
0.583400,2.2000
0.583425,2.3064
0.583450,2.4047
0.583475,2.5038
0.583500,2.6110
0.583525,2.7109
0.583550,2.8076
0.583575,2.8882
0.583600,2.9623
0.583625,3.0325
0.583650,3.0929
0.583675,3.1485
0.583700,3.1904
0.583725,3.2186
0.583750,3.2363
0.583775,3.2452
0.583800,3.2460
0.583825,3.2388
0.583850,3.2194
0.583875,3.1848
0.583900,3.1404
0.583925,3.0881
0.583950,3.0284
0.583975,2.9607
0.584000,2.8793
0.584025,2.7907
0.584050,2.6980
0.584075,2.6053
0.584100,2.5111
0.584125,2.4152
0.584150,2.3185
0.584175,2.2064
0.584200,2.1001
0.584225,1.9873
0.584250,1.8744
0.584275,1.7801
0.584300,1.6714
0.584325,1.5722
0.584350,1.4707
0.584375,1.3530
0.584400,1.2305
0.584425,1.0960
0.584450,0.9477
0.584475,0.8067
0.584500,0.6785
0.584525,0.5593
0.584550,0.4561
0.584575,0.3602
0.584600,0.2756
0.584625,0.2031
0.584650,0.1418
0.584675,0.0927
0.584700,0.0572
0.584725,0.0338
0.584750,0.0210
0.584775,0.0161
0.584800,0.0218
0.584825,0.0387
0.584850,0.0701
0.584875,0.1128
0.584900,0.1676
0.584925,0.2321
0.584950,0.3103
0.584975,0.4029
0.585000,0.5045
0.585025,0.6165
0.585050,0.7325
0.585075,0.8510
0.585100,0.9735
0.585125,1.0847
0.585150,1.1895
0.585175,1.2902
0.585200,1.3692
0.585225,1.4618
0.585250,1.5585
0.585275,1.6536
0.585300,1.7681
0.585325,1.8768
0.585350,1.9905
0.585375,2.0985
0.585400,2.2056
0.585425,2.3080
0.585450,2.4031
0.585475,2.5111
0.585500,2.6110
0.585525,2.7077
0.585550,2.8004
0.585575,2.8793
0.585600,2.9591
0.585625,3.0325
0.585650,3.0953
0.585675,3.1501
0.585700,3.1912
0.585725,3.2186
0.585750,3.2363
0.585775,3.2460
0.585800,3.2460
0.585825,3.2379
0.585850,3.2170
0.585875,3.1823
0.585900,3.1396
0.585925,3.0897
0.585950,3.0333
0.585975,2.9615
0.586000,2.8801
0.586025,2.7915
0.586050,2.6996
0.586075,2.6150
0.586100,2.5103
0.586125,2.4071
0.586150,2.3015
0.586175,2.1903
0.586200,2.0977
0.586225,1.9961
0.586250,1.8954
0.586275,1.7842
0.586300,1.6770
0.586325,1.5763
0.586350,1.4699
0.586375,1.3595
0.586400,1.2394
0.586425,1.1064
0.586450,0.9598
0.586475,0.8220
0.586500,0.6834
0.586525,0.5585
0.586550,0.4505
0.586575,0.3586
0.586600,0.2748
0.586625,0.2023
0.586650,0.1418
0.586675,0.0919
0.586700,0.0572
0.586725,0.0338
0.586750,0.0201
0.586775,0.0161
0.586800,0.0218
0.586825,0.0387
0.586850,0.0685
0.586875,0.1128
0.586900,0.1668
0.586925,0.2313
0.586950,0.3095
0.586975,0.3989
0.587000,0.5069
0.587025,0.6237
0.587050,0.7478
0.587075,0.8768
0.587100,1.0001
0.587125,1.1121
0.587150,1.2168
0.587175,1.2966
0.587200,1.3756
0.587225,1.4651
0.587250,1.5577
0.587275,1.6714
0.587300,1.7697
0.587325,1.8688
0.587350,1.9727
0.587375,2.0791
0.587400,2.1984
0.587425,2.3112
0.587450,2.4152
0.587475,2.5167
0.587500,2.6150
0.587525,2.7093
0.587550,2.8004
0.587575,2.8850
0.587600,2.9607
0.587625,3.0325
0.587650,3.0937
0.587675,3.1461
0.587700,3.1888
0.587725,3.2178
0.587750,3.2371
0.587775,3.2460
0.587800,3.2460
0.587825,3.2371
0.587850,3.2170
0.587875,3.1848
0.587900,3.1404
0.587925,3.0881
0.587950,3.0276
0.587975,2.9559
0.588000,2.8793
0.588025,2.7955
0.588050,2.7085
0.588075,2.6142
0.588100,2.5119
0.588125,2.4079
0.588150,2.3032
0.588175,2.2024
0.588200,2.0952
0.588225,1.9840
0.588250,1.8728
0.588275,1.7632
0.588300,1.6722
0.588325,1.5843
0.588350,1.4828
0.588375,1.3756
0.588400,1.2459
0.588425,1.1048
0.588450,0.9614
0.588475,0.8123
0.588500,0.6810
0.588525,0.5601
0.588550,0.4553
0.588575,0.3642
0.588600,0.2772
0.588625,0.2031
0.588650,0.1402
0.588675,0.0919
0.588700,0.0572
0.588725,0.0338
0.588750,0.0210
0.588775,0.0169
0.588800,0.0218
0.588825,0.0387
0.588850,0.0693
0.588875,0.1128
0.588900,0.1668
0.588925,0.2297
0.588950,0.3046
0.588975,0.3989
0.589000,0.5045
0.589025,0.6213
0.589050,0.7446
0.589075,0.8736
0.589100,0.9864
0.589125,1.0903
0.589150,1.1870
0.589175,1.2692
0.589200,1.3684
0.589225,1.4739
0.589250,1.5827
0.589275,1.6786
0.589300,1.7761
0.589325,1.8712
0.589350,1.9719
0.589375,2.0920
0.589400,2.2000
0.589425,2.3064
0.589450,2.4047
0.589475,2.5038
0.589500,2.6110
0.589525,2.7109
0.589550,2.8068
0.589575,2.8874
0.589600,2.9615
0.589625,3.0325
0.589650,3.0929
0.589675,3.1477
0.589700,3.1896
0.589725,3.2186
0.589750,3.2363
0.589775,3.2452
0.589800,3.2460
0.589825,3.2379
0.589850,3.2186
0.589875,3.1840
0.589900,3.1404
0.589925,3.0873
0.589950,3.0268
0.589975,2.9591
0.590000,2.8777
0.590025,2.7899
0.590050,2.6988
0.590075,2.6070
0.590100,2.5119
0.590125,2.4160
0.590150,2.3185
0.590175,2.2056
0.590200,2.1001
0.590225,1.9864
0.590250,1.8736
0.590275,1.7793
0.590300,1.6697
0.590325,1.5714
0.590350,1.4699
0.590375,1.3522
0.590400,1.2305
0.590425,1.0960
0.590450,0.9477
0.590475,0.8067
0.590500,0.6785
0.590525,0.5601
0.590550,0.4569
0.590575,0.3610
0.590600,0.2764
0.590625,0.2023
0.590650,0.1410
0.590675,0.0927
0.590700,0.0572
0.590725,0.0338
0.590750,0.0210
0.590775,0.0161
0.590800,0.0218
0.590825,0.0395
0.590850,0.0693
0.590875,0.1128
0.590900,0.1668
0.590925,0.2321
0.590950,0.3111
0.590975,0.4037
0.591000,0.5045
0.591025,0.6165
0.591050,0.7317
0.591075,0.8510
0.591100,0.9743
0.591125,1.0847
0.591150,1.1895
0.591175,1.2894
0.591200,1.3692
0.591225,1.4618
0.591250,1.5593
0.591275,1.6552
0.591300,1.7689
0.591325,1.8785
0.591350,1.9921
0.591375,2.0985
0.591400,2.2048
0.591425,2.3080
0.591450,2.4031
0.591475,2.5127
0.591500,2.6126
0.591525,2.7085
0.591550,2.8012
0.591575,2.8810
0.591600,2.9591
0.591625,3.0341
0.591650,3.0969
0.591675,3.1485
0.591700,3.1896
0.591725,3.2178
0.591750,3.2355
0.591775,3.2452
0.591800,3.2460
0.591825,3.2371
0.591850,3.2162
0.591875,3.1832
0.591900,3.1404
0.591925,3.0897
0.591950,3.0325
0.591975,2.9599
0.592000,2.8810
0.592025,2.7931
0.592050,2.7004
0.592075,2.6142
0.592100,2.5103
0.592125,2.4063
0.592150,2.3015
0.592175,2.1911
0.592200,2.0977
0.592225,1.9953
0.592250,1.8954
0.592275,1.7842
0.592300,1.6762
0.592325,1.5747
0.592350,1.4683
0.592375,1.3587
0.592400,1.2386
0.592425,1.1056
0.592450,0.9598
0.592475,0.8212
0.592500,0.6834
0.592525,0.5577
0.592550,0.4505
0.592575,0.3578
0.592600,0.2748
0.592625,0.2015
0.592650,0.1418
0.592675,0.0919
0.592700,0.0572
0.592725,0.0338
0.592750,0.0210
0.592775,0.0169
0.592800,0.0218
0.592825,0.0395
0.592850,0.0693
0.592875,0.1128
0.592900,0.1668
0.592925,0.2321
0.592950,0.3103
0.592975,0.3989
0.593000,0.5069
0.593025,0.6237
0.593050,0.7478
0.593075,0.8768
0.593100,1.0001
0.593125,1.1121
0.593150,1.2168
0.593175,1.2966
0.593200,1.3756
0.593225,1.4651
0.593250,1.5577
0.593275,1.6705
0.593300,1.7697
0.593325,1.8688
0.593350,1.9727
0.593375,2.0799
0.593400,2.1992
0.593425,2.3120
0.593450,2.4168
0.593475,2.5175
0.593500,2.6158
0.593525,2.7093
0.593550,2.8004
0.593575,2.8850
0.593600,2.9607
0.593625,3.0325
0.593650,3.0945
0.593675,3.1461
0.593700,3.1888
0.593725,3.2186
0.593750,3.2371
0.593775,3.2460
0.593800,3.2468
0.593825,3.2388
0.593850,3.2170
0.593875,3.1856
0.593900,3.1404
0.593925,3.0873
0.593950,3.0276
0.593975,2.9559
0.594000,2.8801
0.594025,2.7955
0.594050,2.7093
0.594075,2.6158
0.594100,2.5127
0.594125,2.4095
0.594150,2.3032
0.594175,2.2024
0.594200,2.0960
0.594225,1.9848
0.594250,1.8728
0.594275,1.7640
0.594300,1.6722
0.594325,1.5851
0.594350,1.4852
0.594375,1.3772
0.594400,1.2459
0.594425,1.1056
0.594450,0.9614
0.594475,0.8123
0.594500,0.6826
0.594525,0.5601
0.594550,0.4553
0.594575,0.3651
0.594600,0.2772
0.594625,0.2031
0.594650,0.1410
0.594675,0.0911
0.594700,0.0572
0.594725,0.0338
0.594750,0.0210
0.594775,0.0161
0.594800,0.0218
0.594825,0.0395
0.594850,0.0701
0.594875,0.1144
0.594900,0.1668
0.594925,0.2297
0.594950,0.3054
0.594975,0.3997
0.595000,0.5061
0.595025,0.6229
0.595050,0.7454
0.595075,0.8744
0.595100,0.9872
0.595125,1.0911
0.595150,1.1878
0.595175,1.2692
0.595200,1.3684
0.595225,1.4739
0.595250,1.5827
0.595275,1.6786
0.595300,1.7753
0.595325,1.8712
0.595350,1.9727
0.595375,2.0920
0.595400,2.2000
0.595425,2.3072
0.595450,2.4055
0.595475,2.5046
0.595500,2.6118
0.595525,2.7109
0.595550,2.8068
0.595575,2.8874
0.595600,2.9623
0.595625,3.0333
0.595650,3.0937
0.595675,3.1477
0.595700,3.1896
0.595725,3.2178
0.595750,3.2355
0.595775,3.2452
0.595800,3.2468
0.595825,3.2388
0.595850,3.2186
0.595875,3.1848
0.595900,3.1412
0.595925,3.0881
0.595950,3.0284
0.595975,2.9599
0.596000,2.8777
0.596025,2.7907
0.596050,2.6996
0.596075,2.6062
0.596100,2.5119
0.596125,2.4160
0.596150,2.3177
0.596175,2.2064
0.596200,2.1001
0.596225,1.9864
0.596250,1.8744
0.596275,1.7801
0.596300,1.6705
0.596325,1.5722
0.596350,1.4699
0.596375,1.3530
0.596400,1.2314
0.596425,1.0968
0.596450,0.9485
0.596475,0.8067
0.596500,0.6785
0.596525,0.5593
0.596550,0.4561
0.596575,0.3602
0.596600,0.2748
0.596625,0.2015
0.596650,0.1402
0.596675,0.0927
0.596700,0.0572
0.596725,0.0338
0.596750,0.0210
0.596775,0.0161
0.596800,0.0218
0.596825,0.0387
0.596850,0.0693
0.596875,0.1120
0.596900,0.1668
0.596925,0.2321
0.596950,0.3111
0.596975,0.4037
0.597000,0.5045
0.597025,0.6165
0.597050,0.7333
0.597075,0.8518
0.597100,0.9743
0.597125,1.0847
0.597150,1.1886
0.597175,1.2902
0.597200,1.3692
0.597225,1.4634
0.597250,1.5593
0.597275,1.6536
0.597300,1.7689
0.597325,1.8777
0.597350,1.9913
0.597375,2.0985
0.597400,2.2040
0.597425,2.3080
0.597450,2.4047
0.597475,2.5127
0.597500,2.6126
0.597525,2.7085
0.597550,2.7996
0.597575,2.8793
0.597600,2.9591
0.597625,3.0325
0.597650,3.0961
0.597675,3.1501
0.597700,3.1896
0.597725,3.2186
0.597750,3.2371
0.597775,3.2460
0.597800,3.2476
0.597825,3.2379
0.597850,3.2170
0.597875,3.1840
0.597900,3.1412
0.597925,3.0905
0.597950,3.0333
0.597975,2.9599
0.598000,2.8793
0.598025,2.7923
0.598050,2.7012
0.598075,2.6150
0.598100,2.5103
0.598125,2.4071
0.598150,2.3015
0.598175,2.1903
0.598200,2.0977
0.598225,1.9945
0.598250,1.8954
0.598275,1.7842
0.598300,1.6754
0.598325,1.5747
0.598350,1.4675
0.598375,1.3587
0.598400,1.2394
0.598425,1.1056
0.598450,0.9606
0.598475,0.8220
0.598500,0.6834
0.598525,0.5585
0.598550,0.4505
0.598575,0.3578
0.598600,0.2748
0.598625,0.2023
0.598650,0.1418
0.598675,0.0927
0.598700,0.0572
0.598725,0.0338
0.598750,0.0210
0.598775,0.0169
0.598800,0.0218
0.598825,0.0395
0.598850,0.0693
0.598875,0.1128
0.598900,0.1668
0.598925,0.2321
0.598950,0.3095
0.598975,0.3989
0.599000,0.5069
0.599025,0.6229
0.599050,0.7478
0.599075,0.8760
0.599100,1.0001
0.599125,1.1137
0.599150,1.2177
0.599175,1.2974
0.599200,1.3764
0.599225,1.4651
0.599250,1.5585
0.599275,1.6714
0.599300,1.7697
0.599325,1.8696
0.599350,1.9736
0.599375,2.0791
0.599400,2.1992
0.599425,2.3112
0.599450,2.4152
0.599475,2.5167
0.599500,2.6142
0.599525,2.7093
0.599550,2.8004
0.599575,2.8850
0.599600,2.9607
0.599625,3.0333
0.599650,3.0937
0.599675,3.1461
0.599700,3.1888
0.599725,3.2178
0.599750,3.2363
0.599775,3.2468
0.599800,3.2460
0.599825,3.2379
0.599850,3.2186
0.599875,3.1856
0.599900,3.1412
0.599925,3.0889
0.599950,3.0276
0.599975,2.9559
0.600000,2.7689
0.600025,2.7979
0.600050,2.8213
0.600075,2.8769
0.600100,2.9607
0.600125,3.0349
0.600150,3.0977
0.600175,3.1501
0.600200,3.1912
0.600225,3.2186
0.600250,3.2363
0.600275,3.2468
0.600300,3.2476
0.600325,3.2388
0.600350,3.2178
0.600375,3.1840
0.600400,3.1404
0.600425,3.0897
0.600450,3.0316
0.600475,2.9648
0.600500,2.8850
0.600525,2.7971
0.600550,2.7061
0.600575,2.6150
0.600600,2.5215
0.600625,2.4176
0.600650,2.3120
0.600675,2.2008
0.600700,2.0968
0.600725,1.9953
0.600750,1.8946
0.600775,1.8019
0.600800,1.6947
0.600825,1.5932
0.600850,1.4860
0.600875,1.3595
0.600900,1.2273
0.600925,1.0944
0.600950,0.9493
0.600975,0.8099
0.601000,0.6834
0.601025,0.5585
0.601050,0.4505
0.601075,0.3562
0.601100,0.2732
0.601125,0.2007
0.601150,0.1394
0.601175,0.0919
0.601200,0.0572
0.601225,0.0347
0.601250,0.0210
0.601275,0.0169
0.601300,0.0218
0.601325,0.0387
0.601350,0.0693
0.601375,0.1112
0.601400,0.1644
0.601425,0.2297
0.601450,0.3078
0.601475,0.3981
0.601500,0.4988
0.601525,0.6157
0.601550,0.7390
0.601575,0.8687
0.601600,1.0009
0.601625,1.1129
0.601650,1.2185
0.601675,1.3168
0.601700,1.3958
0.601725,1.4852
0.601750,1.5779
0.601775,1.6714
0.601800,1.7850
0.601825,1.8841
0.601850,1.9881
0.601875,2.0944
0.601900,2.1992
0.601925,2.3112
0.601950,2.4160
0.601975,2.5232
0.602000,2.6215
0.602025,2.7158
0.602050,2.8060
0.602075,2.8834
0.602100,2.9623
0.602125,3.0349
0.602150,3.0961
0.602175,3.1493
0.602200,3.1888
0.602225,3.2170
0.602250,3.2371
0.602275,3.2468
0.602300,3.2468
0.602325,3.2388
0.602350,3.2170
0.602375,3.1840
0.602400,3.1429
0.602425,3.0897
0.602450,3.0292
0.602475,2.9583
0.602500,2.8793
0.602525,2.7963
0.602550,2.7093
0.602575,2.6239
0.602600,2.5223
0.602625,2.4176
0.602650,2.3120
0.602675,2.2032
0.602700,2.1105
0.602725,1.9993
0.602750,1.8889
0.602775,1.7785
0.602800,1.6730
0.602825,1.5851
0.602850,1.4836
0.602875,1.3643
0.602900,1.2330
0.602925,1.0927
0.602950,0.9493
0.602975,0.8123
0.603000,0.6769
0.603025,0.5544
0.603050,0.4497
0.603075,0.3594
0.603100,0.2764
0.603125,0.2031
0.603150,0.1402
0.603175,0.0911
0.603200,0.0572
0.603225,0.0338
0.603250,0.0210
0.603275,0.0169
0.603300,0.0218
0.603325,0.0387
0.603350,0.0709
0.603375,0.1144
0.603400,0.1668
0.603425,0.2297
0.603450,0.3054
0.603475,0.3916
0.603500,0.4980
0.603525,0.6157
0.603550,0.7382
0.603575,0.8744
0.603600,1.0081
0.603625,1.1113
0.603650,1.2088
0.603675,1.2910
0.603700,1.3684
0.603725,1.4747
0.603750,1.5827
0.603775,1.6939
0.603800,1.7922
0.603825,1.8857
0.603850,1.9873
0.603875,2.0928
0.603900,2.2097
0.603925,2.3160
0.603950,2.4152
0.603975,2.5135
0.604000,2.6110
0.604025,2.7109
0.604050,2.8068
0.604075,2.8898
0.604100,2.9648
0.604125,3.0365
0.604150,3.0961
0.604175,3.1477
0.604200,3.1896
0.604225,3.2178
0.604250,3.2363
0.604275,3.2468
0.604300,3.2460
0.604325,3.2388
0.604350,3.2186
0.604375,3.1864
0.604400,3.1437
0.604425,3.0913
0.604450,3.0308
0.604475,2.9607
0.604500,2.8850
0.604525,2.7963
0.604550,2.7053
0.604575,2.6134
0.604600,2.5119
0.604625,2.4152
0.604650,2.3185
0.604675,2.2193
0.604700,2.1138
0.604725,2.0018
0.604750,1.8889
0.604775,1.7801
0.604800,1.6899
0.604825,1.5900
0.604850,1.4876
0.604875,1.3716
0.604900,1.2314
0.604925,1.0968
0.604950,0.9485
0.604975,0.8002
0.605000,0.6729
0.605025,0.5536
0.605050,0.4505
0.605075,0.3618
0.605100,0.2756
0.605125,0.2015
0.605150,0.1402
0.605175,0.0919
0.605200,0.0572
0.605225,0.0338
0.605250,0.0210
0.605275,0.0169
0.605300,0.0218
0.605325,0.0395
0.605350,0.0701
0.605375,0.1120
0.605400,0.1644
0.605425,0.2297
0.605450,0.3070
0.605475,0.3997
0.605500,0.5053
0.605525,0.6165
0.605550,0.7333
0.605575,0.8647
0.605600,0.9856
0.605625,1.0968
0.605650,1.1999
0.605675,1.2886
0.605700,1.3877
0.605725,1.4804
0.605750,1.5787
0.605775,1.6738
0.605800,1.7689
0.605825,1.8777
0.605850,1.9913
0.605875,2.1089
0.605900,2.2161
0.605925,2.3193
0.605950,2.4144
0.605975,2.5135
0.606000,2.6182
0.606025,2.7141
0.606050,2.8068
0.606075,2.8858
0.606100,2.9599
0.606125,3.0341
0.606150,3.0961
0.606175,3.1509
0.606200,3.1912
0.606225,3.2186
0.606250,3.2379
0.606275,3.2468
0.606300,3.2476
0.606325,3.2396
0.606350,3.2186
0.606375,3.1840
0.606400,3.1404
0.606425,3.0905
0.606450,3.0316
0.606475,2.9640
0.606500,2.8850
0.606525,2.7963
0.606550,2.7053
0.606575,2.6150
0.606600,2.5207
0.606625,2.4176
0.606650,2.3128
0.606675,2.2016
0.606700,2.0977
0.606725,1.9961
0.606750,1.8954
0.606775,1.8011
0.606800,1.6939
0.606825,1.5932
0.606850,1.4860
0.606875,1.3587
0.606900,1.2273
0.606925,1.0944
0.606950,0.9477
0.606975,0.8107
0.607000,0.6842
0.607025,0.5585
0.607050,0.4513
0.607075,0.3562
0.607100,0.2724
0.607125,0.1999
0.607150,0.1394
0.607175,0.0911
0.607200,0.0564
0.607225,0.0338
0.607250,0.0201
0.607275,0.0161
0.607300,0.0226
0.607325,0.0387
0.607350,0.0693
0.607375,0.1112
0.607400,0.1644
0.607425,0.2289
0.607450,0.3078
0.607475,0.3981
0.607500,0.4980
0.607525,0.6165
0.607550,0.7398
0.607575,0.8687
0.607600,1.0017
0.607625,1.1137
0.607650,1.2177
0.607675,1.3168
0.607700,1.3958
0.607725,1.4852
0.607750,1.5779
0.607775,1.6714
0.607800,1.7842
0.607825,1.8825
0.607850,1.9873
0.607875,2.0936
0.607900,2.1992
0.607925,2.3120
0.607950,2.4160
0.607975,2.5232
0.608000,2.6215
0.608025,2.7158
0.608050,2.8068
0.608075,2.8850
0.608100,2.9632
0.608125,3.0357
0.608150,3.0961
0.608175,3.1485
0.608200,3.1896
0.608225,3.2178
0.608250,3.2371
0.608275,3.2476
0.608300,3.2468
0.608325,3.2388
0.608350,3.2186
0.608375,3.1848
0.608400,3.1437
0.608425,3.0897
0.608450,3.0300
0.608475,2.9591
0.608500,2.8793
0.608525,2.7963
0.608550,2.7093
0.608575,2.6247
0.608600,2.5223
0.608625,2.4184
0.608650,2.3120
0.608675,2.2024
0.608700,2.1105
0.608725,1.9985
0.608750,1.8881
0.608775,1.7793
0.608800,1.6730
0.608825,1.5859
0.608850,1.4844
0.608875,1.3635
0.608900,1.2330
0.608925,1.0919
0.608950,0.9485
0.608975,0.8123
0.609000,0.6761
0.609025,0.5544
0.609050,0.4497
0.609075,0.3594
0.609100,0.2772
0.609125,0.2031
0.609150,0.1410
0.609175,0.0919
0.609200,0.0564
0.609225,0.0338
0.609250,0.0210
0.609275,0.0169
0.609300,0.0218
0.609325,0.0395
0.609350,0.0709
0.609375,0.1136
0.609400,0.1676
0.609425,0.2297
0.609450,0.3046
0.609475,0.3916
0.609500,0.4980
0.609525,0.6149
0.609550,0.7382
0.609575,0.8744
0.609600,1.0081
0.609625,1.1121
0.609650,1.2088
0.609675,1.2910
0.609700,1.3692
0.609725,1.4731
0.609750,1.5819
0.609775,1.6939
0.609800,1.7906
0.609825,1.8857
0.609850,1.9881
0.609875,2.0920
0.609900,2.2105
0.609925,2.3168
0.609950,2.4152
0.609975,2.5135
0.610000,2.6118
0.610025,2.7117
0.610050,2.8068
0.610075,2.8914
0.610100,2.9648
0.610125,3.0349
0.610150,3.0961
0.610175,3.1469
0.610200,3.1904
0.610225,3.2194
0.610250,3.2371
0.610275,3.2468
0.610300,3.2468
0.610325,3.2379
0.610350,3.2186
0.610375,3.1856
0.610400,3.1429
0.610425,3.0913
0.610450,3.0300
0.610475,2.9599
0.610500,2.8850
0.610525,2.7971
0.610550,2.7061
0.610575,2.6134
0.610600,2.5119
0.610625,2.4152
0.610650,2.3168
0.610675,2.2193
0.610700,2.1130
0.610725,2.0001
0.610750,1.8881
0.610775,1.7793
0.610800,1.6899
0.610825,1.5908
0.610850,1.4884
0.610875,1.3724
0.610900,1.2314
0.610925,1.0968
0.610950,0.9477
0.610975,0.8002
0.611000,0.6721
0.611025,0.5528
0.611050,0.4505
0.611075,0.3610
0.611100,0.2748
0.611125,0.2015
0.611150,0.1394
0.611175,0.0911
0.611200,0.0580
0.611225,0.0338
0.611250,0.0201
0.611275,0.0161
0.611300,0.0218
0.611325,0.0395
0.611350,0.0701
0.611375,0.1120
0.611400,0.1644
0.611425,0.2297
0.611450,0.3078
0.611475,0.3997
0.611500,0.5045
0.611525,0.6157
0.611550,0.7325
0.611575,0.8631
0.611600,0.9856
0.611625,1.0968
0.611650,1.2007
0.611675,1.2894
0.611700,1.3885
0.611725,1.4804
0.611750,1.5779
0.611775,1.6730
0.611800,1.7689
0.611825,1.8777
0.611850,1.9913
0.611875,2.1097
0.611900,2.2161
0.611925,2.3193
0.611950,2.4152
0.611975,2.5127
0.612000,2.6182
0.612025,2.7141
0.612050,2.8068
0.612075,2.8858
0.612100,2.9599
0.612125,3.0333
0.612150,3.0961
0.612175,3.1493
0.612200,3.1912
0.612225,3.2194
0.612250,3.2371
0.612275,3.2468
0.612300,3.2476
0.612325,3.2379
0.612350,3.2170
0.612375,3.1840
0.612400,3.1412
0.612425,3.0905
0.612450,3.0316
0.612475,2.9640
0.612500,2.8842
0.612525,2.7971
0.612550,2.7053
0.612575,2.6142
0.612600,2.5207
0.612625,2.4168
0.612650,2.3120
0.612675,2.2008
0.612700,2.0968
0.612725,1.9961
0.612750,1.8954
0.612775,1.8019
0.612800,1.6947
0.612825,1.5924
0.612850,1.4860
0.612875,1.3595
0.612900,1.2273
0.612925,1.0944
0.612950,0.9485
0.612975,0.8107
0.613000,0.6834
0.613025,0.5585
0.613050,0.4513
0.613075,0.3562
0.613100,0.2724
0.613125,0.2007
0.613150,0.1394
0.613175,0.0919
0.613200,0.0572
0.613225,0.0338
0.613250,0.0210
0.613275,0.0161
0.613300,0.0218
0.613325,0.0395
0.613350,0.0693
0.613375,0.1112
0.613400,0.1652
0.613425,0.2297
0.613450,0.3078
0.613475,0.3989
0.613500,0.4980
0.613525,0.6149
0.613550,0.7390
0.613575,0.8679
0.613600,1.0001
0.613625,1.1121
0.613650,1.2168
0.613675,1.3168
0.613700,1.3958
0.613725,1.4844
0.613750,1.5771
0.613775,1.6714
0.613800,1.7850
0.613825,1.8841
0.613850,1.9889
0.613875,2.0944
0.613900,2.1992
0.613925,2.3120
0.613950,2.4160
0.613975,2.5240
0.614000,2.6223
0.614025,2.7158
0.614050,2.8060
0.614075,2.8842
0.614100,2.9615
0.614125,3.0333
0.614150,3.0961
0.614175,3.1485
0.614200,3.1888
0.614225,3.2186
0.614250,3.2371
0.614275,3.2468
0.614300,3.2476
0.614325,3.2388
0.614350,3.2170
0.614375,3.1848
0.614400,3.1421
0.614425,3.0897
0.614450,3.0300
0.614475,2.9591
0.614500,2.8810
0.614525,2.7963
0.614550,2.7101
0.614575,2.6255
0.614600,2.5223
0.614625,2.4184
0.614650,2.3128
0.614675,2.2024
0.614700,2.1105
0.614725,1.9985
0.614750,1.8881
0.614775,1.7785
0.614800,1.6722
0.614825,1.5851
0.614850,1.4844
0.614875,1.3635
0.614900,1.2338
0.614925,1.0927
0.614950,0.9485
0.614975,0.8123
0.615000,0.6769
0.615025,0.5552
0.615050,0.4505
0.615075,0.3594
0.615100,0.2772
0.615125,0.2023
0.615150,0.1402
0.615175,0.0919
0.615200,0.0572
0.615225,0.0330
0.615250,0.0210
0.615275,0.0169
0.615300,0.0218
0.615325,0.0387
0.615350,0.0701
0.615375,0.1128
0.615400,0.1660
0.615425,0.2297
0.615450,0.3046
0.615475,0.3925
0.615500,0.4980
0.615525,0.6149
0.615550,0.7374
0.615575,0.8736
0.615600,1.0073
0.615625,1.1113
0.615650,1.2088
0.615675,1.2910
0.615700,1.3692
0.615725,1.4747
0.615750,1.5835
0.615775,1.6947
0.615800,1.7914
0.615825,1.8865
0.615850,1.9881
0.615875,2.0920
0.615900,2.2097
0.615925,2.3160
0.615950,2.4144
0.615975,2.5143
0.616000,2.6118
0.616025,2.7109
0.616050,2.8076
0.616075,2.8914
0.616100,2.9656
0.616125,3.0373
0.616150,3.0969
0.616175,3.1485
0.616200,3.1904
0.616225,3.2194
0.616250,3.2379
0.616275,3.2460
0.616300,3.2468
0.616325,3.2379
0.616350,3.2170
0.616375,3.1856
0.616400,3.1421
0.616425,3.0897
0.616450,3.0300
0.616475,2.9599
0.616500,2.8834
0.616525,2.7971
0.616550,2.7053
0.616575,2.6126
0.616600,2.5127
0.616625,2.4152
0.616650,2.3168
0.616675,2.2185
0.616700,2.1130
0.616725,2.0001
0.616750,1.8889
0.616775,1.7810
0.616800,1.6891
0.616825,1.5908
0.616850,1.4884
0.616875,1.3716
0.616900,1.2314
0.616925,1.0968
0.616950,0.9485
0.616975,0.8002
0.617000,0.6729
0.617025,0.5536
0.617050,0.4505
0.617075,0.3610
0.617100,0.2748
0.617125,0.2007
0.617150,0.1402
0.617175,0.0927
0.617200,0.0588
0.617225,0.0347
0.617250,0.0218
0.617275,0.0161
0.617300,0.0218
0.617325,0.0387
0.617350,0.0693
0.617375,0.1120
0.617400,0.1636
0.617425,0.2289
0.617450,0.3078
0.617475,0.4005
0.617500,0.5045
0.617525,0.6165
0.617550,0.7325
0.617575,0.8639
0.617600,0.9872
0.617625,1.0976
0.617650,1.2015
0.617675,1.2910
0.617700,1.3877
0.617725,1.4820
0.617750,1.5787
0.617775,1.6730
0.617800,1.7689
0.617825,1.8777
0.617850,1.9897
0.617875,2.1089
0.617900,2.2153
0.617925,2.3185
0.617950,2.4144
0.617975,2.5119
0.618000,2.6174
0.618025,2.7133
0.618050,2.8060
0.618075,2.8850
0.618100,2.9583
0.618125,3.0333
0.618150,3.0961
0.618175,3.1501
0.618200,3.1912
0.618225,3.2186
0.618250,3.2363
0.618275,3.2460
0.618300,3.2468
0.618325,3.2388
0.618350,3.2178
0.618375,3.1840
0.618400,3.1412
0.618425,3.0897
0.618450,3.0325
0.618475,2.9648
0.618500,2.8842
0.618525,2.7971
0.618550,2.7053
0.618575,2.6142
0.618600,2.5207
0.618625,2.4168
0.618650,2.3120
0.618675,2.2016
0.618700,2.0968
0.618725,1.9953
0.618750,1.8954
0.618775,1.8019
0.618800,1.6947
0.618825,1.5924
0.618850,1.4860
0.618875,1.3595
0.618900,1.2273
0.618925,1.0944
0.618950,0.9485
0.618975,0.8099
0.619000,0.6826
0.619025,0.5585
0.619050,0.4497
0.619075,0.3562
0.619100,0.2732
0.619125,0.1999
0.619150,0.1402
0.619175,0.0919
0.619200,0.0572
0.619225,0.0338
0.619250,0.0210
0.619275,0.0169
0.619300,0.0218
0.619325,0.0395
0.619350,0.0693
0.619375,0.1104
0.619400,0.1652
0.619425,0.2297
0.619450,0.3078
0.619475,0.3989
0.619500,0.4972
0.619525,0.6149
0.619550,0.7390
0.619575,0.8679
0.619600,1.0009
0.619625,1.1129
0.619650,1.2168
0.619675,1.3168
0.619700,1.3958
0.619725,1.4852
0.619750,1.5787
0.619775,1.6722
0.619800,1.7842
0.619825,1.8841
0.619850,1.9889
0.619875,2.0936
0.619900,2.1992
0.619925,2.3120
0.619950,2.4160
0.619975,2.5240
0.620000,2.6223
0.620025,2.7158
0.620050,2.8068
0.620075,2.8850
0.620100,2.9623
0.620125,3.0349
0.620150,3.0961
0.620175,3.1485
0.620200,3.1896
0.620225,3.2178
0.620250,3.2363
0.620275,3.2468
0.620300,3.2460
0.620325,3.2379
0.620350,3.2178
0.620375,3.1840
0.620400,3.1429
0.620425,3.0905
0.620450,3.0300
0.620475,2.9591
0.620500,2.8801
0.620525,2.7963
0.620550,2.7093
0.620575,2.6255
0.620600,2.5223
0.620625,2.4176
0.620650,2.3128
0.620675,2.2040
0.620700,2.1114
0.620725,2.0001
0.620750,1.8889
0.620775,1.7777
0.620800,1.6722
0.620825,1.5851
0.620850,1.4836
0.620875,1.3635
0.620900,1.2322
0.620925,1.0919
0.620950,0.9485
0.620975,0.8115
0.621000,0.6769
0.621025,0.5552
0.621050,0.4497
0.621075,0.3594
0.621100,0.2772
0.621125,0.2023
0.621150,0.1410
0.621175,0.0911
0.621200,0.0564
0.621225,0.0338
0.621250,0.0201
0.621275,0.0169
0.621300,0.0218
0.621325,0.0387
0.621350,0.0701
0.621375,0.1128
0.621400,0.1668
0.621425,0.2297
0.621450,0.3054
0.621475,0.3933
0.621500,0.4980
0.621525,0.6149
0.621550,0.7382
0.621575,0.8736
0.621600,1.0081
0.621625,1.1121
0.621650,1.2088
0.621675,1.2910
0.621700,1.3684
0.621725,1.4739
0.621750,1.5827
0.621775,1.6939
0.621800,1.7914
0.621825,1.8865
0.621850,1.9881
0.621875,2.0928
0.621900,2.2097
0.621925,2.3168
0.621950,2.4144
0.621975,2.5135
0.622000,2.6110
0.622025,2.7101
0.622050,2.8060
0.622075,2.8906
0.622100,2.9648
0.622125,3.0357
0.622150,3.0961
0.622175,3.1477
0.622200,3.1896
0.622225,3.2186
0.622250,3.2363
0.622275,3.2468
0.622300,3.2468
0.622325,3.2388
0.622350,3.2194
0.622375,3.1872
0.622400,3.1429
0.622425,3.0913
0.622450,3.0308
0.622475,2.9599
0.622500,2.8850
0.622525,2.7963
0.622550,2.7053
0.622575,2.6134
0.622600,2.5111
0.622625,2.4144
0.622650,2.3177
0.622675,2.2185
0.622700,2.1138
0.622725,2.0001
0.622750,1.8881
0.622775,1.7801
0.622800,1.6891
0.622825,1.5908
0.622850,1.4876
0.622875,1.3716
0.622900,1.2314
0.622925,1.0968
0.622950,0.9485
0.622975,0.8010
0.623000,0.6721
0.623025,0.5536
0.623050,0.4505
0.623075,0.3610
0.623100,0.2756
0.623125,0.2007
0.623150,0.1402
0.623175,0.0919
0.623200,0.0572
0.623225,0.0338
0.623250,0.0210
0.623275,0.0161
0.623300,0.0218
0.623325,0.0395
0.623350,0.0693
0.623375,0.1120
0.623400,0.1644
0.623425,0.2289
0.623450,0.3078
0.623475,0.3997
0.623500,0.5029
0.623525,0.6149
0.623550,0.7317
0.623575,0.8623
0.623600,0.9848
0.623625,1.0968
0.623650,1.1999
0.623675,1.2894
0.623700,1.3885
0.623725,1.4812
0.623750,1.5787
0.623775,1.6730
0.623800,1.7681
0.623825,1.8777
0.623850,1.9905
0.623875,2.1097
0.623900,2.2153
0.623925,2.3185
0.623950,2.4152
0.623975,2.5119
0.624000,2.6182
0.624025,2.7149
0.624050,2.8068
0.624075,2.8874
0.624100,2.9607
0.624125,3.0333
0.624150,3.0969
0.624175,3.1501
0.624200,3.1904
0.624225,3.2194
0.624250,3.2371
0.624275,3.2460
0.624300,3.2476
0.624325,3.2379
0.624350,3.2170
0.624375,3.1840
0.624400,3.1412
0.624425,3.0897
0.624450,3.0325
0.624475,2.9648
0.624500,2.8850
0.624525,2.7971
0.624550,2.7061
0.624575,2.6150
0.624600,2.5215
0.624625,2.4176
0.624650,2.3128
0.624675,2.2016
0.624700,2.0977
0.624725,1.9961
0.624750,1.8954
0.624775,1.8011
0.624800,1.6931
0.624825,1.5924
0.624850,1.4860
0.624875,1.3587
0.624900,1.2273
0.624925,1.0944
0.624950,0.9485
0.624975,0.8107
0.625000,2.8036
0.625025,2.7472
0.625050,2.6932
0.625075,2.6037
0.625100,2.5151
0.625125,2.4184
0.625150,2.3104
0.625175,2.1992
0.625200,2.0936
0.625225,1.9824
0.625250,1.8825
0.625275,1.7850
0.625300,1.6762
0.625325,1.5747
0.625350,1.4699
0.625375,1.3538
0.625400,1.2314
0.625425,1.0968
0.625450,0.9485
0.625475,0.8075
0.625500,0.6785
0.625525,0.5577
0.625550,0.4553
0.625575,0.3594
0.625600,0.2748
0.625625,0.2023
0.625650,0.1410
0.625675,0.0927
0.625700,0.0572
0.625725,0.0338
0.625750,0.0201
0.625775,0.0161
0.625800,0.0218
0.625825,0.0403
0.625850,0.0709
0.625875,0.1128
0.625900,0.1676
0.625925,0.2321
0.625950,0.3111
0.625975,0.4037
0.626000,0.5045
0.626025,0.6157
0.626050,0.7325
0.626075,0.8502
0.626100,0.9735
0.626125,1.0847
0.626150,1.1886
0.626175,1.2902
0.626200,1.3692
0.626225,1.4618
0.626250,1.5593
0.626275,1.6544
0.626300,1.7689
0.626325,1.8777
0.626350,1.9913
0.626375,2.0985
0.626400,2.2040
0.626425,2.3072
0.626450,2.4023
0.626475,2.5119
0.626500,2.6126
0.626525,2.7093
0.626550,2.8012
0.626575,2.8801
0.626600,2.9599
0.626625,3.0333
0.626650,3.0961
0.626675,3.1493
0.626700,3.1904
0.626725,3.2178
0.626750,3.2363
0.626775,3.2468
0.626800,3.2468
0.626825,3.2379
0.626850,3.2170
0.626875,3.1832
0.626900,3.1396
0.626925,3.0897
0.626950,3.0325
0.626975,2.9599
0.627000,2.8801
0.627025,2.7915
0.627050,2.7004
0.627075,2.6150
0.627100,2.5103
0.627125,2.4063
0.627150,2.3015
0.627175,2.1903
0.627200,2.0977
0.627225,1.9961
0.627250,1.8954
0.627275,1.7842
0.627300,1.6762
0.627325,1.5747
0.627350,1.4683
0.627375,1.3595
0.627400,1.2386
0.627425,1.1056
0.627450,0.9598
0.627475,0.8212
0.627500,0.6834
0.627525,0.5585
0.627550,0.4505
0.627575,0.3586
0.627600,0.2748
0.627625,0.2023
0.627650,0.1418
0.627675,0.0927
0.627700,0.0572
0.627725,0.0338
0.627750,0.0210
0.627775,0.0161
0.627800,0.0218
0.627825,0.0395
0.627850,0.0685
0.627875,0.1128
0.627900,0.1676
0.627925,0.2321
0.627950,0.3103
0.627975,0.3989
0.628000,0.5061
0.628025,0.6229
0.628050,0.7470
0.628075,0.8768
0.628100,1.0001
0.628125,1.1121
0.628150,1.2160
0.628175,1.2966
0.628200,1.3764
0.628225,1.4659
0.628250,1.5593
0.628275,1.6722
0.628300,1.7697
0.628325,1.8688
0.628350,1.9736
0.628375,2.0807
0.628400,2.1992
0.628425,2.3120
0.628450,2.4160
0.628475,2.5167
0.628500,2.6166
0.628525,2.7101
0.628550,2.8004
0.628575,2.8850
0.628600,2.9607
0.628625,3.0325
0.628650,3.0937
0.628675,3.1461
0.628700,3.1888
0.628725,3.2186
0.628750,3.2379
0.628775,3.2468
0.628800,3.2468
0.628825,3.2371
0.628850,3.2162
0.628875,3.1840
0.628900,3.1396
0.628925,3.0873
0.628950,3.0276
0.628975,2.9559
0.629000,2.8793
0.629025,2.7955
0.629050,2.7093
0.629075,2.6158
0.629100,2.5127
0.629125,2.4087
0.629150,2.3032
0.629175,2.2024
0.629200,2.0952
0.629225,1.9848
0.629250,1.8744
0.629275,1.7648
0.629300,1.6722
0.629325,1.5851
0.629350,1.4836
0.629375,1.3772
0.629400,1.2467
0.629425,1.1056
0.629450,0.9606
0.629475,0.8115
0.629500,0.6818
0.629525,0.5601
0.629550,0.4553
0.629575,0.3642
0.629600,0.2764
0.629625,0.2023
0.629650,0.1402
0.629675,0.0919
0.629700,0.0572
0.629725,0.0338
0.629750,0.0201
0.629775,0.0161
0.629800,0.0218
0.629825,0.0395
0.629850,0.0701
0.629875,0.1128
0.629900,0.1652
0.629925,0.2289
0.629950,0.3046
0.629975,0.3997
0.630000,0.5053
0.630025,0.6221
0.630050,0.7454
0.630075,0.8736
0.630100,0.9872
0.630125,1.0903
0.630150,1.1870
0.630175,1.2692
0.630200,1.3684
0.630225,1.4739
0.630250,1.5835
0.630275,1.6786
0.630300,1.7753
0.630325,1.8720
0.630350,1.9727
0.630375,2.0936
0.630400,2.2016
0.630425,2.3072
0.630450,2.4047
0.630475,2.5038
0.630500,2.6110
0.630525,2.7109
0.630550,2.8068
0.630575,2.8874
0.630600,2.9623
0.630625,3.0333
0.630650,3.0929
0.630675,3.1477
0.630700,3.1896
0.630725,3.2178
0.630750,3.2363
0.630775,3.2460
0.630800,3.2468
0.630825,3.2388
0.630850,3.2186
0.630875,3.1848
0.630900,3.1404
0.630925,3.0881
0.630950,3.0284
0.630975,2.9599
0.631000,2.8793
0.631025,2.7915
0.631050,2.6996
0.631075,2.6070
0.631100,2.5111
0.631125,2.4144
0.631150,2.3177
0.631175,2.2056
0.631200,2.1001
0.631225,1.9873
0.631250,1.8744
0.631275,1.7801
0.631300,1.6714
0.631325,1.5722
0.631350,1.4699
0.631375,1.3530
0.631400,1.2305
0.631425,1.0960
0.631450,0.9485
0.631475,0.8075
0.631500,0.6793
0.631525,0.5593
0.631550,0.4561
0.631575,0.3602
0.631600,0.2764
0.631625,0.2031
0.631650,0.1418
0.631675,0.0927
0.631700,0.0572
0.631725,0.0338
0.631750,0.0210
0.631775,0.0169
0.631800,0.0218
0.631825,0.0395
0.631850,0.0701
0.631875,0.1128
0.631900,0.1676
0.631925,0.2321
0.631950,0.3111
0.631975,0.4037
0.632000,0.5045
0.632025,0.6165
0.632050,0.7325
0.632075,0.8510
0.632100,0.9743
0.632125,1.0839
0.632150,1.1878
0.632175,1.2886
0.632200,1.3684
0.632225,1.4626
0.632250,1.5593
0.632275,1.6536
0.632300,1.7681
0.632325,1.8768
0.632350,1.9913
0.632375,2.0985
0.632400,2.2048
0.632425,2.3080
0.632450,2.4039
0.632475,2.5127
0.632500,2.6134
0.632525,2.7085
0.632550,2.8012
0.632575,2.8810
0.632600,2.9599
0.632625,3.0333
0.632650,3.0961
0.632675,3.1493
0.632700,3.1904
0.632725,3.2194
0.632750,3.2371
0.632775,3.2460
0.632800,3.2460
0.632825,3.2371
0.632850,3.2170
0.632875,3.1840
0.632900,3.1404
0.632925,3.0897
0.632950,3.0325
0.632975,2.9599
0.633000,2.8801
0.633025,2.7915
0.633050,2.7004
0.633075,2.6150
0.633100,2.5111
0.633125,2.4071
0.633150,2.3007
0.633175,2.1903
0.633200,2.0968
0.633225,1.9953
0.633250,1.8946
0.633275,1.7834
0.633300,1.6754
0.633325,1.5747
0.633350,1.4683
0.633375,1.3595
0.633400,1.2386
0.633425,1.1056
0.633450,0.9598
0.633475,0.8212
0.633500,0.6834
0.633525,0.5585
0.633550,0.4505
0.633575,0.3586
0.633600,0.2748
0.633625,0.2031
0.633650,0.1418
0.633675,0.0919
0.633700,0.0572
0.633725,0.0338
0.633750,0.0201
0.633775,0.0169
0.633800,0.0218
0.633825,0.0395
0.633850,0.0693
0.633875,0.1128
0.633900,0.1660
0.633925,0.2313
0.633950,0.3095
0.633975,0.3989
0.634000,0.5077
0.634025,0.6237
0.634050,0.7470
0.634075,0.8760
0.634100,1.0001
0.634125,1.1137
0.634150,1.2168
0.634175,1.2966
0.634200,1.3756
0.634225,1.4642
0.634250,1.5577
0.634275,1.6714
0.634300,1.7697
0.634325,1.8688
0.634350,1.9736
0.634375,2.0791
0.634400,2.1976
0.634425,2.3120
0.634450,2.4160
0.634475,2.5167
0.634500,2.6150
0.634525,2.7093
0.634550,2.8004
0.634575,2.8858
0.634600,2.9607
0.634625,3.0333
0.634650,3.0945
0.634675,3.1469
0.634700,3.1896
0.634725,3.2178
0.634750,3.2371
0.634775,3.2468
0.634800,3.2468
0.634825,3.2379
0.634850,3.2170
0.634875,3.1840
0.634900,3.1396
0.634925,3.0873
0.634950,3.0260
0.634975,2.9551
0.635000,2.8793
0.635025,2.7963
0.635050,2.7093
0.635075,2.6150
0.635100,2.5127
0.635125,2.4087
0.635150,2.3032
0.635175,2.2032
0.635200,2.0960
0.635225,1.9840
0.635250,1.8736
0.635275,1.7656
0.635300,1.6738
0.635325,1.5867
0.635350,1.4844
0.635375,1.3756
0.635400,1.2451
0.635425,1.1048
0.635450,0.9622
0.635475,0.8123
0.635500,0.6810
0.635525,0.5585
0.635550,0.4537
0.635575,0.3642
0.635600,0.2772
0.635625,0.2031
0.635650,0.1402
0.635675,0.0911
0.635700,0.0564
0.635725,0.0338
0.635750,0.0210
0.635775,0.0161
0.635800,0.0218
0.635825,0.0395
0.635850,0.0709
0.635875,0.1152
0.635900,0.1668
0.635925,0.2297
0.635950,0.3054
0.635975,0.3989
0.636000,0.5053
0.636025,0.6221
0.636050,0.7446
0.636075,0.8727
0.636100,0.9864
0.636125,1.0903
0.636150,1.1870
0.636175,1.2684
0.636200,1.3675
0.636225,1.4731
0.636250,1.5819
0.636275,1.6786
0.636300,1.7761
0.636325,1.8712
0.636350,1.9719
0.636375,2.0912
0.636400,2.1984
0.636425,2.3048
0.636450,2.4039
0.636475,2.5046
0.636500,2.6126
0.636525,2.7125
0.636550,2.8068
0.636575,2.8874
0.636600,2.9607
0.636625,3.0316
0.636650,3.0929
0.636675,3.1477
0.636700,3.1896
0.636725,3.2170
0.636750,3.2355
0.636775,3.2452
0.636800,3.2460
0.636825,3.2379
0.636850,3.2170
0.636875,3.1832
0.636900,3.1396
0.636925,3.0889
0.636950,3.0284
0.636975,2.9591
0.637000,2.8777
0.637025,2.7899
0.637050,2.6996
0.637075,2.6070
0.637100,2.5119
0.637125,2.4152
0.637150,2.3177
0.637175,2.2048
0.637200,2.0993
0.637225,1.9864
0.637250,1.8744
0.637275,1.7810
0.637300,1.6722
0.637325,1.5722
0.637350,1.4699
0.637375,1.3538
0.637400,1.2322
0.637425,1.0968
0.637450,0.9477
0.637475,0.8067
0.637500,0.6777
0.637525,0.5601
0.637550,0.4577
0.637575,0.3610
0.637600,0.2764
0.637625,0.2023
0.637650,0.1410
0.637675,0.0935
0.637700,0.0580
0.637725,0.0338
0.637750,0.0201
0.637775,0.0161
0.637800,0.0218
0.637825,0.0403
0.637850,0.0709
0.637875,0.1136
0.637900,0.1676
0.637925,0.2321
0.637950,0.3103
0.637975,0.4029
0.638000,0.5053
0.638025,0.6173
0.638050,0.7341
0.638075,0.8526
0.638100,0.9743
0.638125,1.0839
0.638150,1.1878
0.638175,1.2886
0.638200,1.3692
0.638225,1.4626
0.638250,1.5593
0.638275,1.6544
0.638300,1.7681
0.638325,1.8768
0.638350,1.9913
0.638375,2.0993
0.638400,2.2056
0.638425,2.3096
0.638450,2.4047
0.638475,2.5127
0.638500,2.6126
0.638525,2.7085
0.638550,2.8012
0.638575,2.8810
0.638600,2.9599
0.638625,3.0333
0.638650,3.0953
0.638675,3.1485
0.638700,3.1904
0.638725,3.2186
0.638750,3.2363
0.638775,3.2468
0.638800,3.2468
0.638825,3.2379
0.638850,3.2170
0.638875,3.1832
0.638900,3.1412
0.638925,3.0905
0.638950,3.0325
0.638975,2.9591
0.639000,2.8785
0.639025,2.7915
0.639050,2.7004
0.639075,2.6158
0.639100,2.5111
0.639125,2.4063
0.639150,2.3015
0.639175,2.1903
0.639200,2.0968
0.639225,1.9953
0.639250,1.8938
0.639275,1.7834
0.639300,1.6762
0.639325,1.5755
0.639350,1.4691
0.639375,1.3587
0.639400,1.2378
0.639425,1.1048
0.639450,0.9590
0.639475,0.8212
0.639500,0.6842
0.639525,0.5585
0.639550,0.4513
0.639575,0.3578
0.639600,0.2748
0.639625,0.2031
0.639650,0.1426
0.639675,0.0927
0.639700,0.0572
0.639725,0.0338
0.639750,0.0218
0.639775,0.0177
0.639800,0.0218
0.639825,0.0387
0.639850,0.0685
0.639875,0.1128
0.639900,0.1676
0.639925,0.2321
0.639950,0.3103
0.639975,0.3989
0.640000,0.5061
0.640025,0.6237
0.640050,0.7470
0.640075,0.8760
0.640100,1.0001
0.640125,1.1129
0.640150,1.2177
0.640175,1.2974
0.640200,1.3756
0.640225,1.4642
0.640250,1.5577
0.640275,1.6705
0.640300,1.7697
0.640325,1.8696
0.640350,1.9736
0.640375,2.0791
0.640400,2.1976
0.640425,2.3112
0.640450,2.4160
0.640475,2.5175
0.640500,2.6158
0.640525,2.7093
0.640550,2.7996
0.640575,2.8826
0.640600,2.9591
0.640625,3.0316
0.640650,3.0929
0.640675,3.1469
0.640700,3.1880
0.640725,3.2178
0.640750,3.2379
0.640775,3.2476
0.640800,3.2484
0.640825,3.2388
0.640850,3.2170
0.640875,3.1840
0.640900,3.1404
0.640925,3.0881
0.640950,3.0268
0.640975,2.9551
0.641000,2.8785
0.641025,2.7955
0.641050,2.7101
0.641075,2.6166
0.641100,2.5143
0.641125,2.4087
0.641150,2.3023
0.641175,2.2016
0.641200,2.0952
0.641225,1.9840
0.641250,1.8736
0.641275,1.7632
0.641300,1.6714
0.641325,1.5835
0.641350,1.4828
0.641375,1.3756
0.641400,1.2459
0.641425,1.1056
0.641450,0.9622
0.641475,0.8131
0.641500,0.6818
0.641525,0.5593
0.641550,0.4545
0.641575,0.3642
0.641600,0.2772
0.641625,0.2039
0.641650,0.1410
0.641675,0.0919
0.641700,0.0564
0.641725,0.0330
0.641750,0.0201
0.641775,0.0169
0.641800,0.0226
0.641825,0.0403
0.641850,0.0709
0.641875,0.1136
0.641900,0.1660
0.641925,0.2289
0.641950,0.3046
0.641975,0.3997
0.642000,0.5053
0.642025,0.6221
0.642050,0.7454
0.642075,0.8736
0.642100,0.9872
0.642125,1.0903
0.642150,1.1862
0.642175,1.2684
0.642200,1.3684
0.642225,1.4747
0.642250,1.5835
0.642275,1.6778
0.642300,1.7745
0.642325,1.8696
0.642350,1.9719
0.642375,2.0928
0.642400,2.2008
0.642425,2.3064
0.642450,2.4047
0.642475,2.5046
0.642500,2.6126
0.642525,2.7125
0.642550,2.8076
0.642575,2.8874
0.642600,2.9615
0.642625,3.0325
0.642650,3.0937
0.642675,3.1493
0.642700,3.1904
0.642725,3.2178
0.642750,3.2355
0.642775,3.2444
0.642800,3.2460
0.642825,3.2388
0.642850,3.2186
0.642875,3.1840
0.642900,3.1404
0.642925,3.0881
0.642950,3.0284
0.642975,2.9599
0.643000,2.8777
0.643025,2.7899
0.643050,2.6988
0.643075,2.6078
0.643100,2.5127
0.643125,2.4152
0.643150,2.3177
0.643175,2.2056
0.643200,2.1001
0.643225,1.9881
0.643250,1.8760
0.643275,1.7801
0.643300,1.6705
0.643325,1.5714
0.643350,1.4691
0.643375,1.3538
0.643400,1.2322
0.643425,1.0968
0.643450,0.9485
0.643475,0.8067
0.643500,0.6793
0.643525,0.5601
0.643550,0.4569
0.643575,0.3602
0.643600,0.2756
0.643625,0.2023
0.643650,0.1418
0.643675,0.0935
0.643700,0.0580
0.643725,0.0338
0.643750,0.0210
0.643775,0.0169
0.643800,0.0218
0.643825,0.0387
0.643850,0.0693
0.643875,0.1120
0.643900,0.1676
0.643925,0.2329
0.643950,0.3111
0.643975,0.4029
0.644000,0.5045
0.644025,0.6157
0.644050,0.7325
0.644075,0.8510
0.644100,0.9735
0.644125,1.0839
0.644150,1.1878
0.644175,1.2894
0.644200,1.3692
0.644225,1.4626
0.644250,1.5601
0.644275,1.6544
0.644300,1.7689
0.644325,1.8768
0.644350,1.9905
0.644375,2.0985
0.644400,2.2048
0.644425,2.3088
0.644450,2.4039
0.644475,2.5119
0.644500,2.6110
0.644525,2.7077
0.644550,2.8004
0.644575,2.8810
0.644600,2.9599
0.644625,3.0333
0.644650,3.0961
0.644675,3.1485
0.644700,3.1896
0.644725,3.2178
0.644750,3.2363
0.644775,3.2460
0.644800,3.2468
0.644825,3.2379
0.644850,3.2170
0.644875,3.1832
0.644900,3.1412
0.644925,3.0905
0.644950,3.0325
0.644975,2.9591
0.645000,2.8785
0.645025,2.7907
0.645050,2.7004
0.645075,2.6150
0.645100,2.5111
0.645125,2.4071
0.645150,2.3015
0.645175,2.1911
0.645200,2.0960
0.645225,1.9945
0.645250,1.8930
0.645275,1.7826
0.645300,1.6770
0.645325,1.5755
0.645350,1.4691
0.645375,1.3595
0.645400,1.2386
0.645425,1.1056
0.645450,0.9598
0.645475,0.8212
0.645500,0.6834
0.645525,0.5585
0.645550,0.4513
0.645575,0.3578
0.645600,0.2748
0.645625,0.2031
0.645650,0.1426
0.645675,0.0927
0.645700,0.0580
0.645725,0.0338
0.645750,0.0210
0.645775,0.0169
0.645800,0.0218
0.645825,0.0395
0.645850,0.0693
0.645875,0.1128
0.645900,0.1668
0.645925,0.2313
0.645950,0.3086
0.645975,0.3981
0.646000,0.5061
0.646025,0.6229
0.646050,0.7470
0.646075,0.8752
0.646100,0.9993
0.646125,1.1129
0.646150,1.2168
0.646175,1.2974
0.646200,1.3764
0.646225,1.4659
0.646250,1.5585
0.646275,1.6714
0.646300,1.7697
0.646325,1.8696
0.646350,1.9744
0.646375,2.0799
0.646400,2.1984
0.646425,2.3104
0.646450,2.4152
0.646475,2.5167
0.646500,2.6166
0.646525,2.7101
0.646550,2.7996
0.646575,2.8850
0.646600,2.9607
0.646625,3.0325
0.646650,3.0937
0.646675,3.1461
0.646700,3.1888
0.646725,3.2186
0.646750,3.2379
0.646775,3.2468
0.646800,3.2460
0.646825,3.2371
0.646850,3.2178
0.646875,3.1864
0.646900,3.1412
0.646925,3.0881
0.646950,3.0276
0.646975,2.9551
0.647000,2.8793
0.647025,2.7955
0.647050,2.7093
0.647075,2.6158
0.647100,2.5135
0.647125,2.4095
0.647150,2.3032
0.647175,2.2024
0.647200,2.0952
0.647225,1.9840
0.647250,1.8736
0.647275,1.7640
0.647300,1.6730
0.647325,1.5859
0.647350,1.4844
0.647375,1.3764
0.647400,1.2459
0.647425,1.1056
0.647450,0.9614
0.647475,0.8131
0.647500,0.6818
0.647525,0.5601
0.647550,0.4553
0.647575,0.3651
0.647600,0.2780
0.647625,0.2031
0.647650,0.1410
0.647675,0.0919
0.647700,0.0572
0.647725,0.0347
0.647750,0.0210
0.647775,0.0161
0.647800,0.0218
0.647825,0.0395
0.647850,0.0709
0.647875,0.1144
0.647900,0.1668
0.647925,0.2297
0.647950,0.3046
0.647975,0.3997
0.648000,0.5053
0.648025,0.6213
0.648050,0.7446
0.648075,0.8736
0.648100,0.9864
0.648125,1.0903
0.648150,1.1870
0.648175,1.2684
0.648200,1.3675
0.648225,1.4731
0.648250,1.5827
0.648275,1.6786
0.648300,1.7753
0.648325,1.8704
0.648350,1.9711
0.648375,2.0920
0.648400,2.2008
0.648425,2.3072
0.648450,2.4055
0.648475,2.5038
0.648500,2.6102
0.648525,2.7101
0.648550,2.8068
0.648575,2.8882
0.648600,2.9623
0.648625,3.0325
0.648650,3.0929
0.648675,3.1469
0.648700,3.1896
0.648725,3.2178
0.648750,3.2363
0.648775,3.2452
0.648800,3.2460
0.648825,3.2388
0.648850,3.2194
0.648875,3.1840
0.648900,3.1404
0.648925,3.0881
0.648950,3.0276
0.648975,2.9591
0.649000,2.8777
0.649025,2.7907
0.649050,2.6996
0.649075,2.6070
0.649100,2.5119
0.649125,2.4144
0.649150,2.3177
0.649175,2.2056
0.649200,2.1001
0.649225,1.9873
0.649250,1.8744
0.649275,1.7793
0.649300,1.6714
0.649325,1.5722
0.649350,1.4699
0.649375,1.3538
0.649400,1.2314
0.649425,1.0976
0.649450,0.9485
0.649475,0.8067
0.649500,0.6777
0.649525,0.5585
0.649550,0.4569
0.649575,0.3610
0.649600,0.2756
0.649625,0.2023
0.649650,0.1402
0.649675,0.0927
0.649700,0.0580
0.649725,0.0347
0.649750,0.0210
0.649775,0.0169
0.649800,0.0226
0.649825,0.0395
0.649850,0.0701
0.649875,0.1128
0.649900,0.1676
0.649925,0.2329
0.649950,0.3111
0.649975,0.4029
0.650000,0.5021
0.650025,0.4642
0.650050,0.4416
0.650075,0.3683
0.650100,0.2756
0.650125,0.2023
0.650150,0.1394
0.650175,0.0911
0.650200,0.0572
0.650225,0.0330
0.650250,0.0201
0.650275,0.0161
0.650300,0.0210
0.650325,0.0395
0.650350,0.0709
0.650375,0.1136
0.650400,0.1676
0.650425,0.2297
0.650450,0.3054
0.650475,0.3933
0.650500,0.4980
0.650525,0.6149
0.650550,0.7382
0.650575,0.8727
0.650600,1.0073
0.650625,1.1113
0.650650,1.2080
0.650675,1.2902
0.650700,1.3684
0.650725,1.4731
0.650750,1.5819
0.650775,1.6947
0.650800,1.7906
0.650825,1.8865
0.650850,1.9889
0.650875,2.0928
0.650900,2.2113
0.650925,2.3168
0.650950,2.4144
0.650975,2.5143
0.651000,2.6102
0.651025,2.7109
0.651050,2.8068
0.651075,2.8898
0.651100,2.9656
0.651125,3.0365
0.651150,3.0953
0.651175,3.1477
0.651200,3.1896
0.651225,3.2178
0.651250,3.2371
0.651275,3.2468
0.651300,3.2468
0.651325,3.2379
0.651350,3.2186
0.651375,3.1856
0.651400,3.1421
0.651425,3.0905
0.651450,3.0300
0.651475,2.9599
0.651500,2.8842
0.651525,2.7963
0.651550,2.7061
0.651575,2.6126
0.651600,2.5127
0.651625,2.4152
0.651650,2.3177
0.651675,2.2193
0.651700,2.1130
0.651725,2.0010
0.651750,1.8881
0.651775,1.7801
0.651800,1.6891
0.651825,1.5892
0.651850,1.4868
0.651875,1.3708
0.651900,1.2314
0.651925,1.0976
0.651950,0.9485
0.651975,0.8002
0.652000,0.6713
0.652025,0.5528
0.652050,0.4505
0.652075,0.3610
0.652100,0.2748
0.652125,0.2007
0.652150,0.1402
0.652175,0.0919
0.652200,0.0580
0.652225,0.0347
0.652250,0.0201
0.652275,0.0169
0.652300,0.0218
0.652325,0.0395
0.652350,0.0701
0.652375,0.1120
0.652400,0.1636
0.652425,0.2281
0.652450,0.3078
0.652475,0.4005
0.652500,0.5045
0.652525,0.6165
0.652550,0.7325
0.652575,0.8631
0.652600,0.9864
0.652625,1.0960
0.652650,1.1999
0.652675,1.2902
0.652700,1.3877
0.652725,1.4812
0.652750,1.5787
0.652775,1.6730
0.652800,1.7697
0.652825,1.8785
0.652850,1.9913
0.652875,2.1105
0.652900,2.2161
0.652925,2.3185
0.652950,2.4152
0.652975,2.5119
0.653000,2.6174
0.653025,2.7141
0.653050,2.8052
0.653075,2.8858
0.653100,2.9591
0.653125,3.0325
0.653150,3.0953
0.653175,3.1485
0.653200,3.1904
0.653225,3.2194
0.653250,3.2371
0.653275,3.2468
0.653300,3.2468
0.653325,3.2379
0.653350,3.2170
0.653375,3.1832
0.653400,3.1412
0.653425,3.0905
0.653450,3.0325
0.653475,2.9656
0.653500,2.8842
0.653525,2.7971
0.653550,2.7069
0.653575,2.6150
0.653600,2.5232
0.653625,2.4184
0.653650,2.3128
0.653675,2.2016
0.653700,2.0968
0.653725,1.9961
0.653750,1.8946
0.653775,1.8019
0.653800,1.6947
0.653825,1.5932
0.653850,1.4868
0.653875,1.3587
0.653900,1.2265
0.653925,1.0944
0.653950,0.9477
0.653975,0.8099
0.654000,0.6834
0.654025,0.5585
0.654050,0.4513
0.654075,0.3562
0.654100,0.2732
0.654125,0.1999
0.654150,0.1394
0.654175,0.0927
0.654200,0.0572
0.654225,0.0338
0.654250,0.0201
0.654275,0.0161
0.654300,0.0218
0.654325,0.0395
0.654350,0.0693
0.654375,0.1120
0.654400,0.1652
0.654425,0.2297
0.654450,0.3078
0.654475,0.3981
0.654500,0.4988
0.654525,0.6157
0.654550,0.7390
0.654575,0.8687
0.654600,1.0009
0.654625,1.1145
0.654650,1.2185
0.654675,1.3168
0.654700,1.3958
0.654725,1.4844
0.654750,1.5779
0.654775,1.6722
0.654800,1.7842
0.654825,1.8841
0.654850,1.9881
0.654875,2.0936
0.654900,2.1992
0.654925,2.3112
0.654950,2.4168
0.654975,2.5232
0.655000,2.6223
0.655025,2.7166
0.655050,2.8068
0.655075,2.8858
0.655100,2.9632
0.655125,3.0357
0.655150,3.0969
0.655175,3.1493
0.655200,3.1896
0.655225,3.2178
0.655250,3.2379
0.655275,3.2476
0.655300,3.2468
0.655325,3.2388
0.655350,3.2178
0.655375,3.1848
0.655400,3.1437
0.655425,3.0897
0.655450,3.0292
0.655475,2.9583
0.655500,2.8793
0.655525,2.7955
0.655550,2.7101
0.655575,2.6247
0.655600,2.5215
0.655625,2.4176
0.655650,2.3112
0.655675,2.2024
0.655700,2.1105
0.655725,1.9993
0.655750,1.8881
0.655775,1.7785
0.655800,1.6714
0.655825,1.5843
0.655850,1.4836
0.655875,1.3635
0.655900,1.2330
0.655925,1.0927
0.655950,0.9493
0.655975,0.8131
0.656000,0.6777
0.656025,0.5552
0.656050,0.4497
0.656075,0.3594
0.656100,0.2764
0.656125,0.2023
0.656150,0.1410
0.656175,0.0911
0.656200,0.0572
0.656225,0.0338
0.656250,0.0201
0.656275,0.0169
0.656300,0.0218
0.656325,0.0387
0.656350,0.0709
0.656375,0.1144
0.656400,0.1668
0.656425,0.2305
0.656450,0.3062
0.656475,0.3925
0.656500,0.4988
0.656525,0.6157
0.656550,0.7382
0.656575,0.8744
0.656600,1.0081
0.656625,1.1121
0.656650,1.2088
0.656675,1.2902
0.656700,1.3684
0.656725,1.4731
0.656750,1.5819
0.656775,1.6947
0.656800,1.7906
0.656825,1.8865
0.656850,1.9881
0.656875,2.0920
0.656900,2.2113
0.656925,2.3168
0.656950,2.4152
0.656975,2.5151
0.657000,2.6110
0.657025,2.7109
0.657050,2.8068
0.657075,2.8906
0.657100,2.9656
0.657125,3.0365
0.657150,3.0961
0.657175,3.1485
0.657200,3.1904
0.657225,3.2194
0.657250,3.2379
0.657275,3.2476
0.657300,3.2468
0.657325,3.2379
0.657350,3.2178
0.657375,3.1856
0.657400,3.1429
0.657425,3.0905
0.657450,3.0300
0.657475,2.9599
0.657500,2.8842
0.657525,2.7963
0.657550,2.7061
0.657575,2.6126
0.657600,2.5119
0.657625,2.4160
0.657650,2.3177
0.657675,2.2185
0.657700,2.1130
0.657725,2.0001
0.657750,1.8881
0.657775,1.7801
0.657800,1.6899
0.657825,1.5900
0.657850,1.4876
0.657875,1.3716
0.657900,1.2305
0.657925,1.0960
0.657950,0.9485
0.657975,0.8002
0.658000,0.6713
0.658025,0.5528
0.658050,0.4505
0.658075,0.3618
0.658100,0.2756
0.658125,0.2023
0.658150,0.1402
0.658175,0.0911
0.658200,0.0572
0.658225,0.0338
0.658250,0.0201
0.658275,0.0161
0.658300,0.0218
0.658325,0.0387
0.658350,0.0693
0.658375,0.1128
0.658400,0.1644
0.658425,0.2289
0.658450,0.3078
0.658475,0.4005
0.658500,0.5045
0.658525,0.6165
0.658550,0.7333
0.658575,0.8631
0.658600,0.9864
0.658625,1.0968
0.658650,1.1991
0.658675,1.2894
0.658700,1.3877
0.658725,1.4804
0.658750,1.5771
0.658775,1.6730
0.658800,1.7681
0.658825,1.8768
0.658850,1.9905
0.658875,2.1089
0.658900,2.2153
0.658925,2.3185
0.658950,2.4152
0.658975,2.5127
0.659000,2.6182
0.659025,2.7149
0.659050,2.8068
0.659075,2.8866
0.659100,2.9599
0.659125,3.0341
0.659150,3.0969
0.659175,3.1501
0.659200,3.1912
0.659225,3.2194
0.659250,3.2363
0.659275,3.2460
0.659300,3.2468
0.659325,3.2371
0.659350,3.2162
0.659375,3.1832
0.659400,3.1404
0.659425,3.0905
0.659450,3.0333
0.659475,2.9648
0.659500,2.8858
0.659525,2.7979
0.659550,2.7061
0.659575,2.6150
0.659600,2.5215
0.659625,2.4168
0.659650,2.3120
0.659675,2.2016
0.659700,2.0960
0.659725,1.9953
0.659750,1.8954
0.659775,1.8011
0.659800,1.6939
0.659825,1.5932
0.659850,1.4868
0.659875,1.3595
0.659900,1.2273
0.659925,1.0936
0.659950,0.9485
0.659975,0.8099
0.660000,0.6834
0.660025,0.5585
0.660050,0.4505
0.660075,0.3562
0.660100,0.2724
0.660125,0.2007
0.660150,0.1402
0.660175,0.0927
0.660200,0.0572
0.660225,0.0338
0.660250,0.0210
0.660275,0.0169
0.660300,0.0226
0.660325,0.0395
0.660350,0.0693
0.660375,0.1112
0.660400,0.1652
0.660425,0.2297
0.660450,0.3078
0.660475,0.3989
0.660500,0.4980
0.660525,0.6157
0.660550,0.7390
0.660575,0.8679
0.660600,1.0009
0.660625,1.1137
0.660650,1.2177
0.660675,1.3176
0.660700,1.3966
0.660725,1.4852
0.660750,1.5787
0.660775,1.6722
0.660800,1.7850
0.660825,1.8833
0.660850,1.9881
0.660875,2.0936
0.660900,2.1984
0.660925,2.3112
0.660950,2.4152
0.660975,2.5232
0.661000,2.6223
0.661025,2.7166
0.661050,2.8060
0.661075,2.8850
0.661100,2.9632
0.661125,3.0341
0.661150,3.0969
0.661175,3.1493
0.661200,3.1888
0.661225,3.2178
0.661250,3.2363
0.661275,3.2460
0.661300,3.2468
0.661325,3.2379
0.661350,3.2178
0.661375,3.1840
0.661400,3.1429
0.661425,3.0905
0.661450,3.0308
0.661475,2.9591
0.661500,2.8801
0.661525,2.7963
0.661550,2.7093
0.661575,2.6247
0.661600,2.5223
0.661625,2.4176
0.661650,2.3120
0.661675,2.2024
0.661700,2.1105
0.661725,1.9993
0.661750,1.8881
0.661775,1.7793
0.661800,1.6730
0.661825,1.5851
0.661850,1.4836
0.661875,1.3635
0.661900,1.2338
0.661925,1.0927
0.661950,0.9485
0.661975,0.8131
0.662000,0.6769
0.662025,0.5552
0.662050,0.4505
0.662075,0.3610
0.662100,0.2780
0.662125,0.2039
0.662150,0.1418
0.662175,0.0911
0.662200,0.0572
0.662225,0.0338
0.662250,0.0201
0.662275,0.0161
0.662300,0.0210
0.662325,0.0387
0.662350,0.0701
0.662375,0.1136
0.662400,0.1676
0.662425,0.2305
0.662450,0.3054
0.662475,0.3925
0.662500,0.4980
0.662525,0.6149
0.662550,0.7382
0.662575,0.8736
0.662600,1.0081
0.662625,1.1121
0.662650,1.2096
0.662675,1.2910
0.662700,1.3684
0.662725,1.4739
0.662750,1.5819
0.662775,1.6931
0.662800,1.7914
0.662825,1.8857
0.662850,1.9873
0.662875,2.0928
0.662900,2.2097
0.662925,2.3168
0.662950,2.4160
0.662975,2.5143
0.663000,2.6118
0.663025,2.7109
0.663050,2.8068
0.663075,2.8906
0.663100,2.9648
0.663125,3.0357
0.663150,3.0953
0.663175,3.1477
0.663200,3.1896
0.663225,3.2178
0.663250,3.2371
0.663275,3.2468
0.663300,3.2460
0.663325,3.2388
0.663350,3.2186
0.663375,3.1856
0.663400,3.1429
0.663425,3.0905
0.663450,3.0300
0.663475,2.9599
0.663500,2.8850
0.663525,2.7963
0.663550,2.7061
0.663575,2.6126
0.663600,2.5111
0.663625,2.4152
0.663650,2.3177
0.663675,2.2185
0.663700,2.1138
0.663725,2.0010
0.663750,1.8881
0.663775,1.7801
0.663800,1.6891
0.663825,1.5892
0.663850,1.4876
0.663875,1.3716
0.663900,1.2314
0.663925,1.0976
0.663950,0.9485
0.663975,0.8002
0.664000,0.6721
0.664025,0.5520
0.664050,0.4497
0.664075,0.3610
0.664100,0.2748
0.664125,0.2015
0.664150,0.1402
0.664175,0.0911
0.664200,0.0572
0.664225,0.0338
0.664250,0.0201
0.664275,0.0161
0.664300,0.0218
0.664325,0.0387
0.664350,0.0701
0.664375,0.1128
0.664400,0.1644
0.664425,0.2297
0.664450,0.3086
0.664475,0.4005
0.664500,0.5045
0.664525,0.6165
0.664550,0.7325
0.664575,0.8631
0.664600,0.9856
0.664625,1.0960
0.664650,1.1999
0.664675,1.2894
0.664700,1.3869
0.664725,1.4804
0.664750,1.5779
0.664775,1.6722
0.664800,1.7689
0.664825,1.8777
0.664850,1.9913
0.664875,2.1089
0.664900,2.2153
0.664925,2.3193
0.664950,2.4144
0.664975,2.5127
0.665000,2.6182
0.665025,2.7133
0.665050,2.8052
0.665075,2.8858
0.665100,2.9583
0.665125,3.0333
0.665150,3.0961
0.665175,3.1501
0.665200,3.1912
0.665225,3.2186
0.665250,3.2371
0.665275,3.2468
0.665300,3.2468
0.665325,3.2388
0.665350,3.2178
0.665375,3.1840
0.665400,3.1412
0.665425,3.0905
0.665450,3.0333
0.665475,2.9656
0.665500,2.8850
0.665525,2.7971
0.665550,2.7061
0.665575,2.6142
0.665600,2.5215
0.665625,2.4176
0.665650,2.3120
0.665675,2.2016
0.665700,2.0968
0.665725,1.9961
0.665750,1.8954
0.665775,1.8019
0.665800,1.6955
0.665825,1.5932
0.665850,1.4868
0.665875,1.3587
0.665900,1.2265
0.665925,1.0952
0.665950,0.9485
0.665975,0.8107
0.666000,0.6842
0.666025,0.5585
0.666050,0.4513
0.666075,0.3562
0.666100,0.2724
0.666125,0.2007
0.666150,0.1394
0.666175,0.0927
0.666200,0.0572
0.666225,0.0338
0.666250,0.0210
0.666275,0.0161
0.666300,0.0218
0.666325,0.0387
0.666350,0.0693
0.666375,0.1112
0.666400,0.1644
0.666425,0.2297
0.666450,0.3078
0.666475,0.3989
0.666500,0.4980
0.666525,0.6157
0.666550,0.7398
0.666575,0.8679
0.666600,1.0009
0.666625,1.1129
0.666650,1.2177
0.666675,1.3168
0.666700,1.3958
0.666725,1.4852
0.666750,1.5779
0.666775,1.6722
0.666800,1.7850
0.666825,1.8841
0.666850,1.9881
0.666875,2.0944
0.666900,2.1992
0.666925,2.3112
0.666950,2.4168
0.666975,2.5232
0.667000,2.6223
0.667025,2.7158
0.667050,2.8060
0.667075,2.8850
0.667100,2.9623
0.667125,3.0349
0.667150,3.0961
0.667175,3.1493
0.667200,3.1888
0.667225,3.2186
0.667250,3.2363
0.667275,3.2468
0.667300,3.2468
0.667325,3.2371
0.667350,3.2178
0.667375,3.1840
0.667400,3.1421
0.667425,3.0905
0.667450,3.0292
0.667475,2.9583
0.667500,2.8801
0.667525,2.7963
0.667550,2.7101
0.667575,2.6247
0.667600,2.5215
0.667625,2.4176
0.667650,2.3112
0.667675,2.2024
0.667700,2.1105
0.667725,1.9985
0.667750,1.8881
0.667775,1.7777
0.667800,1.6714
0.667825,1.5851
0.667850,1.4828
0.667875,1.3635
0.667900,1.2338
0.667925,1.0927
0.667950,0.9485
0.667975,0.8123
0.668000,0.6761
0.668025,0.5552
0.668050,0.4497
0.668075,0.3594
0.668100,0.2772
0.668125,0.2023
0.668150,0.1402
0.668175,0.0911
0.668200,0.0572
0.668225,0.0338
0.668250,0.0201
0.668275,0.0169
0.668300,0.0218
0.668325,0.0395
0.668350,0.0709
0.668375,0.1136
0.668400,0.1668
0.668425,0.2297
0.668450,0.3046
0.668475,0.3916
0.668500,0.4980
0.668525,0.6149
0.668550,0.7374
0.668575,0.8736
0.668600,1.0081
0.668625,1.1113
0.668650,1.2080
0.668675,1.2902
0.668700,1.3684
0.668725,1.4739
0.668750,1.5827
0.668775,1.6939
0.668800,1.7914
0.668825,1.8865
0.668850,1.9881
0.668875,2.0920
0.668900,2.2105
0.668925,2.3160
0.668950,2.4152
0.668975,2.5143
0.669000,2.6110
0.669025,2.7109
0.669050,2.8076
0.669075,2.8914
0.669100,2.9656
0.669125,3.0373
0.669150,3.0969
0.669175,3.1477
0.669200,3.1896
0.669225,3.2178
0.669250,3.2371
0.669275,3.2476
0.669300,3.2476
0.669325,3.2396
0.669350,3.2194
0.669375,3.1864
0.669400,3.1437
0.669425,3.0913
0.669450,3.0316
0.669475,2.9615
0.669500,2.8858
0.669525,2.7971
0.669550,2.7053
0.669575,2.6126
0.669600,2.5119
0.669625,2.4160
0.669650,2.3185
0.669675,2.2193
0.669700,2.1138
0.669725,2.0010
0.669750,1.8881
0.669775,1.7801
0.669800,1.6899
0.669825,1.5900
0.669850,1.4884
0.669875,1.3716
0.669900,1.2314
0.669925,1.0968
0.669950,0.9477
0.669975,0.8002
0.670000,0.6721
0.670025,0.5528
0.670050,0.4505
0.670075,0.3610
0.670100,0.2748
0.670125,0.2015
0.670150,0.1402
0.670175,0.0919
0.670200,0.0580
0.670225,0.0338
0.670250,0.0201
0.670275,0.0161
0.670300,0.0210
0.670325,0.0395
0.670350,0.0701
0.670375,0.1128
0.670400,0.1644
0.670425,0.2289
0.670450,0.3078
0.670475,0.4005
0.670500,0.5045
0.670525,0.6165
0.670550,0.7325
0.670575,0.8623
0.670600,0.9856
0.670625,1.0960
0.670650,1.2007
0.670675,1.2902
0.670700,1.3877
0.670725,1.4812
0.670750,1.5787
0.670775,1.6730
0.670800,1.7697
0.670825,1.8785
0.670850,1.9913
0.670875,2.1097
0.670900,2.2161
0.670925,2.3185
0.670950,2.4152
0.670975,2.5135
0.671000,2.6182
0.671025,2.7158
0.671050,2.8076
0.671075,2.8866
0.671100,2.9599
0.671125,3.0333
0.671150,3.0961
0.671175,3.1501
0.671200,3.1904
0.671225,3.2186
0.671250,3.2363
0.671275,3.2452
0.671300,3.2468
0.671325,3.2379
0.671350,3.2178
0.671375,3.1840
0.671400,3.1412
0.671425,3.0913
0.671450,3.0325
0.671475,2.9656
0.671500,2.8850
0.671525,2.7971
0.671550,2.7061
0.671575,2.6142
0.671600,2.5215
0.671625,2.4160
0.671650,2.3120
0.671675,2.2008
0.671700,2.0960
0.671725,1.9953
0.671750,1.8946
0.671775,1.8019
0.671800,1.6947
0.671825,1.5932
0.671850,1.4860
0.671875,1.3595
0.671900,1.2273
0.671925,1.0936
0.671950,0.9485
0.671975,0.8099
0.672000,0.6834
0.672025,0.5585
0.672050,0.4513
0.672075,0.3562
0.672100,0.2740
0.672125,0.2007
0.672150,0.1402
0.672175,0.0927
0.672200,0.0580
0.672225,0.0338
0.672250,0.0210
0.672275,0.0169
0.672300,0.0218
0.672325,0.0395
0.672350,0.0701
0.672375,0.1112
0.672400,0.1652
0.672425,0.2305
0.672450,0.3078
0.672475,0.3997
0.672500,0.4980
0.672525,0.6149
0.672550,0.7390
0.672575,0.8671
0.672600,1.0001
0.672625,1.1129
0.672650,1.2168
0.672675,1.3168
0.672700,1.3958
0.672725,1.4836
0.672750,1.5779
0.672775,1.6722
0.672800,1.7842
0.672825,1.8841
0.672850,1.9889
0.672875,2.0936
0.672900,2.1984
0.672925,2.3120
0.672950,2.4160
0.672975,2.5232
0.673000,2.6223
0.673025,2.7166
0.673050,2.8060
0.673075,2.8850
0.673100,2.9632
0.673125,3.0341
0.673150,3.0961
0.673175,3.1485
0.673200,3.1880
0.673225,3.2170
0.673250,3.2371
0.673275,3.2468
0.673300,3.2476
0.673325,3.2396
0.673350,3.2178
0.673375,3.1848
0.673400,3.1429
0.673425,3.0897
0.673450,3.0308
0.673475,2.9583
0.673500,2.8793
0.673525,2.7963
0.673550,2.7085
0.673575,2.6247
0.673600,2.5223
0.673625,2.4184
0.673650,2.3128
0.673675,2.2024
0.673700,2.1105
0.673725,1.9985
0.673750,1.8873
0.673775,1.7777
0.673800,1.6714
0.673825,1.5851
0.673850,1.4828
0.673875,1.3635
0.673900,1.2330
0.673925,1.0919
0.673950,0.9485
0.673975,0.8115
0.674000,0.6761
0.674025,0.5552
0.674050,0.4497
0.674075,0.3602
0.674100,0.2772
0.674125,0.2031
0.674150,0.1410
0.674175,0.0911
0.674200,0.0572
0.674225,0.0330
0.674250,0.0201
0.674275,0.0169
0.674300,0.0210
0.674325,0.0395
0.674350,0.0701
0.674375,0.1128
0.674400,0.1668
0.674425,0.2289
0.674450,0.3054
0.674475,0.3925
0.674500,0.4980
0.674525,0.6149
0.674550,0.7374
0.674575,0.8744
0.674600,1.0081
0.674625,1.1121
0.674650,1.2096
0.674675,1.2910
0.674700,1.3692
0.674725,1.4739
0.674750,1.5827
0.674775,1.6947
0.674800,1.7914
0.674825,1.8873
0.674850,1.9881
0.674875,2.0920
0.674900,2.2105
0.674925,2.3160
0.674950,2.4144
0.674975,2.5135
0.675000,0.5319
0.675025,0.6060
0.675050,0.7519
0.675075,0.8864
0.675100,1.0025
0.675125,1.1210
0.675150,1.2281
0.675175,1.3071
0.675200,1.3861
0.675225,1.4747
0.675250,1.5674
0.675275,1.6770
0.675300,1.7898
0.675325,1.8865
0.675350,1.9881
0.675375,2.0944
0.675400,2.2000
0.675425,2.3120
0.675450,2.4160
0.675475,2.5240
0.675500,2.6223
0.675525,2.7158
0.675550,2.8076
0.675575,2.8850
0.675600,2.9623
0.675625,3.0349
0.675650,3.0953
0.675675,3.1493
0.675700,3.1896
0.675725,3.2186
0.675750,3.2379
0.675775,3.2476
0.675800,3.2476
0.675825,3.2396
0.675850,3.2178
0.675875,3.1840
0.675900,3.1429
0.675925,3.0897
0.675950,3.0300
0.675975,2.9591
0.676000,2.8793
0.676025,2.7963
0.676050,2.7093
0.676075,2.6239
0.676100,2.5215
0.676125,2.4176
0.676150,2.3120
0.676175,2.2032
0.676200,2.1114
0.676225,1.9993
0.676250,1.8881
0.676275,1.7785
0.676300,1.6714
0.676325,1.5843
0.676350,1.4836
0.676375,1.3635
0.676400,1.2330
0.676425,1.0927
0.676450,0.9477
0.676475,0.8123
0.676500,0.6769
0.676525,0.5552
0.676550,0.4505
0.676575,0.3594
0.676600,0.2772
0.676625,0.2023
0.676650,0.1410
0.676675,0.0911
0.676700,0.0572
0.676725,0.0338
0.676750,0.0201
0.676775,0.0169
0.676800,0.0226
0.676825,0.0403
0.676850,0.0717
0.676875,0.1144
0.676900,0.1676
0.676925,0.2297
0.676950,0.3054
0.676975,0.3933
0.677000,0.4980
0.677025,0.6157
0.677050,0.7382
0.677075,0.8736
0.677100,1.0081
0.677125,1.1113
0.677150,1.2088
0.677175,1.2902
0.677200,1.3684
0.677225,1.4747
0.677250,1.5827
0.677275,1.6947
0.677300,1.7914
0.677325,1.8873
0.677350,1.9881
0.677375,2.0928
0.677400,2.2105
0.677425,2.3160
0.677450,2.4152
0.677475,2.5135
0.677500,2.6118
0.677525,2.7117
0.677550,2.8068
0.677575,2.8914
0.677600,2.9656
0.677625,3.0357
0.677650,3.0969
0.677675,3.1477
0.677700,3.1896
0.677725,3.2186
0.677750,3.2371
0.677775,3.2468
0.677800,3.2468
0.677825,3.2379
0.677850,3.2186
0.677875,3.1856
0.677900,3.1429
0.677925,3.0913
0.677950,3.0300
0.677975,2.9599
0.678000,2.8842
0.678025,2.7963
0.678050,2.7053
0.678075,2.6126
0.678100,2.5119
0.678125,2.4144
0.678150,2.3177
0.678175,2.2193
0.678200,2.1130
0.678225,2.0010
0.678250,1.8881
0.678275,1.7793
0.678300,1.6899
0.678325,1.5900
0.678350,1.4876
0.678375,1.3724
0.678400,1.2322
0.678425,1.0968
0.678450,0.9485
0.678475,0.8002
0.678500,0.6713
0.678525,0.5528
0.678550,0.4505
0.678575,0.3610
0.678600,0.2748
0.678625,0.2015
0.678650,0.1402
0.678675,0.0919
0.678700,0.0580
0.678725,0.0347
0.678750,0.0210
0.678775,0.0169
0.678800,0.0226
0.678825,0.0395
0.678850,0.0701
0.678875,0.1120
0.678900,0.1644
0.678925,0.2289
0.678950,0.3078
0.678975,0.4005
0.679000,0.5037
0.679025,0.6157
0.679050,0.7325
0.679075,0.8623
0.679100,0.9856
0.679125,1.0960
0.679150,1.1999
0.679175,1.2902
0.679200,1.3885
0.679225,1.4820
0.679250,1.5787
0.679275,1.6730
0.679300,1.7689
0.679325,1.8768
0.679350,1.9913
0.679375,2.1089
0.679400,2.2153
0.679425,2.3185
0.679450,2.4144
0.679475,2.5127
0.679500,2.6182
0.679525,2.7149
0.679550,2.8060
0.679575,2.8866
0.679600,2.9599
0.679625,3.0333
0.679650,3.0961
0.679675,3.1493
0.679700,3.1904
0.679725,3.2186
0.679750,3.2363
0.679775,3.2468
0.679800,3.2460
0.679825,3.2371
0.679850,3.2170
0.679875,3.1823
0.679900,3.1412
0.679925,3.0913
0.679950,3.0325
0.679975,2.9656
0.680000,2.8850
0.680025,2.7963
0.680050,2.7069
0.680075,2.6150
0.680100,2.5215
0.680125,2.4176
0.680150,2.3112
0.680175,2.2016
0.680200,2.0977
0.680225,1.9953
0.680250,1.8954
0.680275,1.8011
0.680300,1.6939
0.680325,1.5932
0.680350,1.4860
0.680375,1.3587
0.680400,1.2273
0.680425,1.0936
0.680450,0.9485
0.680475,0.8099
0.680500,0.6834
0.680525,0.5585
0.680550,0.4505
0.680575,0.3554
0.680600,0.2732
0.680625,0.2007
0.680650,0.1394
0.680675,0.0927
0.680700,0.0572
0.680725,0.0338
0.680750,0.0210
0.680775,0.0161
0.680800,0.0218
0.680825,0.0387
0.680850,0.0685
0.680875,0.1112
0.680900,0.1644
0.680925,0.2289
0.680950,0.3070
0.680975,0.3981
0.681000,0.4980
0.681025,0.6149
0.681050,0.7390
0.681075,0.8679
0.681100,1.0001
0.681125,1.1137
0.681150,1.2177
0.681175,1.3176
0.681200,1.3958
0.681225,1.4844
0.681250,1.5771
0.681275,1.6714
0.681300,1.7842
0.681325,1.8833
0.681350,1.9881
0.681375,2.0936
0.681400,2.1992
0.681425,2.3120
0.681450,2.4168
0.681475,2.5248
0.681500,2.6223
0.681525,2.7174
0.681550,2.8076
0.681575,2.8850
0.681600,2.9632
0.681625,3.0357
0.681650,3.0961
0.681675,3.1493
0.681700,3.1888
0.681725,3.2170
0.681750,3.2371
0.681775,3.2468
0.681800,3.2484
0.681825,3.2396
0.681850,3.2178
0.681875,3.1856
0.681900,3.1437
0.681925,3.0905
0.681950,3.0308
0.681975,2.9583
0.682000,2.8793
0.682025,2.7963
0.682050,2.7085
0.682075,2.6247
0.682100,2.5215
0.682125,2.4176
0.682150,2.3120
0.682175,2.2024
0.682200,2.1114
0.682225,1.9993
0.682250,1.8889
0.682275,1.7785
0.682300,1.6722
0.682325,1.5851
0.682350,1.4836
0.682375,1.3643
0.682400,1.2330
0.682425,1.0936
0.682450,0.9485
0.682475,0.8123
0.682500,0.6761
0.682525,0.5544
0.682550,0.4505
0.682575,0.3594
0.682600,0.2772
0.682625,0.2023
0.682650,0.1402
0.682675,0.0919
0.682700,0.0564
0.682725,0.0338
0.682750,0.0210
0.682775,0.0161
0.682800,0.0218
0.682825,0.0395
0.682850,0.0701
0.682875,0.1136
0.682900,0.1660
0.682925,0.2289
0.682950,0.3054
0.682975,0.3916
0.683000,0.4988
0.683025,0.6157
0.683050,0.7390
0.683075,0.8752
0.683100,1.0081
0.683125,1.1129
0.683150,1.2088
0.683175,1.2910
0.683200,1.3684
0.683225,1.4739
0.683250,1.5827
0.683275,1.6939
0.683300,1.7906
0.683325,1.8865
0.683350,1.9881
0.683375,2.0928
0.683400,2.2113
0.683425,2.3160
0.683450,2.4152
0.683475,2.5143
0.683500,2.6110
0.683525,2.7117
0.683550,2.8068
0.683575,2.8906
0.683600,2.9656
0.683625,3.0357
0.683650,3.0969
0.683675,3.1477
0.683700,3.1896
0.683725,3.2186
0.683750,3.2371
0.683775,3.2460
0.683800,3.2468
0.683825,3.2388
0.683850,3.2178
0.683875,3.1872
0.683900,3.1429
0.683925,3.0905
0.683950,3.0308
0.683975,2.9599
0.684000,2.8842
0.684025,2.7963
0.684050,2.7053
0.684075,2.6126
0.684100,2.5127
0.684125,2.4152
0.684150,2.3185
0.684175,2.2185
0.684200,2.1130
0.684225,2.0001
0.684250,1.8881
0.684275,1.7801
0.684300,1.6891
0.684325,1.5908
0.684350,1.4876
0.684375,1.3716
0.684400,1.2314
0.684425,1.0976
0.684450,0.9485
0.684475,0.8002
0.684500,0.6721
0.684525,0.5528
0.684550,0.4505
0.684575,0.3602
0.684600,0.2748
0.684625,0.2007
0.684650,0.1402
0.684675,0.0919
0.684700,0.0580
0.684725,0.0347
0.684750,0.0210
0.684775,0.0169
0.684800,0.0218
0.684825,0.0395
0.684850,0.0701
0.684875,0.1128
0.684900,0.1644
0.684925,0.2297
0.684950,0.3078
0.684975,0.4013
0.685000,0.5053
0.685025,0.6165
0.685050,0.7333
0.685075,0.8631
0.685100,0.9856
0.685125,1.0968
0.685150,1.1999
0.685175,1.2902
0.685200,1.3877
0.685225,1.4812
0.685250,1.5779
0.685275,1.6730
0.685300,1.7689
0.685325,1.8777
0.685350,1.9921
0.685375,2.1097
0.685400,2.2161
0.685425,2.3193
0.685450,2.4144
0.685475,2.5127
0.685500,2.6174
0.685525,2.7141
0.685550,2.8060
0.685575,2.8866
0.685600,2.9607
0.685625,3.0333
0.685650,3.0969
0.685675,3.1501
0.685700,3.1904
0.685725,3.2194
0.685750,3.2371
0.685775,3.2460
0.685800,3.2476
0.685825,3.2379
0.685850,3.2178
0.685875,3.1840
0.685900,3.1404
0.685925,3.0913
0.685950,3.0333
0.685975,2.9648
0.686000,2.8858
0.686025,2.7963
0.686050,2.7053
0.686075,2.6150
0.686100,2.5207
0.686125,2.4176
0.686150,2.3136
0.686175,2.2016
0.686200,2.0985
0.686225,1.9961
0.686250,1.8946
0.686275,1.8019
0.686300,1.6939
0.686325,1.5924
0.686350,1.4868
0.686375,1.3587
0.686400,1.2265
0.686425,1.0944
0.686450,0.9477
0.686475,0.8099
0.686500,0.6842
0.686525,0.5585
0.686550,0.4513
0.686575,0.3562
0.686600,0.2724
0.686625,0.2007
0.686650,0.1394
0.686675,0.0919
0.686700,0.0572
0.686725,0.0338
0.686750,0.0210
0.686775,0.0161
0.686800,0.0218
0.686825,0.0395
0.686850,0.0701
0.686875,0.1112
0.686900,0.1660
0.686925,0.2305
0.686950,0.3078
0.686975,0.3989
0.687000,0.4980
0.687025,0.6157
0.687050,0.7398
0.687075,0.8679
0.687100,1.0001
0.687125,1.1129
0.687150,1.2168
0.687175,1.3160
0.687200,1.3958
0.687225,1.4844
0.687250,1.5771
0.687275,1.6714
0.687300,1.7842
0.687325,1.8841
0.687350,1.9889
0.687375,2.0944
0.687400,2.1992
0.687425,2.3112
0.687450,2.4160
0.687475,2.5240
0.687500,2.6215
0.687525,2.7158
0.687550,2.8068
0.687575,2.8842
0.687600,2.9623
0.687625,3.0349
0.687650,3.0969
0.687675,3.1485
0.687700,3.1888
0.687725,3.2178
0.687750,3.2355
0.687775,3.2460
0.687800,3.2460
0.687825,3.2379
0.687850,3.2178
0.687875,3.1840
0.687900,3.1437
0.687925,3.0905
0.687950,3.0300
0.687975,2.9591
0.688000,2.8793
0.688025,2.7963
0.688050,2.7101
0.688075,2.6247
0.688100,2.5232
0.688125,2.4184
0.688150,2.3120
0.688175,2.2032
0.688200,2.1114
0.688225,1.9993
0.688250,1.8889
0.688275,1.7793
0.688300,1.6722
0.688325,1.5859
0.688350,1.4836
0.688375,1.3635
0.688400,1.2330
0.688425,1.0919
0.688450,0.9485
0.688475,0.8123
0.688500,0.6761
0.688525,0.5552
0.688550,0.4497
0.688575,0.3586
0.688600,0.2772
0.688625,0.2031
0.688650,0.1402
0.688675,0.0919
0.688700,0.0572
0.688725,0.0338
0.688750,0.0210
0.688775,0.0161
0.688800,0.0218
0.688825,0.0387
0.688850,0.0701
0.688875,0.1136
0.688900,0.1660
0.688925,0.2297
0.688950,0.3046
0.688975,0.3925
0.689000,0.4988
0.689025,0.6149
0.689050,0.7382
0.689075,0.8727
0.689100,1.0073
0.689125,1.1113
0.689150,1.2080
0.689175,1.2910
0.689200,1.3684
0.689225,1.4747
0.689250,1.5827
0.689275,1.6947
0.689300,1.7922
0.689325,1.8865
0.689350,1.9889
0.689375,2.0920
0.689400,2.2105
0.689425,2.3168
0.689450,2.4152
0.689475,2.5151
0.689500,2.6110
0.689525,2.7117
0.689550,2.8068
0.689575,2.8906
0.689600,2.9656
0.689625,3.0365
0.689650,3.0969
0.689675,3.1485
0.689700,3.1904
0.689725,3.2186
0.689750,3.2379
0.689775,3.2460
0.689800,3.2460
0.689825,3.2379
0.689850,3.2178
0.689875,3.1872
0.689900,3.1429
0.689925,3.0913
0.689950,3.0300
0.689975,2.9583
0.690000,2.8842
0.690025,2.7955
0.690050,2.7045
0.690075,2.6134
0.690100,2.5111
0.690125,2.4144
0.690150,2.3177
0.690175,2.2185
0.690200,2.1122
0.690225,2.0001
0.690250,1.8873
0.690275,1.7793
0.690300,1.6899
0.690325,1.5900
0.690350,1.4876
0.690375,1.3716
0.690400,1.2314
0.690425,1.0968
0.690450,0.9477
0.690475,0.8002
0.690500,0.6713
0.690525,0.5528
0.690550,0.4513
0.690575,0.3610
0.690600,0.2756
0.690625,0.2015
0.690650,0.1394
0.690675,0.0919
0.690700,0.0572
0.690725,0.0347
0.690750,0.0201
0.690775,0.0153
0.690800,0.0218
0.690825,0.0387
0.690850,0.0701
0.690875,0.1120
0.690900,0.1636
0.690925,0.2297
0.690950,0.3078
0.690975,0.4013
0.691000,0.5045
0.691025,0.6165
0.691050,0.7325
0.691075,0.8631
0.691100,0.9864
0.691125,1.0968
0.691150,1.2015
0.691175,1.2902
0.691200,1.3877
0.691225,1.4812
0.691250,1.5771
0.691275,1.6730
0.691300,1.7689
0.691325,1.8768
0.691350,1.9913
0.691375,2.1089
0.691400,2.2145
0.691425,2.3185
0.691450,2.4136
0.691475,2.5119
0.691500,2.6182
0.691525,2.7133
0.691550,2.8068
0.691575,2.8866
0.691600,2.9591
0.691625,3.0341
0.691650,3.0969
0.691675,3.1501
0.691700,3.1912
0.691725,3.2186
0.691750,3.2371
0.691775,3.2476
0.691800,3.2476
0.691825,3.2396
0.691850,3.2178
0.691875,3.1832
0.691900,3.1412
0.691925,3.0897
0.691950,3.0325
0.691975,2.9656
0.692000,2.8850
0.692025,2.7979
0.692050,2.7061
0.692075,2.6150
0.692100,2.5223
0.692125,2.4184
0.692150,2.3128
0.692175,2.2024
0.692200,2.0968
0.692225,1.9961
0.692250,1.8954
0.692275,1.8011
0.692300,1.6939
0.692325,1.5924
0.692350,1.4868
0.692375,1.3587
0.692400,1.2265
0.692425,1.0952
0.692450,0.9485
0.692475,0.8107
0.692500,0.6842
0.692525,0.5577
0.692550,0.4513
0.692575,0.3554
0.692600,0.2732
0.692625,0.2007
0.692650,0.1402
0.692675,0.0927
0.692700,0.0572
0.692725,0.0338
0.692750,0.0201
0.692775,0.0161
0.692800,0.0218
0.692825,0.0387
0.692850,0.0693
0.692875,0.1112
0.692900,0.1644
0.692925,0.2297
0.692950,0.3070
0.692975,0.3989
0.693000,0.4980
0.693025,0.6149
0.693050,0.7390
0.693075,0.8671
0.693100,1.0001
0.693125,1.1137
0.693150,1.2177
0.693175,1.3176
0.693200,1.3958
0.693225,1.4844
0.693250,1.5787
0.693275,1.6705
0.693300,1.7842
0.693325,1.8833
0.693350,1.9881
0.693375,2.0944
0.693400,2.1984
0.693425,2.3120
0.693450,2.4160
0.693475,2.5232
0.693500,2.6215
0.693525,2.7149
0.693550,2.8060
0.693575,2.8850
0.693600,2.9623
0.693625,3.0357
0.693650,3.0961
0.693675,3.1493
0.693700,3.1888
0.693725,3.2178
0.693750,3.2371
0.693775,3.2468
0.693800,3.2476
0.693825,3.2379
0.693850,3.2178
0.693875,3.1848
0.693900,3.1429
0.693925,3.0913
0.693950,3.0300
0.693975,2.9583
0.694000,2.8801
0.694025,2.7955
0.694050,2.7101
0.694075,2.6247
0.694100,2.5232
0.694125,2.4184
0.694150,2.3128
0.694175,2.2040
0.694200,2.1097
0.694225,1.9993
0.694250,1.8881
0.694275,1.7777
0.694300,1.6722
0.694325,1.5843
0.694350,1.4836
0.694375,1.3643
0.694400,1.2338
0.694425,1.0927
0.694450,0.9485
0.694475,0.8123
0.694500,0.6761
0.694525,0.5552
0.694550,0.4497
0.694575,0.3594
0.694600,0.2772
0.694625,0.2023
0.694650,0.1410
0.694675,0.0911
0.694700,0.0564
0.694725,0.0338
0.694750,0.0201
0.694775,0.0153
0.694800,0.0218
0.694825,0.0387
0.694850,0.0701
0.694875,0.1144
0.694900,0.1668
0.694925,0.2305
0.694950,0.3054
0.694975,0.3925
0.695000,0.4988
0.695025,0.6157
0.695050,0.7382
0.695075,0.8744
0.695100,1.0081
0.695125,1.1113
0.695150,1.2080
0.695175,1.2902
0.695200,1.3675
0.695225,1.4739
0.695250,1.5835
0.695275,1.6939
0.695300,1.7914
0.695325,1.8873
0.695350,1.9881
0.695375,2.0928
0.695400,2.2105
0.695425,2.3168
0.695450,2.4152
0.695475,2.5143
0.695500,2.6110
0.695525,2.7109
0.695550,2.8068
0.695575,2.8898
0.695600,2.9648
0.695625,3.0349
0.695650,3.0961
0.695675,3.1477
0.695700,3.1904
0.695725,3.2186
0.695750,3.2371
0.695775,3.2468
0.695800,3.2460
0.695825,3.2379
0.695850,3.2178
0.695875,3.1864
0.695900,3.1429
0.695925,3.0897
0.695950,3.0300
0.695975,2.9591
0.696000,2.8842
0.696025,2.7971
0.696050,2.7053
0.696075,2.6134
0.696100,2.5119
0.696125,2.4152
0.696150,2.3168
0.696175,2.2185
0.696200,2.1138
0.696225,2.0001
0.696250,1.8889
0.696275,1.7801
0.696300,1.6899
0.696325,1.5908
0.696350,1.4884
0.696375,1.3724
0.696400,1.2314
0.696425,1.0976
0.696450,0.9485
0.696475,0.8002
0.696500,0.6721
0.696525,0.5528
0.696550,0.4505
0.696575,0.3610
0.696600,0.2756
0.696625,0.2015
0.696650,0.1402
0.696675,0.0919
0.696700,0.0572
0.696725,0.0347
0.696750,0.0210
0.696775,0.0161
0.696800,0.0218
0.696825,0.0395
0.696850,0.0701
0.696875,0.1128
0.696900,0.1652
0.696925,0.2297
0.696950,0.3078
0.696975,0.4005
0.697000,0.5037
0.697025,0.6165
0.697050,0.7325
0.697075,0.8623
0.697100,0.9864
0.697125,1.0960
0.697150,1.1999
0.697175,1.2902
0.697200,1.3885
0.697225,1.4812
0.697250,1.5787
0.697275,1.6730
0.697300,1.7681
0.697325,1.8777
0.697350,1.9905
0.697375,2.1089
0.697400,2.2161
0.697425,2.3185
0.697450,2.4152
0.697475,2.5127
0.697500,2.6182
0.697525,2.7149
0.697550,2.8060
0.697575,2.8866
0.697600,2.9599
0.697625,3.0333
0.697650,3.0961
0.697675,3.1501
0.697700,3.1896
0.697725,3.2194
0.697750,3.2371
0.697775,3.2460
0.697800,3.2476
0.697825,3.2379
0.697850,3.2170
0.697875,3.1840
0.697900,3.1404
0.697925,3.0897
0.697950,3.0325
0.697975,2.9632
0.698000,2.8842
0.698025,2.7979
0.698050,2.7061
0.698075,2.6158
0.698100,2.5215
0.698125,2.4168
0.698150,2.3120
0.698175,2.2008
0.698200,2.0968
0.698225,1.9961
0.698250,1.8954
0.698275,1.8027
0.698300,1.6939
0.698325,1.5932
0.698350,1.4868
0.698375,1.3587
0.698400,1.2273
0.698425,1.0944
0.698450,0.9485
0.698475,0.8107
0.698500,0.6834
0.698525,0.5585
0.698550,0.4505
0.698575,0.3554
0.698600,0.2716
0.698625,0.1999
0.698650,0.1394
0.698675,0.0919
0.698700,0.0572
0.698725,0.0338
0.698750,0.0201
0.698775,0.0145
0.698800,0.0201
0.698825,0.0379
0.698850,0.0685
0.698875,0.1112
0.698900,0.1652
0.698925,0.2289
0.698950,0.3078
0.698975,0.3989
0.699000,0.4980
0.699025,0.6165
0.699050,0.7398
0.699075,0.8687
0.699100,1.0001
0.699125,1.1129
0.699150,1.2168
0.699175,1.3168
0.699200,1.3958
0.699225,1.4844
0.699250,1.5779
0.699275,1.6722
0.699300,1.7850
0.699325,1.8849
0.699350,1.9897
0.699375,2.0936
0.699400,2.1984
0.699425,2.3112
0.699450,2.4144
0.699475,2.5232
0.699500,2.6223
0.699525,2.7158
0.699550,2.8068
0.699575,2.8850
0.699600,2.9623
0.699625,3.0357
0.699650,3.0969
0.699675,3.1493
0.699700,3.1896
0.699725,3.2186
0.699750,3.2371
0.699775,3.2476
0.699800,3.2476
0.699825,3.2379
0.699850,3.2186
0.699875,3.1856
0.699900,3.1429
0.699925,3.0913
0.699950,3.0308
0.699975,2.9583
0.700000,2.7673
0.700025,2.7979
0.700050,2.8213
0.700075,2.8777
0.700100,2.9615
0.700125,3.0341
0.700150,3.0977
0.700175,3.1501
0.700200,3.1904
0.700225,3.2186
0.700250,3.2355
0.700275,3.2468
0.700300,3.2468
0.700325,3.2388
0.700350,3.2170
0.700375,3.1840
0.700400,3.1412
0.700425,3.0905
0.700450,3.0325
0.700475,2.9640
0.700500,2.8850
0.700525,2.7963
0.700550,2.7061
0.700575,2.6150
0.700600,2.5215
0.700625,2.4184
0.700650,2.3120
0.700675,2.2024
0.700700,2.0968
0.700725,1.9953
0.700750,1.8954
0.700775,1.8011
0.700800,1.6939
0.700825,1.5924
0.700850,1.4860
0.700875,1.3595
0.700900,1.2265
0.700925,1.0944
0.700950,0.9485
0.700975,0.8099
0.701000,0.6834
0.701025,0.5585
0.701050,0.4513
0.701075,0.3562
0.701100,0.2732
0.701125,0.2007
0.701150,0.1402
0.701175,0.0927
0.701200,0.0572
0.701225,0.0347
0.701250,0.0210
0.701275,0.0161
0.701300,0.0226
0.701325,0.0387
0.701350,0.0693
0.701375,0.1112
0.701400,0.1644
0.701425,0.2297
0.701450,0.3078
0.701475,0.3981
0.701500,0.4980
0.701525,0.6157
0.701550,0.7390
0.701575,0.8679
0.701600,1.0001
0.701625,1.1129
0.701650,1.2177
0.701675,1.3176
0.701700,1.3958
0.701725,1.4852
0.701750,1.5787
0.701775,1.6714
0.701800,1.7850
0.701825,1.8833
0.701850,1.9881
0.701875,2.0936
0.701900,2.1984
0.701925,2.3112
0.701950,2.4160
0.701975,2.5240
0.702000,2.6223
0.702025,2.7166
0.702050,2.8060
0.702075,2.8850
0.702100,2.9640
0.702125,3.0349
0.702150,3.0977
0.702175,3.1493
0.702200,3.1888
0.702225,3.2186
0.702250,3.2379
0.702275,3.2468
0.702300,3.2476
0.702325,3.2396
0.702350,3.2178
0.702375,3.1856
0.702400,3.1437
0.702425,3.0905
0.702450,3.0308
0.702475,2.9583
0.702500,2.8801
0.702525,2.7963
0.702550,2.7093
0.702575,2.6255
0.702600,2.5223
0.702625,2.4184
0.702650,2.3120
0.702675,2.2024
0.702700,2.1105
0.702725,1.9993
0.702750,1.8881
0.702775,1.7785
0.702800,1.6722
0.702825,1.5851
0.702850,1.4844
0.702875,1.3635
0.702900,1.2330
0.702925,1.0919
0.702950,0.9477
0.702975,0.8123
0.703000,0.6761
0.703025,0.5552
0.703050,0.4513
0.703075,0.3594
0.703100,0.2780
0.703125,0.2031
0.703150,0.1402
0.703175,0.0919
0.703200,0.0564
0.703225,0.0330
0.703250,0.0210
0.703275,0.0161
0.703300,0.0218
0.703325,0.0395
0.703350,0.0701
0.703375,0.1128
0.703400,0.1668
0.703425,0.2289
0.703450,0.3054
0.703475,0.3925
0.703500,0.4980
0.703525,0.6157
0.703550,0.7382
0.703575,0.8744
0.703600,1.0081
0.703625,1.1113
0.703650,1.2088
0.703675,1.2910
0.703700,1.3684
0.703725,1.4739
0.703750,1.5819
0.703775,1.6931
0.703800,1.7914
0.703825,1.8857
0.703850,1.9873
0.703875,2.0928
0.703900,2.2097
0.703925,2.3160
0.703950,2.4152
0.703975,2.5135
0.704000,2.6110
0.704025,2.7109
0.704050,2.8060
0.704075,2.8898
0.704100,2.9656
0.704125,3.0357
0.704150,3.0969
0.704175,3.1493
0.704200,3.1904
0.704225,3.2194
0.704250,3.2371
0.704275,3.2468
0.704300,3.2476
0.704325,3.2388
0.704350,3.2194
0.704375,3.1856
0.704400,3.1421
0.704425,3.0905
0.704450,3.0300
0.704475,2.9599
0.704500,2.8842
0.704525,2.7963
0.704550,2.7053
0.704575,2.6126
0.704600,2.5119
0.704625,2.4144
0.704650,2.3177
0.704675,2.2193
0.704700,2.1130
0.704725,2.0010
0.704750,1.8881
0.704775,1.7801
0.704800,1.6891
0.704825,1.5908
0.704850,1.4876
0.704875,1.3724
0.704900,1.2322
0.704925,1.0976
0.704950,0.9485
0.704975,0.7994
0.705000,0.6713
0.705025,0.5520
0.705050,0.4497
0.705075,0.3602
0.705100,0.2748
0.705125,0.2015
0.705150,0.1394
0.705175,0.0919
0.705200,0.0572
0.705225,0.0338
0.705250,0.0210
0.705275,0.0153
0.705300,0.0218
0.705325,0.0395
0.705350,0.0693
0.705375,0.1128
0.705400,0.1644
0.705425,0.2289
0.705450,0.3078
0.705475,0.4005
0.705500,0.5053
0.705525,0.6173
0.705550,0.7333
0.705575,0.8639
0.705600,0.9864
0.705625,1.0976
0.705650,1.2015
0.705675,1.2902
0.705700,1.3885
0.705725,1.4812
0.705750,1.5779
0.705775,1.6738
0.705800,1.7689
0.705825,1.8785
0.705850,1.9921
0.705875,2.1097
0.705900,2.2161
0.705925,2.3185
0.705950,2.4136
0.705975,2.5119
0.706000,2.6174
0.706025,2.7149
0.706050,2.8076
0.706075,2.8866
0.706100,2.9607
0.706125,3.0333
0.706150,3.0961
0.706175,3.1501
0.706200,3.1896
0.706225,3.2186
0.706250,3.2363
0.706275,3.2452
0.706300,3.2476
0.706325,3.2379
0.706350,3.2186
0.706375,3.1840
0.706400,3.1404
0.706425,3.0905
0.706450,3.0325
0.706475,2.9656
0.706500,2.8858
0.706525,2.7971
0.706550,2.7061
0.706575,2.6142
0.706600,2.5207
0.706625,2.4176
0.706650,2.3120
0.706675,2.2016
0.706700,2.0968
0.706725,1.9953
0.706750,1.8954
0.706775,1.8019
0.706800,1.6947
0.706825,1.5932
0.706850,1.4876
0.706875,1.3603
0.706900,1.2273
0.706925,1.0944
0.706950,0.9477
0.706975,0.8099
0.707000,0.6826
0.707025,0.5577
0.707050,0.4505
0.707075,0.3554
0.707100,0.2724
0.707125,0.1999
0.707150,0.1394
0.707175,0.0927
0.707200,0.0572
0.707225,0.0347
0.707250,0.0210
0.707275,0.0161
0.707300,0.0226
0.707325,0.0387
0.707350,0.0685
0.707375,0.1120
0.707400,0.1652
0.707425,0.2305
0.707450,0.3086
0.707475,0.3989
0.707500,0.4980
0.707525,0.6149
0.707550,0.7382
0.707575,0.8679
0.707600,1.0001
0.707625,1.1121
0.707650,1.2177
0.707675,1.3168
0.707700,1.3966
0.707725,1.4852
0.707750,1.5779
0.707775,1.6722
0.707800,1.7842
0.707825,1.8841
0.707850,1.9881
0.707875,2.0944
0.707900,2.2000
0.707925,2.3120
0.707950,2.4168
0.707975,2.5240
0.708000,2.6215
0.708025,2.7158
0.708050,2.8052
0.708075,2.8834
0.708100,2.9632
0.708125,3.0349
0.708150,3.0961
0.708175,3.1493
0.708200,3.1896
0.708225,3.2186
0.708250,3.2379
0.708275,3.2476
0.708300,3.2468
0.708325,3.2396
0.708350,3.2178
0.708375,3.1840
0.708400,3.1429
0.708425,3.0889
0.708450,3.0292
0.708475,2.9583
0.708500,2.8785
0.708525,2.7963
0.708550,2.7093
0.708575,2.6247
0.708600,2.5215
0.708625,2.4168
0.708650,2.3112
0.708675,2.2024
0.708700,2.1105
0.708725,1.9993
0.708750,1.8881
0.708775,1.7785
0.708800,1.6722
0.708825,1.5851
0.708850,1.4844
0.708875,1.3643
0.708900,1.2330
0.708925,1.0927
0.708950,0.9485
0.708975,0.8123
0.709000,0.6769
0.709025,0.5544
0.709050,0.4505
0.709075,0.3586
0.709100,0.2772
0.709125,0.2031
0.709150,0.1410
0.709175,0.0927
0.709200,0.0572
0.709225,0.0338
0.709250,0.0210
0.709275,0.0161
0.709300,0.0218
0.709325,0.0387
0.709350,0.0701
0.709375,0.1136
0.709400,0.1660
0.709425,0.2297
0.709450,0.3046
0.709475,0.3925
0.709500,0.4980
0.709525,0.6157
0.709550,0.7382
0.709575,0.8744
0.709600,1.0081
0.709625,1.1121
0.709650,1.2096
0.709675,1.2902
0.709700,1.3692
0.709725,1.4739
0.709750,1.5827
0.709775,1.6947
0.709800,1.7914
0.709825,1.8873
0.709850,1.9881
0.709875,2.0928
0.709900,2.2105
0.709925,2.3168
0.709950,2.4152
0.709975,2.5135
0.710000,2.6102
0.710025,2.7101
0.710050,2.8060
0.710075,2.8898
0.710100,2.9656
0.710125,3.0365
0.710150,3.0961
0.710175,3.1477
0.710200,3.1888
0.710225,3.2186
0.710250,3.2363
0.710275,3.2452
0.710300,3.2460
0.710325,3.2371
0.710350,3.2178
0.710375,3.1856
0.710400,3.1429
0.710425,3.0905
0.710450,3.0292
0.710475,2.9599
0.710500,2.8842
0.710525,2.7971
0.710550,2.7061
0.710575,2.6126
0.710600,2.5127
0.710625,2.4152
0.710650,2.3177
0.710675,2.2193
0.710700,2.1138
0.710725,2.0010
0.710750,1.8897
0.710775,1.7810
0.710800,1.6899
0.710825,1.5908
0.710850,1.4876
0.710875,1.3716
0.710900,1.2314
0.710925,1.0968
0.710950,0.9477
0.710975,0.8002
0.711000,0.6721
0.711025,0.5520
0.711050,0.4497
0.711075,0.3610
0.711100,0.2740
0.711125,0.2007
0.711150,0.1394
0.711175,0.0911
0.711200,0.0572
0.711225,0.0338
0.711250,0.0210
0.711275,0.0161
0.711300,0.0218
0.711325,0.0395
0.711350,0.0693
0.711375,0.1120
0.711400,0.1644
0.711425,0.2289
0.711450,0.3078
0.711475,0.4005
0.711500,0.5045
0.711525,0.6157
0.711550,0.7325
0.711575,0.8631
0.711600,0.9856
0.711625,1.0960
0.711650,1.2007
0.711675,1.2894
0.711700,1.3877
0.711725,1.4804
0.711750,1.5779
0.711775,1.6730
0.711800,1.7689
0.711825,1.8777
0.711850,1.9913
0.711875,2.1089
0.711900,2.2153
0.711925,2.3185
0.711950,2.4144
0.711975,2.5127
0.712000,2.6182
0.712025,2.7149
0.712050,2.8060
0.712075,2.8858
0.712100,2.9599
0.712125,3.0341
0.712150,3.0969
0.712175,3.1509
0.712200,3.1912
0.712225,3.2178
0.712250,3.2363
0.712275,3.2460
0.712300,3.2468
0.712325,3.2379
0.712350,3.2178
0.712375,3.1840
0.712400,3.1404
0.712425,3.0905
0.712450,3.0325
0.712475,2.9648
0.712500,2.8858
0.712525,2.7971
0.712550,2.7061
0.712575,2.6150
0.712600,2.5207
0.712625,2.4176
0.712650,2.3120
0.712675,2.2008
0.712700,2.0968
0.712725,1.9953
0.712750,1.8946
0.712775,1.8027
0.712800,1.6947
0.712825,1.5924
0.712850,1.4868
0.712875,1.3595
0.712900,1.2265
0.712925,1.0952
0.712950,0.9493
0.712975,0.8099
0.713000,0.6834
0.713025,0.5577
0.713050,0.4505
0.713075,0.3554
0.713100,0.2732
0.713125,0.2007
0.713150,0.1402
0.713175,0.0927
0.713200,0.0572
0.713225,0.0347
0.713250,0.0210
0.713275,0.0161
0.713300,0.0226
0.713325,0.0395
0.713350,0.0693
0.713375,0.1120
0.713400,0.1652
0.713425,0.2297
0.713450,0.3086
0.713475,0.3989
0.713500,0.4980
0.713525,0.6157
0.713550,0.7390
0.713575,0.8671
0.713600,1.0001
0.713625,1.1129
0.713650,1.2168
0.713675,1.3168
0.713700,1.3958
0.713725,1.4844
0.713750,1.5779
0.713775,1.6714
0.713800,1.7842
0.713825,1.8841
0.713850,1.9889
0.713875,2.0944
0.713900,2.2000
0.713925,2.3120
0.713950,2.4160
0.713975,2.5240
0.714000,2.6215
0.714025,2.7166
0.714050,2.8060
0.714075,2.8850
0.714100,2.9632
0.714125,3.0349
0.714150,3.0969
0.714175,3.1493
0.714200,3.1888
0.714225,3.2186
0.714250,3.2371
0.714275,3.2460
0.714300,3.2476
0.714325,3.2388
0.714350,3.2178
0.714375,3.1848
0.714400,3.1429
0.714425,3.0889
0.714450,3.0292
0.714475,2.9583
0.714500,2.8793
0.714525,2.7963
0.714550,2.7101
0.714575,2.6255
0.714600,2.5232
0.714625,2.4184
0.714650,2.3128
0.714675,2.2032
0.714700,2.1105
0.714725,1.9985
0.714750,1.8873
0.714775,1.7777
0.714800,1.6714
0.714825,1.5851
0.714850,1.4836
0.714875,1.3635
0.714900,1.2338
0.714925,1.0927
0.714950,0.9485
0.714975,0.8123
0.715000,0.6769
0.715025,0.5544
0.715050,0.4497
0.715075,0.3594
0.715100,0.2772
0.715125,0.2023
0.715150,0.1410
0.715175,0.0919
0.715200,0.0564
0.715225,0.0338
0.715250,0.0210
0.715275,0.0161
0.715300,0.0218
0.715325,0.0387
0.715350,0.0685
0.715375,0.1120
0.715400,0.1652
0.715425,0.2289
0.715450,0.3046
0.715475,0.3925
0.715500,0.4980
0.715525,0.6149
0.715550,0.7382
0.715575,0.8736
0.715600,1.0073
0.715625,1.1121
0.715650,1.2080
0.715675,1.2902
0.715700,1.3684
0.715725,1.4739
0.715750,1.5827
0.715775,1.6947
0.715800,1.7914
0.715825,1.8873
0.715850,1.9881
0.715875,2.0928
0.715900,2.2097
0.715925,2.3160
0.715950,2.4152
0.715975,2.5143
0.716000,2.6110
0.716025,2.7117
0.716050,2.8068
0.716075,2.8906
0.716100,2.9656
0.716125,3.0357
0.716150,3.0961
0.716175,3.1469
0.716200,3.1888
0.716225,3.2178
0.716250,3.2363
0.716275,3.2460
0.716300,3.2468
0.716325,3.2379
0.716350,3.2186
0.716375,3.1864
0.716400,3.1437
0.716425,3.0905
0.716450,3.0300
0.716475,2.9599
0.716500,2.8842
0.716525,2.7971
0.716550,2.7053
0.716575,2.6118
0.716600,2.5111
0.716625,2.4136
0.716650,2.3177
0.716675,2.2193
0.716700,2.1138
0.716725,2.0010
0.716750,1.8889
0.716775,1.7801
0.716800,1.6891
0.716825,1.5900
0.716850,1.4876
0.716875,1.3716
0.716900,1.2314
0.716925,1.0976
0.716950,0.9485
0.716975,0.8010
0.717000,0.6713
0.717025,0.5520
0.717050,0.4505
0.717075,0.3602
0.717100,0.2756
0.717125,0.2015
0.717150,0.1402
0.717175,0.0903
0.717200,0.0564
0.717225,0.0330
0.717250,0.0193
0.717275,0.0161
0.717300,0.0210
0.717325,0.0387
0.717350,0.0693
0.717375,0.1128
0.717400,0.1644
0.717425,0.2297
0.717450,0.3086
0.717475,0.4013
0.717500,0.5053
0.717525,0.6165
0.717550,0.7325
0.717575,0.8631
0.717600,0.9856
0.717625,1.0968
0.717650,1.2007
0.717675,1.2894
0.717700,1.3885
0.717725,1.4804
0.717750,1.5787
0.717775,1.6738
0.717800,1.7689
0.717825,1.8777
0.717850,1.9905
0.717875,2.1089
0.717900,2.2153
0.717925,2.3185
0.717950,2.4144
0.717975,2.5127
0.718000,2.6182
0.718025,2.7141
0.718050,2.8076
0.718075,2.8866
0.718100,2.9599
0.718125,3.0341
0.718150,3.0961
0.718175,3.1509
0.718200,3.1904
0.718225,3.2186
0.718250,3.2363
0.718275,3.2452
0.718300,3.2476
0.718325,3.2379
0.718350,3.2170
0.718375,3.1840
0.718400,3.1404
0.718425,3.0897
0.718450,3.0316
0.718475,2.9640
0.718500,2.8842
0.718525,2.7971
0.718550,2.7053
0.718575,2.6142
0.718600,2.5207
0.718625,2.4168
0.718650,2.3112
0.718675,2.2016
0.718700,2.0968
0.718725,1.9953
0.718750,1.8962
0.718775,1.8019
0.718800,1.6947
0.718825,1.5940
0.718850,1.4860
0.718875,1.3595
0.718900,1.2273
0.718925,1.0944
0.718950,0.9493
0.718975,0.8099
0.719000,0.6834
0.719025,0.5585
0.719050,0.4505
0.719075,0.3562
0.719100,0.2724
0.719125,0.2007
0.719150,0.1394
0.719175,0.0919
0.719200,0.0572
0.719225,0.0338
0.719250,0.0201
0.719275,0.0161
0.719300,0.0218
0.719325,0.0387
0.719350,0.0693
0.719375,0.1112
0.719400,0.1652
0.719425,0.2297
0.719450,0.3078
0.719475,0.3989
0.719500,0.4980
0.719525,0.6149
0.719550,0.7398
0.719575,0.8679
0.719600,1.0001
0.719625,1.1129
0.719650,1.2168
0.719675,1.3168
0.719700,1.3966
0.719725,1.4852
0.719750,1.5787
0.719775,1.6722
0.719800,1.7842
0.719825,1.8841
0.719850,1.9889
0.719875,2.0936
0.719900,2.1992
0.719925,2.3112
0.719950,2.4152
0.719975,2.5240
0.720000,2.6223
0.720025,2.7166
0.720050,2.8076
0.720075,2.8850
0.720100,2.9623
0.720125,3.0349
0.720150,3.0969
0.720175,3.1493
0.720200,3.1904
0.720225,3.2194
0.720250,3.2371
0.720275,3.2476
0.720300,3.2476
0.720325,3.2379
0.720350,3.2178
0.720375,3.1840
0.720400,3.1429
0.720425,3.0905
0.720450,3.0308
0.720475,2.9583
0.720500,2.8785
0.720525,2.7947
0.720550,2.7085
0.720575,2.6247
0.720600,2.5223
0.720625,2.4184
0.720650,2.3128
0.720675,2.2032
0.720700,2.1105
0.720725,2.0001
0.720750,1.8881
0.720775,1.7777
0.720800,1.6722
0.720825,1.5851
0.720850,1.4844
0.720875,1.3643
0.720900,1.2338
0.720925,1.0919
0.720950,0.9485
0.720975,0.8115
0.721000,0.6761
0.721025,0.5544
0.721050,0.4497
0.721075,0.3586
0.721100,0.2772
0.721125,0.2023
0.721150,0.1402
0.721175,0.0911
0.721200,0.0564
0.721225,0.0338
0.721250,0.0210
0.721275,0.0161
0.721300,0.0218
0.721325,0.0387
0.721350,0.0701
0.721375,0.1128
0.721400,0.1668
0.721425,0.2297
0.721450,0.3054
0.721475,0.3933
0.721500,0.4988
0.721525,0.6157
0.721550,0.7390
0.721575,0.8744
0.721600,1.0081
0.721625,1.1129
0.721650,1.2088
0.721675,1.2902
0.721700,1.3692
0.721725,1.4739
0.721750,1.5819
0.721775,1.6947
0.721800,1.7914
0.721825,1.8873
0.721850,1.9889
0.721875,2.0928
0.721900,2.2113
0.721925,2.3168
0.721950,2.4144
0.721975,2.5151
0.722000,2.6110
0.722025,2.7117
0.722050,2.8076
0.722075,2.8906
0.722100,2.9656
0.722125,3.0357
0.722150,3.0961
0.722175,3.1485
0.722200,3.1896
0.722225,3.2194
0.722250,3.2363
0.722275,3.2460
0.722300,3.2460
0.722325,3.2371
0.722350,3.2186
0.722375,3.1848
0.722400,3.1429
0.722425,3.0913
0.722450,3.0308
0.722475,2.9615
0.722500,2.8842
0.722525,2.7971
0.722550,2.7053
0.722575,2.6118
0.722600,2.5119
0.722625,2.4144
0.722650,2.3185
0.722675,2.2193
0.722700,2.1130
0.722725,2.0010
0.722750,1.8881
0.722775,1.7801
0.722800,1.6891
0.722825,1.5900
0.722850,1.4884
0.722875,1.3716
0.722900,1.2322
0.722925,1.0976
0.722950,0.9477
0.722975,0.8010
0.723000,0.6721
0.723025,0.5528
0.723050,0.4505
0.723075,0.3602
0.723100,0.2740
0.723125,0.2015
0.723150,0.1402
0.723175,0.0919
0.723200,0.0580
0.723225,0.0338
0.723250,0.0201
0.723275,0.0161
0.723300,0.0218
0.723325,0.0387
0.723350,0.0693
0.723375,0.1120
0.723400,0.1644
0.723425,0.2297
0.723450,0.3078
0.723475,0.4013
0.723500,0.5053
0.723525,0.6165
0.723550,0.7341
0.723575,0.8639
0.723600,0.9864
0.723625,1.0968
0.723650,1.2007
0.723675,1.2902
0.723700,1.3885
0.723725,1.4820
0.723750,1.5787
0.723775,1.6738
0.723800,1.7689
0.723825,1.8768
0.723850,1.9905
0.723875,2.1089
0.723900,2.2145
0.723925,2.3185
0.723950,2.4144
0.723975,2.5119
0.724000,2.6174
0.724025,2.7141
0.724050,2.8068
0.724075,2.8866
0.724100,2.9607
0.724125,3.0341
0.724150,3.0961
0.724175,3.1501
0.724200,3.1904
0.724225,3.2186
0.724250,3.2363
0.724275,3.2468
0.724300,3.2476
0.724325,3.2379
0.724350,3.2178
0.724375,3.1840
0.724400,3.1412
0.724425,3.0913
0.724450,3.0325
0.724475,2.9648
0.724500,2.8850
0.724525,2.7971
0.724550,2.7069
0.724575,2.6158
0.724600,2.5215
0.724625,2.4176
0.724650,2.3120
0.724675,2.2008
0.724700,2.0968
0.724725,1.9953
0.724750,1.8946
0.724775,1.8019
0.724800,1.6947
0.724825,1.5932
0.724850,1.4868
0.724875,1.3595
0.724900,1.2265
0.724925,1.0936
0.724950,0.9477
0.724975,0.8091
0.725000,2.8044
0.725025,2.7464
0.725050,2.6916
0.725075,2.6021
0.725100,2.5135
0.725125,2.4184
0.725150,2.3096
0.725175,2.1984
0.725200,2.0936
0.725225,1.9808
0.725250,1.8825
0.725275,1.7858
0.725300,1.6770
0.725325,1.5755
0.725350,1.4707
0.725375,1.3538
0.725400,1.2314
0.725425,1.0968
0.725450,0.9485
0.725475,0.8067
0.725500,0.6785
0.725525,0.5593
0.725550,0.4561
0.725575,0.3610
0.725600,0.2764
0.725625,0.2023
0.725650,0.1418
0.725675,0.0935
0.725700,0.0572
0.725725,0.0338
0.725750,0.0210
0.725775,0.0161
0.725800,0.0218
0.725825,0.0395
0.725850,0.0693
0.725875,0.1128
0.725900,0.1676
0.725925,0.2321
0.725950,0.3119
0.725975,0.4037
0.726000,0.5053
0.726025,0.6173
0.726050,0.7333
0.726075,0.8518
0.726100,0.9743
0.726125,1.0855
0.726150,1.1895
0.726175,1.2902
0.726200,1.3700
0.726225,1.4626
0.726250,1.5593
0.726275,1.6552
0.726300,1.7689
0.726325,1.8777
0.726350,1.9921
0.726375,2.0985
0.726400,2.2048
0.726425,2.3080
0.726450,2.4031
0.726475,2.5127
0.726500,2.6126
0.726525,2.7085
0.726550,2.8012
0.726575,2.8801
0.726600,2.9599
0.726625,3.0333
0.726650,3.0961
0.726675,3.1493
0.726700,3.1896
0.726725,3.2178
0.726750,3.2363
0.726775,3.2468
0.726800,3.2468
0.726825,3.2379
0.726850,3.2162
0.726875,3.1832
0.726900,3.1412
0.726925,3.0905
0.726950,3.0333
0.726975,2.9599
0.727000,2.8793
0.727025,2.7923
0.727050,2.6996
0.727075,2.6134
0.727100,2.5103
0.727125,2.4055
0.727150,2.3007
0.727175,2.1903
0.727200,2.0960
0.727225,1.9961
0.727250,1.8946
0.727275,1.7842
0.727300,1.6770
0.727325,1.5747
0.727350,1.4691
0.727375,1.3595
0.727400,1.2394
0.727425,1.1056
0.727450,0.9606
0.727475,0.8220
0.727500,0.6834
0.727525,0.5585
0.727550,0.4505
0.727575,0.3586
0.727600,0.2748
0.727625,0.2031
0.727650,0.1418
0.727675,0.0927
0.727700,0.0572
0.727725,0.0338
0.727750,0.0210
0.727775,0.0161
0.727800,0.0218
0.727825,0.0387
0.727850,0.0693
0.727875,0.1136
0.727900,0.1676
0.727925,0.2321
0.727950,0.3103
0.727975,0.3989
0.728000,0.5061
0.728025,0.6237
0.728050,0.7470
0.728075,0.8760
0.728100,1.0001
0.728125,1.1129
0.728150,1.2177
0.728175,1.2982
0.728200,1.3772
0.728225,1.4659
0.728250,1.5585
0.728275,1.6722
0.728300,1.7705
0.728325,1.8680
0.728350,1.9736
0.728375,2.0783
0.728400,2.1984
0.728425,2.3112
0.728450,2.4152
0.728475,2.5167
0.728500,2.6150
0.728525,2.7085
0.728550,2.7996
0.728575,2.8842
0.728600,2.9607
0.728625,3.0325
0.728650,3.0945
0.728675,3.1461
0.728700,3.1888
0.728725,3.2186
0.728750,3.2363
0.728775,3.2468
0.728800,3.2460
0.728825,3.2379
0.728850,3.2178
0.728875,3.1848
0.728900,3.1404
0.728925,3.0873
0.728950,3.0276
0.728975,2.9551
0.729000,2.8801
0.729025,2.7963
0.729050,2.7101
0.729075,2.6158
0.729100,2.5127
0.729125,2.4087
0.729150,2.3023
0.729175,2.2032
0.729200,2.0960
0.729225,1.9840
0.729250,1.8736
0.729275,1.7640
0.729300,1.6722
0.729325,1.5859
0.729350,1.4844
0.729375,1.3764
0.729400,1.2467
0.729425,1.1056
0.729450,0.9606
0.729475,0.8131
0.729500,0.6818
0.729525,0.5601
0.729550,0.4561
0.729575,0.3642
0.729600,0.2780
0.729625,0.2023
0.729650,0.1410
0.729675,0.0919
0.729700,0.0572
0.729725,0.0338
0.729750,0.0210
0.729775,0.0161
0.729800,0.0210
0.729825,0.0387
0.729850,0.0693
0.729875,0.1136
0.729900,0.1668
0.729925,0.2297
0.729950,0.3054
0.729975,0.3997
0.730000,0.5053
0.730025,0.6221
0.730050,0.7454
0.730075,0.8752
0.730100,0.9880
0.730125,1.0911
0.730150,1.1878
0.730175,1.2700
0.730200,1.3684
0.730225,1.4739
0.730250,1.5827
0.730275,1.6786
0.730300,1.7761
0.730325,1.8704
0.730350,1.9727
0.730375,2.0920
0.730400,2.2000
0.730425,2.3064
0.730450,2.4047
0.730475,2.5046
0.730500,2.6110
0.730525,2.7117
0.730550,2.8068
0.730575,2.8874
0.730600,2.9623
0.730625,3.0316
0.730650,3.0929
0.730675,3.1477
0.730700,3.1888
0.730725,3.2186
0.730750,3.2363
0.730775,3.2452
0.730800,3.2468
0.730825,3.2379
0.730850,3.2186
0.730875,3.1848
0.730900,3.1404
0.730925,3.0889
0.730950,3.0284
0.730975,2.9591
0.731000,2.8793
0.731025,2.7907
0.731050,2.6996
0.731075,2.6078
0.731100,2.5119
0.731125,2.4160
0.731150,2.3177
0.731175,2.2048
0.731200,2.1001
0.731225,1.9856
0.731250,1.8736
0.731275,1.7785
0.731300,1.6697
0.731325,1.5722
0.731350,1.4691
0.731375,1.3538
0.731400,1.2322
0.731425,1.0976
0.731450,0.9493
0.731475,0.8067
0.731500,0.6793
0.731525,0.5601
0.731550,0.4569
0.731575,0.3610
0.731600,0.2764
0.731625,0.2023
0.731650,0.1410
0.731675,0.0927
0.731700,0.0572
0.731725,0.0338
0.731750,0.0210
0.731775,0.0161
0.731800,0.0218
0.731825,0.0395
0.731850,0.0701
0.731875,0.1120
0.731900,0.1676
0.731925,0.2329
0.731950,0.3111
0.731975,0.4045
0.732000,0.5053
0.732025,0.6165
0.732050,0.7341
0.732075,0.8526
0.732100,0.9743
0.732125,1.0863
0.732150,1.1895
0.732175,1.2902
0.732200,1.3700
0.732225,1.4626
0.732250,1.5601
0.732275,1.6544
0.732300,1.7689
0.732325,1.8777
0.732350,1.9905
0.732375,2.0985
0.732400,2.2040
0.732425,2.3072
0.732450,2.4039
0.732475,2.5119
0.732500,2.6126
0.732525,2.7085
0.732550,2.8004
0.732575,2.8801
0.732600,2.9591
0.732625,3.0333
0.732650,3.0961
0.732675,3.1501
0.732700,3.1904
0.732725,3.2186
0.732750,3.2363
0.732775,3.2460
0.732800,3.2468
0.732825,3.2371
0.732850,3.2170
0.732875,3.1832
0.732900,3.1404
0.732925,3.0905
0.732950,3.0316
0.732975,2.9599
0.733000,2.8793
0.733025,2.7923
0.733050,2.7004
0.733075,2.6134
0.733100,2.5103
0.733125,2.4055
0.733150,2.3015
0.733175,2.1911
0.733200,2.0968
0.733225,1.9961
0.733250,1.8954
0.733275,1.7842
0.733300,1.6762
0.733325,1.5747
0.733350,1.4683
0.733375,1.3587
0.733400,1.2386
0.733425,1.1056
0.733450,0.9598
0.733475,0.8212
0.733500,0.6834
0.733525,0.5585
0.733550,0.4505
0.733575,0.3586
0.733600,0.2748
0.733625,0.2023
0.733650,0.1418
0.733675,0.0927
0.733700,0.0580
0.733725,0.0338
0.733750,0.0210
0.733775,0.0161
0.733800,0.0210
0.733825,0.0387
0.733850,0.0685
0.733875,0.1136
0.733900,0.1676
0.733925,0.2321
0.733950,0.3103
0.733975,0.3981
0.734000,0.5061
0.734025,0.6237
0.734050,0.7470
0.734075,0.8768
0.734100,1.0009
0.734125,1.1137
0.734150,1.2185
0.734175,1.2982
0.734200,1.3764
0.734225,1.4651
0.734250,1.5585
0.734275,1.6722
0.734300,1.7705
0.734325,1.8696
0.734350,1.9744
0.734375,2.0799
0.734400,2.2000
0.734425,2.3128
0.734450,2.4168
0.734475,2.5183
0.734500,2.6158
0.734525,2.7093
0.734550,2.8004
0.734575,2.8850
0.734600,2.9615
0.734625,3.0333
0.734650,3.0945
0.734675,3.1469
0.734700,3.1896
0.734725,3.2186
0.734750,3.2371
0.734775,3.2468
0.734800,3.2460
0.734825,3.2371
0.734850,3.2170
0.734875,3.1848
0.734900,3.1412
0.734925,3.0889
0.734950,3.0284
0.734975,2.9559
0.735000,2.8793
0.735025,2.7955
0.735050,2.7093
0.735075,2.6150
0.735100,2.5135
0.735125,2.4087
0.735150,2.3032
0.735175,2.2024
0.735200,2.0952
0.735225,1.9840
0.735250,1.8736
0.735275,1.7656
0.735300,1.6738
0.735325,1.5867
0.735350,1.4852
0.735375,1.3764
0.735400,1.2459
0.735425,1.1056
0.735450,0.9614
0.735475,0.8123
0.735500,0.6818
0.735525,0.5601
0.735550,0.4545
0.735575,0.3642
0.735600,0.2764
0.735625,0.2023
0.735650,0.1402
0.735675,0.0911
0.735700,0.0572
0.735725,0.0338
0.735750,0.0210
0.735775,0.0161
0.735800,0.0218
0.735825,0.0387
0.735850,0.0701
0.735875,0.1136
0.735900,0.1660
0.735925,0.2297
0.735950,0.3046
0.735975,0.3989
0.736000,0.5045
0.736025,0.6221
0.736050,0.7454
0.736075,0.8736
0.736100,0.9872
0.736125,1.0911
0.736150,1.1878
0.736175,1.2692
0.736200,1.3692
0.736225,1.4739
0.736250,1.5827
0.736275,1.6786
0.736300,1.7753
0.736325,1.8712
0.736350,1.9719
0.736375,2.0928
0.736400,2.2008
0.736425,2.3064
0.736450,2.4055
0.736475,2.5046
0.736500,2.6118
0.736525,2.7117
0.736550,2.8068
0.736575,2.8874
0.736600,2.9607
0.736625,3.0325
0.736650,3.0921
0.736675,3.1477
0.736700,3.1896
0.736725,3.2178
0.736750,3.2363
0.736775,3.2452
0.736800,3.2468
0.736825,3.2379
0.736850,3.2186
0.736875,3.1840
0.736900,3.1404
0.736925,3.0889
0.736950,3.0284
0.736975,2.9607
0.737000,2.8793
0.737025,2.7915
0.737050,2.6996
0.737075,2.6070
0.737100,2.5111
0.737125,2.4144
0.737150,2.3177
0.737175,2.2048
0.737200,2.1001
0.737225,1.9864
0.737250,1.8744
0.737275,1.7801
0.737300,1.6705
0.737325,1.5722
0.737350,1.4691
0.737375,1.3530
0.737400,1.2322
0.737425,1.0968
0.737450,0.9485
0.737475,0.8067
0.737500,0.6777
0.737525,0.5593
0.737550,0.4577
0.737575,0.3610
0.737600,0.2764
0.737625,0.2023
0.737650,0.1410
0.737675,0.0927
0.737700,0.0580
0.737725,0.0347
0.737750,0.0218
0.737775,0.0169
0.737800,0.0218
0.737825,0.0395
0.737850,0.0685
0.737875,0.1112
0.737900,0.1660
0.737925,0.2305
0.737950,0.3111
0.737975,0.4045
0.738000,0.5053
0.738025,0.6173
0.738050,0.7333
0.738075,0.8502
0.738100,0.9735
0.738125,1.0847
0.738150,1.1886
0.738175,1.2902
0.738200,1.3700
0.738225,1.4626
0.738250,1.5601
0.738275,1.6544
0.738300,1.7689
0.738325,1.8768
0.738350,1.9913
0.738375,2.0993
0.738400,2.2048
0.738425,2.3088
0.738450,2.4039
0.738475,2.5127
0.738500,2.6134
0.738525,2.7085
0.738550,2.8004
0.738575,2.8810
0.738600,2.9591
0.738625,3.0333
0.738650,3.0961
0.738675,3.1485
0.738700,3.1896
0.738725,3.2178
0.738750,3.2355
0.738775,3.2460
0.738800,3.2468
0.738825,3.2371
0.738850,3.2170
0.738875,3.1840
0.738900,3.1412
0.738925,3.0913
0.738950,3.0325
0.738975,2.9591
0.739000,2.8801
0.739025,2.7915
0.739050,2.6996
0.739075,2.6142
0.739100,2.5095
0.739125,2.4063
0.739150,2.3015
0.739175,2.1903
0.739200,2.0968
0.739225,1.9961
0.739250,1.8946
0.739275,1.7842
0.739300,1.6762
0.739325,1.5738
0.739350,1.4691
0.739375,1.3587
0.739400,1.2386
0.739425,1.1064
0.739450,0.9598
0.739475,0.8212
0.739500,0.6834
0.739525,0.5585
0.739550,0.4505
0.739575,0.3586
0.739600,0.2748
0.739625,0.2023
0.739650,0.1418
0.739675,0.0919
0.739700,0.0572
0.739725,0.0330
0.739750,0.0210
0.739775,0.0153
0.739800,0.0210
0.739825,0.0387
0.739850,0.0685
0.739875,0.1128
0.739900,0.1660
0.739925,0.2313
0.739950,0.3095
0.739975,0.3989
0.740000,0.5061
0.740025,0.6237
0.740050,0.7478
0.740075,0.8760
0.740100,1.0009
0.740125,1.1129
0.740150,1.2177
0.740175,1.2966
0.740200,1.3764
0.740225,1.4651
0.740250,1.5585
0.740275,1.6722
0.740300,1.7705
0.740325,1.8696
0.740350,1.9736
0.740375,2.0799
0.740400,2.1992
0.740425,2.3120
0.740450,2.4168
0.740475,2.5167
0.740500,2.6158
0.740525,2.7093
0.740550,2.7996
0.740575,2.8858
0.740600,2.9607
0.740625,3.0333
0.740650,3.0945
0.740675,3.1461
0.740700,3.1896
0.740725,3.2178
0.740750,3.2371
0.740775,3.2468
0.740800,3.2468
0.740825,3.2388
0.740850,3.2178
0.740875,3.1848
0.740900,3.1404
0.740925,3.0873
0.740950,3.0268
0.740975,2.9559
0.741000,2.8801
0.741025,2.7955
0.741050,2.7093
0.741075,2.6158
0.741100,2.5135
0.741125,2.4087
0.741150,2.3040
0.741175,2.2032
0.741200,2.0960
0.741225,1.9848
0.741250,1.8728
0.741275,1.7640
0.741300,1.6714
0.741325,1.5851
0.741350,1.4828
0.741375,1.3756
0.741400,1.2451
0.741425,1.1048
0.741450,0.9614
0.741475,0.8123
0.741500,0.6826
0.741525,0.5601
0.741550,0.4553
0.741575,0.3642
0.741600,0.2772
0.741625,0.2031
0.741650,0.1402
0.741675,0.0919
0.741700,0.0564
0.741725,0.0338
0.741750,0.0210
0.741775,0.0169
0.741800,0.0226
0.741825,0.0395
0.741850,0.0701
0.741875,0.1136
0.741900,0.1668
0.741925,0.2289
0.741950,0.3054
0.741975,0.3997
0.742000,0.5053
0.742025,0.6221
0.742050,0.7454
0.742075,0.8752
0.742100,0.9872
0.742125,1.0911
0.742150,1.1878
0.742175,1.2692
0.742200,1.3692
0.742225,1.4739
0.742250,1.5827
0.742275,1.6786
0.742300,1.7761
0.742325,1.8728
0.742350,1.9736
0.742375,2.0936
0.742400,2.2008
0.742425,2.3064
0.742450,2.4047
0.742475,2.5046
0.742500,2.6110
0.742525,2.7109
0.742550,2.8068
0.742575,2.8874
0.742600,2.9623
0.742625,3.0333
0.742650,3.0937
0.742675,3.1485
0.742700,3.1896
0.742725,3.2178
0.742750,3.2363
0.742775,3.2460
0.742800,3.2468
0.742825,3.2396
0.742850,3.2186
0.742875,3.1848
0.742900,3.1404
0.742925,3.0881
0.742950,3.0284
0.742975,2.9591
0.743000,2.8785
0.743025,2.7899
0.743050,2.6980
0.743075,2.6062
0.743100,2.5111
0.743125,2.4152
0.743150,2.3177
0.743175,2.2048
0.743200,2.0993
0.743225,1.9864
0.743250,1.8744
0.743275,1.7801
0.743300,1.6714
0.743325,1.5722
0.743350,1.4699
0.743375,1.3538
0.743400,1.2314
0.743425,1.0968
0.743450,0.9485
0.743475,0.8067
0.743500,0.6785
0.743525,0.5593
0.743550,0.4569
0.743575,0.3610
0.743600,0.2764
0.743625,0.2023
0.743650,0.1418
0.743675,0.0927
0.743700,0.0580
0.743725,0.0338
0.743750,0.0210
0.743775,0.0161
0.743800,0.0218
0.743825,0.0395
0.743850,0.0701
0.743875,0.1128
0.743900,0.1676
0.743925,0.2329
0.743950,0.3111
0.743975,0.4029
0.744000,0.5045
0.744025,0.6165
0.744050,0.7333
0.744075,0.8526
0.744100,0.9751
0.744125,1.0863
0.744150,1.1895
0.744175,1.2902
0.744200,1.3700
0.744225,1.4626
0.744250,1.5601
0.744275,1.6544
0.744300,1.7689
0.744325,1.8777
0.744350,1.9913
0.744375,2.0985
0.744400,2.2056
0.744425,2.3080
0.744450,2.4039
0.744475,2.5127
0.744500,2.6126
0.744525,2.7085
0.744550,2.8004
0.744575,2.8810
0.744600,2.9591
0.744625,3.0333
0.744650,3.0961
0.744675,3.1493
0.744700,3.1904
0.744725,3.2186
0.744750,3.2363
0.744775,3.2468
0.744800,3.2468
0.744825,3.2379
0.744850,3.2170
0.744875,3.1832
0.744900,3.1404
0.744925,3.0897
0.744950,3.0316
0.744975,2.9591
0.745000,2.8793
0.745025,2.7915
0.745050,2.7004
0.745075,2.6142
0.745100,2.5103
0.745125,2.4055
0.745150,2.3007
0.745175,2.1903
0.745200,2.0968
0.745225,1.9953
0.745250,1.8946
0.745275,1.7842
0.745300,1.6762
0.745325,1.5747
0.745350,1.4683
0.745375,1.3587
0.745400,1.2386
0.745425,1.1056
0.745450,0.9606
0.745475,0.8212
0.745500,0.6834
0.745525,0.5585
0.745550,0.4505
0.745575,0.3586
0.745600,0.2756
0.745625,0.2031
0.745650,0.1418
0.745675,0.0911
0.745700,0.0556
0.745725,0.0330
0.745750,0.0193
0.745775,0.0169
0.745800,0.0218
0.745825,0.0387
0.745850,0.0693
0.745875,0.1136
0.745900,0.1668
0.745925,0.2321
0.745950,0.3103
0.745975,0.3989
0.746000,0.5061
0.746025,0.6237
0.746050,0.7470
0.746075,0.8760
0.746100,1.0009
0.746125,1.1129
0.746150,1.2177
0.746175,1.2974
0.746200,1.3764
0.746225,1.4651
0.746250,1.5585
0.746275,1.6714
0.746300,1.7705
0.746325,1.8688
0.746350,1.9744
0.746375,2.0799
0.746400,2.1992
0.746425,2.3112
0.746450,2.4160
0.746475,2.5167
0.746500,2.6150
0.746525,2.7101
0.746550,2.7996
0.746575,2.8850
0.746600,2.9599
0.746625,3.0316
0.746650,3.0937
0.746675,3.1461
0.746700,3.1880
0.746725,3.2170
0.746750,3.2355
0.746775,3.2444
0.746800,3.2452
0.746825,3.2371
0.746850,3.2162
0.746875,3.1840
0.746900,3.1396
0.746925,3.0873
0.746950,3.0276
0.746975,2.9551
0.747000,2.8801
0.747025,2.7955
0.747050,2.7093
0.747075,2.6158
0.747100,2.5119
0.747125,2.4087
0.747150,2.3023
0.747175,2.2024
0.747200,2.0960
0.747225,1.9840
0.747250,1.8736
0.747275,1.7640
0.747300,1.6714
0.747325,1.5851
0.747350,1.4836
0.747375,1.3764
0.747400,1.2459
0.747425,1.1056
0.747450,0.9614
0.747475,0.8115
0.747500,0.6818
0.747525,0.5593
0.747550,0.4553
0.747575,0.3642
0.747600,0.2772
0.747625,0.2023
0.747650,0.1402
0.747675,0.0911
0.747700,0.0564
0.747725,0.0338
0.747750,0.0201
0.747775,0.0169
0.747800,0.0218
0.747825,0.0395
0.747850,0.0701
0.747875,0.1136
0.747900,0.1668
0.747925,0.2297
0.747950,0.3054
0.747975,0.3997
0.748000,0.5053
0.748025,0.6221
0.748050,0.7454
0.748075,0.8744
0.748100,0.9872
0.748125,1.0911
0.748150,1.1878
0.748175,1.2700
0.748200,1.3700
0.748225,1.4747
0.748250,1.5835
0.748275,1.6786
0.748300,1.7753
0.748325,1.8720
0.748350,1.9719
0.748375,2.0920
0.748400,2.2000
0.748425,2.3064
0.748450,2.4047
0.748475,2.5046
0.748500,2.6110
0.748525,2.7109
0.748550,2.8068
0.748575,2.8874
0.748600,2.9623
0.748625,3.0333
0.748650,3.0945
0.748675,3.1485
0.748700,3.1896
0.748725,3.2178
0.748750,3.2355
0.748775,3.2452
0.748800,3.2460
0.748825,3.2379
0.748850,3.2186
0.748875,3.1840
0.748900,3.1404
0.748925,3.0897
0.748950,3.0292
0.748975,2.9607
0.749000,2.8793
0.749025,2.7907
0.749050,2.6988
0.749075,2.6078
0.749100,2.5119
0.749125,2.4160
0.749150,2.3177
0.749175,2.2056
0.749200,2.0993
0.749225,1.9864
0.749250,1.8744
0.749275,1.7801
0.749300,1.6714
0.749325,1.5722
0.749350,1.4699
0.749375,1.3538
0.749400,1.2314
0.749425,1.0968
0.749450,0.9485
0.749475,0.8067
0.749500,0.6785
0.749525,0.5601
0.749550,0.4569
0.749575,0.3610
0.749600,0.2764
0.749625,0.2031
0.749650,0.1418
0.749675,0.0935
0.749700,0.0588
0.749725,0.0347
0.749750,0.0210
0.749775,0.0169
0.749800,0.0218
0.749825,0.0395
0.749850,0.0701
0.749875,0.1128
0.749900,0.1676
0.749925,0.2329
0.749950,0.3119
0.749975,0.4037
0.750000,0.4932
0.750025,0.4593
0.750050,0.4392
0.750075,0.3699
0.750100,0.2756
0.750125,0.2023
0.750150,0.1402
0.750175,0.0919
0.750200,0.0572
0.750225,0.0338
0.750250,0.0210
0.750275,0.0169
0.750300,0.0218
0.750325,0.0403
0.750350,0.0701
0.750375,0.1136
0.750400,0.1668
0.750425,0.2297
0.750450,0.3062
0.750475,0.3989
0.750500,0.5053
0.750525,0.6221
0.750550,0.7446
0.750575,0.8744
0.750600,0.9864
0.750625,1.0903
0.750650,1.1870
0.750675,1.2692
0.750700,1.3675
0.750725,1.4731
0.750750,1.5827
0.750775,1.6778
0.750800,1.7761
0.750825,1.8712
0.750850,1.9727
0.750875,2.0936
0.750900,2.2008
0.750925,2.3072
0.750950,2.4055
0.750975,2.5038
0.751000,2.6118
0.751025,2.7109
0.751050,2.8060
0.751075,2.8874
0.751100,2.9615
0.751125,3.0333
0.751150,3.0937
0.751175,3.1485
0.751200,3.1896
0.751225,3.2170
0.751250,3.2363
0.751275,3.2444
0.751300,3.2460
0.751325,3.2379
0.751350,3.2178
0.751375,3.1840
0.751400,3.1404
0.751425,3.0889
0.751450,3.0276
0.751475,2.9599
0.751500,2.8785
0.751525,2.7907
0.751550,2.6996
0.751575,2.6070
0.751600,2.5119
0.751625,2.4144
0.751650,2.3177
0.751675,2.2056
0.751700,2.0993
0.751725,1.9873
0.751750,1.8752
0.751775,1.7801
0.751800,1.6722
0.751825,1.5722
0.751850,1.4699
0.751875,1.3547
0.751900,1.2314
0.751925,1.0976
0.751950,0.9485
0.751975,0.8067
0.752000,0.6785
0.752025,0.5585
0.752050,0.4569
0.752075,0.3610
0.752100,0.2756
0.752125,0.2031
0.752150,0.1410
0.752175,0.0935
0.752200,0.0572
0.752225,0.0338
0.752250,0.0210
0.752275,0.0161
0.752300,0.0218
0.752325,0.0395
0.752350,0.0701
0.752375,0.1128
0.752400,0.1676
0.752425,0.2329
0.752450,0.3111
0.752475,0.4029
0.752500,0.5045
0.752525,0.6157
0.752550,0.7325
0.752575,0.8518
0.752600,0.9743
0.752625,1.0847
0.752650,1.1895
0.752675,1.2894
0.752700,1.3692
0.752725,1.4626
0.752750,1.5593
0.752775,1.6536
0.752800,1.7689
0.752825,1.8768
0.752850,1.9905
0.752875,2.0985
0.752900,2.2032
0.752925,2.3080
0.752950,2.4039
0.752975,2.5127
0.753000,2.6134
0.753025,2.7093
0.753050,2.8004
0.753075,2.8810
0.753100,2.9591
0.753125,3.0333
0.753150,3.0961
0.753175,3.1485
0.753200,3.1904
0.753225,3.2186
0.753250,3.2363
0.753275,3.2468
0.753300,3.2468
0.753325,3.2379
0.753350,3.2178
0.753375,3.1832
0.753400,3.1412
0.753425,3.0913
0.753450,3.0325
0.753475,2.9599
0.753500,2.8793
0.753525,2.7915
0.753550,2.7004
0.753575,2.6142
0.753600,2.5111
0.753625,2.4063
0.753650,2.3007
0.753675,2.1911
0.753700,2.0968
0.753725,1.9953
0.753750,1.8954
0.753775,1.7834
0.753800,1.6770
0.753825,1.5747
0.753850,1.4683
0.753875,1.3595
0.753900,1.2386
0.753925,1.1064
0.753950,0.9598
0.753975,0.8220
0.754000,0.6834
0.754025,0.5585
0.754050,0.4513
0.754075,0.3578
0.754100,0.2756
0.754125,0.2031
0.754150,0.1418
0.754175,0.0927
0.754200,0.0572
0.754225,0.0347
0.754250,0.0210
0.754275,0.0161
0.754300,0.0218
0.754325,0.0387
0.754350,0.0693
0.754375,0.1136
0.754400,0.1668
0.754425,0.2305
0.754450,0.3086
0.754475,0.3973
0.754500,0.5053
0.754525,0.6229
0.754550,0.7470
0.754575,0.8752
0.754600,1.0001
0.754625,1.1129
0.754650,1.2168
0.754675,1.2974
0.754700,1.3756
0.754725,1.4642
0.754750,1.5577
0.754775,1.6705
0.754800,1.7689
0.754825,1.8680
0.754850,1.9736
0.754875,2.0791
0.754900,2.1992
0.754925,2.3128
0.754950,2.4160
0.754975,2.5175
0.755000,2.6166
0.755025,2.7093
0.755050,2.8004
0.755075,2.8850
0.755100,2.9599
0.755125,3.0333
0.755150,3.0937
0.755175,3.1469
0.755200,3.1896
0.755225,3.2186
0.755250,3.2379
0.755275,3.2460
0.755300,3.2468
0.755325,3.2379
0.755350,3.2170
0.755375,3.1856
0.755400,3.1412
0.755425,3.0881
0.755450,3.0284
0.755475,2.9567
0.755500,2.8793
0.755525,2.7963
0.755550,2.7101
0.755575,2.6158
0.755600,2.5135
0.755625,2.4095
0.755650,2.3032
0.755675,2.2032
0.755700,2.0960
0.755725,1.9840
0.755750,1.8736
0.755775,1.7640
0.755800,1.6714
0.755825,1.5843
0.755850,1.4836
0.755875,1.3756
0.755900,1.2459
0.755925,1.1056
0.755950,0.9606
0.755975,0.8123
0.756000,0.6818
0.756025,0.5593
0.756050,0.4545
0.756075,0.3642
0.756100,0.2772
0.756125,0.2031
0.756150,0.1410
0.756175,0.0919
0.756200,0.0572
0.756225,0.0338
0.756250,0.0210
0.756275,0.0161
0.756300,0.0218
0.756325,0.0395
0.756350,0.0701
0.756375,0.1136
0.756400,0.1660
0.756425,0.2297
0.756450,0.3046
0.756475,0.3989
0.756500,0.5053
0.756525,0.6229
0.756550,0.7446
0.756575,0.8736
0.756600,0.9864
0.756625,1.0895
0.756650,1.1870
0.756675,1.2684
0.756700,1.3675
0.756725,1.4731
0.756750,1.5819
0.756775,1.6778
0.756800,1.7753
0.756825,1.8712
0.756850,1.9719
0.756875,2.0928
0.756900,2.2000
0.756925,2.3064
0.756950,2.4047
0.756975,2.5038
0.757000,2.6110
0.757025,2.7117
0.757050,2.8076
0.757075,2.8874
0.757100,2.9623
0.757125,3.0333
0.757150,3.0929
0.757175,3.1485
0.757200,3.1888
0.757225,3.2170
0.757250,3.2363
0.757275,3.2444
0.757300,3.2452
0.757325,3.2379
0.757350,3.2178
0.757375,3.1840
0.757400,3.1412
0.757425,3.0881
0.757450,3.0276
0.757475,2.9599
0.757500,2.8777
0.757525,2.7899
0.757550,2.6996
0.757575,2.6062
0.757600,2.5111
0.757625,2.4160
0.757650,2.3177
0.757675,2.2048
0.757700,2.1001
0.757725,1.9873
0.757750,1.8744
0.757775,1.7801
0.757800,1.6714
0.757825,1.5714
0.757850,1.4691
0.757875,1.3530
0.757900,1.2314
0.757925,1.0968
0.757950,0.9477
0.757975,0.8067
0.758000,0.6785
0.758025,0.5593
0.758050,0.4577
0.758075,0.3610
0.758100,0.2764
0.758125,0.2023
0.758150,0.1418
0.758175,0.0927
0.758200,0.0572
0.758225,0.0347
0.758250,0.0210
0.758275,0.0161
0.758300,0.0218
0.758325,0.0387
0.758350,0.0693
0.758375,0.1128
0.758400,0.1668
0.758425,0.2313
0.758450,0.3111
0.758475,0.4029
0.758500,0.5045
0.758525,0.6165
0.758550,0.7333
0.758575,0.8534
0.758600,0.9775
0.758625,1.0879
0.758650,1.1911
0.758675,1.2910
0.758700,1.3700
0.758725,1.4626
0.758750,1.5601
0.758775,1.6544
0.758800,1.7681
0.758825,1.8768
0.758850,1.9905
0.758875,2.0985
0.758900,2.2048
0.758925,2.3080
0.758950,2.4047
0.758975,2.5127
0.759000,2.6134
0.759025,2.7101
0.759050,2.8012
0.759075,2.8818
0.759100,2.9599
0.759125,3.0333
0.759150,3.0969
0.759175,3.1493
0.759200,3.1896
0.759225,3.2178
0.759250,3.2355
0.759275,3.2444
0.759300,3.2460
0.759325,3.2371
0.759350,3.2162
0.759375,3.1840
0.759400,3.1421
0.759425,3.0905
0.759450,3.0333
0.759475,2.9607
0.759500,2.8793
0.759525,2.7915
0.759550,2.7004
0.759575,2.6142
0.759600,2.5103
0.759625,2.4071
0.759650,2.3015
0.759675,2.1903
0.759700,2.0968
0.759725,1.9953
0.759750,1.8946
0.759775,1.7842
0.759800,1.6762
0.759825,1.5763
0.759850,1.4699
0.759875,1.3603
0.759900,1.2402
0.759925,1.1073
0.759950,0.9606
0.759975,0.8228
0.760000,0.6842
0.760025,0.5585
0.760050,0.4513
0.760075,0.3586
0.760100,0.2748
0.760125,0.2031
0.760150,0.1434
0.760175,0.0927
0.760200,0.0588
0.760225,0.0347
0.760250,0.0201
0.760275,0.0169
0.760300,0.0218
0.760325,0.0395
0.760350,0.0693
0.760375,0.1128
0.760400,0.1668
0.760425,0.2321
0.760450,0.3095
0.760475,0.3981
0.760500,0.5061
0.760525,0.6229
0.760550,0.7478
0.760575,0.8760
0.760600,1.0009
0.760625,1.1137
0.760650,1.2177
0.760675,1.2982
0.760700,1.3764
0.760725,1.4651
0.760750,1.5585
0.760775,1.6705
0.760800,1.7697
0.760825,1.8688
0.760850,1.9736
0.760875,2.0799
0.760900,2.1984
0.760925,2.3112
0.760950,2.4160
0.760975,2.5159
0.761000,2.6150
0.761025,2.7101
0.761050,2.7996
0.761075,2.8858
0.761100,2.9615
0.761125,3.0325
0.761150,3.0953
0.761175,3.1469
0.761200,3.1896
0.761225,3.2186
0.761250,3.2371
0.761275,3.2460
0.761300,3.2460
0.761325,3.2371
0.761350,3.2170
0.761375,3.1848
0.761400,3.1412
0.761425,3.0889
0.761450,3.0276
0.761475,2.9559
0.761500,2.8793
0.761525,2.7955
0.761550,2.7085
0.761575,2.6150
0.761600,2.5127
0.761625,2.4079
0.761650,2.3032
0.761675,2.2024
0.761700,2.0960
0.761725,1.9840
0.761750,1.8728
0.761775,1.7640
0.761800,1.6722
0.761825,1.5851
0.761850,1.4836
0.761875,1.3756
0.761900,1.2459
0.761925,1.1048
0.761950,0.9614
0.761975,0.8123
0.762000,0.6818
0.762025,0.5601
0.762050,0.4553
0.762075,0.3642
0.762100,0.2764
0.762125,0.2031
0.762150,0.1402
0.762175,0.0919
0.762200,0.0572
0.762225,0.0330
0.762250,0.0210
0.762275,0.0161
0.762300,0.0218
0.762325,0.0395
0.762350,0.0701
0.762375,0.1144
0.762400,0.1668
0.762425,0.2297
0.762450,0.3054
0.762475,0.3989
0.762500,0.5053
0.762525,0.6221
0.762550,0.7438
0.762575,0.8727
0.762600,0.9856
0.762625,1.0887
0.762650,1.1870
0.762675,1.2684
0.762700,1.3684
0.762725,1.4739
0.762750,1.5827
0.762775,1.6786
0.762800,1.7753
0.762825,1.8712
0.762850,1.9727
0.762875,2.0936
0.762900,2.2016
0.762925,2.3072
0.762950,2.4055
0.762975,2.5046
0.763000,2.6110
0.763025,2.7117
0.763050,2.8076
0.763075,2.8874
0.763100,2.9623
0.763125,3.0333
0.763150,3.0929
0.763175,3.1485
0.763200,3.1888
0.763225,3.2178
0.763250,3.2363
0.763275,3.2452
0.763300,3.2468
0.763325,3.2371
0.763350,3.2178
0.763375,3.1840
0.763400,3.1396
0.763425,3.0873
0.763450,3.0284
0.763475,2.9591
0.763500,2.8777
0.763525,2.7907
0.763550,2.6988
0.763575,2.6062
0.763600,2.5119
0.763625,2.4152
0.763650,2.3177
0.763675,2.2056
0.763700,2.0993
0.763725,1.9864
0.763750,1.8744
0.763775,1.7793
0.763800,1.6714
0.763825,1.5722
0.763850,1.4699
0.763875,1.3538
0.763900,1.2322
0.763925,1.0968
0.763950,0.9485
0.763975,0.8075
0.764000,0.6785
0.764025,0.5601
0.764050,0.4569
0.764075,0.3602
0.764100,0.2764
0.764125,0.2023
0.764150,0.1410
0.764175,0.0935
0.764200,0.0572
0.764225,0.0338
0.764250,0.0210
0.764275,0.0161
0.764300,0.0218
0.764325,0.0395
0.764350,0.0693
0.764375,0.1128
0.764400,0.1676
0.764425,0.2321
0.764450,0.3119
0.764475,0.4037
0.764500,0.5045
0.764525,0.6165
0.764550,0.7325
0.764575,0.8518
0.764600,0.9759
0.764625,1.0855
0.764650,1.1903
0.764675,1.2910
0.764700,1.3692
0.764725,1.4626
0.764750,1.5593
0.764775,1.6536
0.764800,1.7689
0.764825,1.8768
0.764850,1.9905
0.764875,2.0985
0.764900,2.2040
0.764925,2.3080
0.764950,2.4031
0.764975,2.5119
0.765000,2.6126
0.765025,2.7085
0.765050,2.8004
0.765075,2.8810
0.765100,2.9599
0.765125,3.0333
0.765150,3.0969
0.765175,3.1493
0.765200,3.1904
0.765225,3.2186
0.765250,3.2363
0.765275,3.2460
0.765300,3.2468
0.765325,3.2379
0.765350,3.2162
0.765375,3.1832
0.765400,3.1404
0.765425,3.0897
0.765450,3.0325
0.765475,2.9591
0.765500,2.8801
0.765525,2.7923
0.765550,2.7004
0.765575,2.6158
0.765600,2.5111
0.765625,2.4071
0.765650,2.3023
0.765675,2.1903
0.765700,2.0977
0.765725,1.9961
0.765750,1.8946
0.765775,1.7842
0.765800,1.6762
0.765825,1.5747
0.765850,1.4691
0.765875,1.3595
0.765900,1.2386
0.765925,1.1064
0.765950,0.9598
0.765975,0.8212
0.766000,0.6842
0.766025,0.5585
0.766050,0.4513
0.766075,0.3594
0.766100,0.2748
0.766125,0.2031
0.766150,0.1426
0.766175,0.0919
0.766200,0.0572
0.766225,0.0338
0.766250,0.0201
0.766275,0.0161
0.766300,0.0218
0.766325,0.0387
0.766350,0.0693
0.766375,0.1136
0.766400,0.1668
0.766425,0.2313
0.766450,0.3103
0.766475,0.3989
0.766500,0.5061
0.766525,0.6245
0.766550,0.7478
0.766575,0.8768
0.766600,1.0009
0.766625,1.1137
0.766650,1.2177
0.766675,1.2974
0.766700,1.3764
0.766725,1.4659
0.766750,1.5585
0.766775,1.6722
0.766800,1.7705
0.766825,1.8688
0.766850,1.9744
0.766875,2.0799
0.766900,2.1984
0.766925,2.3120
0.766950,2.4168
0.766975,2.5167
0.767000,2.6158
0.767025,2.7101
0.767050,2.7996
0.767075,2.8858
0.767100,2.9615
0.767125,3.0325
0.767150,3.0953
0.767175,3.1461
0.767200,3.1888
0.767225,3.2186
0.767250,3.2371
0.767275,3.2468
0.767300,3.2468
0.767325,3.2371
0.767350,3.2178
0.767375,3.1848
0.767400,3.1404
0.767425,3.0881
0.767450,3.0268
0.767475,2.9551
0.767500,2.8793
0.767525,2.7955
0.767550,2.7093
0.767575,2.6158
0.767600,2.5119
0.767625,2.4079
0.767650,2.3015
0.767675,2.2024
0.767700,2.0960
0.767725,1.9840
0.767750,1.8736
0.767775,1.7632
0.767800,1.6722
0.767825,1.5859
0.767850,1.4836
0.767875,1.3764
0.767900,1.2459
0.767925,1.1048
0.767950,0.9614
0.767975,0.8123
0.768000,0.6810
0.768025,0.5593
0.768050,0.4553
0.768075,0.3642
0.768100,0.2772
0.768125,0.2031
0.768150,0.1410
0.768175,0.0919
0.768200,0.0580
0.768225,0.0338
0.768250,0.0201
0.768275,0.0161
0.768300,0.0218
0.768325,0.0387
0.768350,0.0701
0.768375,0.1136
0.768400,0.1668
0.768425,0.2297
0.768450,0.3062
0.768475,0.3997
0.768500,0.5053
0.768525,0.6221
0.768550,0.7446
0.768575,0.8736
0.768600,0.9864
0.768625,1.0903
0.768650,1.1878
0.768675,1.2692
0.768700,1.3684
0.768725,1.4739
0.768750,1.5819
0.768775,1.6786
0.768800,1.7761
0.768825,1.8704
0.768850,1.9719
0.768875,2.0928
0.768900,2.2000
0.768925,2.3072
0.768950,2.4055
0.768975,2.5046
0.769000,2.6110
0.769025,2.7109
0.769050,2.8060
0.769075,2.8866
0.769100,2.9623
0.769125,3.0333
0.769150,3.0929
0.769175,3.1485
0.769200,3.1904
0.769225,3.2178
0.769250,3.2379
0.769275,3.2468
0.769300,3.2468
0.769325,3.2396
0.769350,3.2186
0.769375,3.1840
0.769400,3.1412
0.769425,3.0889
0.769450,3.0276
0.769475,2.9591
0.769500,2.8785
0.769525,2.7899
0.769550,2.6980
0.769575,2.6070
0.769600,2.5119
0.769625,2.4152
0.769650,2.3177
0.769675,2.2056
0.769700,2.0993
0.769725,1.9873
0.769750,1.8744
0.769775,1.7793
0.769800,1.6705
0.769825,1.5714
0.769850,1.4691
0.769875,1.3530
0.769900,1.2322
0.769925,1.0968
0.769950,0.9493
0.769975,0.8075
0.770000,0.6785
0.770025,0.5601
0.770050,0.4577
0.770075,0.3618
0.770100,0.2772
0.770125,0.2031
0.770150,0.1410
0.770175,0.0935
0.770200,0.0572
0.770225,0.0338
0.770250,0.0201
0.770275,0.0153
0.770300,0.0218
0.770325,0.0387
0.770350,0.0701
0.770375,0.1128
0.770400,0.1676
0.770425,0.2329
0.770450,0.3111
0.770475,0.4037
0.770500,0.5045
0.770525,0.6157
0.770550,0.7325
0.770575,0.8510
0.770600,0.9735
0.770625,1.0855
0.770650,1.1895
0.770675,1.2902
0.770700,1.3708
0.770725,1.4634
0.770750,1.5593
0.770775,1.6552
0.770800,1.7689
0.770825,1.8777
0.770850,1.9913
0.770875,2.0977
0.770900,2.2040
0.770925,2.3080
0.770950,2.4023
0.770975,2.5119
0.771000,2.6126
0.771025,2.7077
0.771050,2.8004
0.771075,2.8810
0.771100,2.9599
0.771125,3.0333
0.771150,3.0969
0.771175,3.1493
0.771200,3.1896
0.771225,3.2186
0.771250,3.2371
0.771275,3.2476
0.771300,3.2476
0.771325,3.2379
0.771350,3.2162
0.771375,3.1823
0.771400,3.1396
0.771425,3.0897
0.771450,3.0325
0.771475,2.9599
0.771500,2.8793
0.771525,2.7915
0.771550,2.6996
0.771575,2.6134
0.771600,2.5103
0.771625,2.4063
0.771650,2.3015
0.771675,2.1919
0.771700,2.0985
0.771725,1.9961
0.771750,1.8962
0.771775,1.7842
0.771800,1.6762
0.771825,1.5755
0.771850,1.4699
0.771875,1.3603
0.771900,1.2394
0.771925,1.1056
0.771950,0.9598
0.771975,0.8212
0.772000,0.6834
0.772025,0.5585
0.772050,0.4505
0.772075,0.3578
0.772100,0.2748
0.772125,0.2023
0.772150,0.1418
0.772175,0.0927
0.772200,0.0572
0.772225,0.0338
0.772250,0.0201
0.772275,0.0161
0.772300,0.0210
0.772325,0.0387
0.772350,0.0693
0.772375,0.1128
0.772400,0.1676
0.772425,0.2321
0.772450,0.3095
0.772475,0.3989
0.772500,0.5061
0.772525,0.6229
0.772550,0.7470
0.772575,0.8760
0.772600,1.0001
0.772625,1.1137
0.772650,1.2168
0.772675,1.2974
0.772700,1.3764
0.772725,1.4651
0.772750,1.5585
0.772775,1.6722
0.772800,1.7689
0.772825,1.8672
0.772850,1.9727
0.772875,2.0775
0.772900,2.1984
0.772925,2.3120
0.772950,2.4160
0.772975,2.5175
0.773000,2.6158
0.773025,2.7093
0.773050,2.8004
0.773075,2.8850
0.773100,2.9615
0.773125,3.0333
0.773150,3.0945
0.773175,3.1469
0.773200,3.1880
0.773225,3.2170
0.773250,3.2371
0.773275,3.2452
0.773300,3.2468
0.773325,3.2379
0.773350,3.2162
0.773375,3.1840
0.773400,3.1404
0.773425,3.0864
0.773450,3.0268
0.773475,2.9551
0.773500,2.8785
0.773525,2.7955
0.773550,2.7085
0.773575,2.6150
0.773600,2.5127
0.773625,2.4079
0.773650,2.3032
0.773675,2.2032
0.773700,2.0960
0.773725,1.9848
0.773750,1.8736
0.773775,1.7640
0.773800,1.6714
0.773825,1.5851
0.773850,1.4836
0.773875,1.3764
0.773900,1.2467
0.773925,1.1056
0.773950,0.9614
0.773975,0.8123
0.774000,0.6818
0.774025,0.5601
0.774050,0.4553
0.774075,0.3651
0.774100,0.2780
0.774125,0.2031
0.774150,0.1410
0.774175,0.0919
0.774200,0.0564
0.774225,0.0338
0.774250,0.0201
0.774275,0.0161
0.774300,0.0218
0.774325,0.0395
0.774350,0.0709
0.774375,0.1136
0.774400,0.1660
0.774425,0.2297
0.774450,0.3046
0.774475,0.3997
0.774500,0.5053
0.774525,0.6221
0.774550,0.7454
0.774575,0.8744
0.774600,0.9864
0.774625,1.0903
0.774650,1.1870
0.774675,1.2692
0.774700,1.3692
0.774725,1.4739
0.774750,1.5827
0.774775,1.6786
0.774800,1.7753
0.774825,1.8704
0.774850,1.9719
0.774875,2.0920
0.774900,2.2000
0.774925,2.3072
0.774950,2.4055
0.774975,2.5046
0.775000,0.5327
0.775025,0.6068
0.775050,0.7535
0.775075,0.8873
0.775100,1.0025
0.775125,1.1201
0.775150,1.2273
0.775175,1.3079
0.775200,1.3861
0.775225,1.4755
0.775250,1.5682
0.775275,1.6778
0.775300,1.7906
0.775325,1.8857
0.775350,1.9881
0.775375,2.0936
0.775400,2.1984
0.775425,2.3120
0.775450,2.4160
0.775475,2.5232
0.775500,2.6215
0.775525,2.7158
0.775550,2.8068
0.775575,2.8858
0.775600,2.9640
0.775625,3.0357
0.775650,3.0969
0.775675,3.1493
0.775700,3.1896
0.775725,3.2186
0.775750,3.2379
0.775775,3.2476
0.775800,3.2476
0.775825,3.2388
0.775850,3.2170
0.775875,3.1840
0.775900,3.1429
0.775925,3.0889
0.775950,3.0300
0.775975,2.9583
0.776000,2.8785
0.776025,2.7963
0.776050,2.7085
0.776075,2.6247
0.776100,2.5223
0.776125,2.4176
0.776150,2.3128
0.776175,2.2032
0.776200,2.1105
0.776225,1.9993
0.776250,1.8881
0.776275,1.7785
0.776300,1.6722
0.776325,1.5851
0.776350,1.4844
0.776375,1.3643
0.776400,1.2338
0.776425,1.0927
0.776450,0.9485
0.776475,0.8123
0.776500,0.6761
0.776525,0.5544
0.776550,0.4497
0.776575,0.3586
0.776600,0.2772
0.776625,0.2023
0.776650,0.1402
0.776675,0.0911
0.776700,0.0572
0.776725,0.0338
0.776750,0.0201
0.776775,0.0161
0.776800,0.0210
0.776825,0.0395
0.776850,0.0701
0.776875,0.1136
0.776900,0.1668
0.776925,0.2289
0.776950,0.3054
0.776975,0.3916
0.777000,0.4980
0.777025,0.6157
0.777050,0.7382
0.777075,0.8744
0.777100,1.0081
0.777125,1.1121
0.777150,1.2080
0.777175,1.2902
0.777200,1.3675
0.777225,1.4739
0.777250,1.5827
0.777275,1.6939
0.777300,1.7922
0.777325,1.8873
0.777350,1.9889
0.777375,2.0928
0.777400,2.2105
0.777425,2.3168
0.777450,2.4144
0.777475,2.5143
0.777500,2.6110
0.777525,2.7109
0.777550,2.8060
0.777575,2.8906
0.777600,2.9656
0.777625,3.0357
0.777650,3.0969
0.777675,3.1477
0.777700,3.1896
0.777725,3.2186
0.777750,3.2371
0.777775,3.2468
0.777800,3.2468
0.777825,3.2379
0.777850,3.2186
0.777875,3.1856
0.777900,3.1429
0.777925,3.0897
0.777950,3.0300
0.777975,2.9599
0.778000,2.8842
0.778025,2.7971
0.778050,2.7045
0.778075,2.6126
0.778100,2.5119
0.778125,2.4152
0.778150,2.3185
0.778175,2.2193
0.778200,2.1138
0.778225,2.0010
0.778250,1.8881
0.778275,1.7801
0.778300,1.6891
0.778325,1.5908
0.778350,1.4884
0.778375,1.3724
0.778400,1.2314
0.778425,1.0976
0.778450,0.9477
0.778475,0.8002
0.778500,0.6721
0.778525,0.5528
0.778550,0.4505
0.778575,0.3602
0.778600,0.2748
0.778625,0.2007
0.778650,0.1402
0.778675,0.0919
0.778700,0.0572
0.778725,0.0347
0.778750,0.0201
0.778775,0.0161
0.778800,0.0218
0.778825,0.0387
0.778850,0.0709
0.778875,0.1128
0.778900,0.1652
0.778925,0.2297
0.778950,0.3070
0.778975,0.4005
0.779000,0.5037
0.779025,0.6157
0.779050,0.7325
0.779075,0.8631
0.779100,0.9864
0.779125,1.0968
0.779150,1.2015
0.779175,1.2902
0.779200,1.3885
0.779225,1.4820
0.779250,1.5787
0.779275,1.6730
0.779300,1.7689
0.779325,1.8777
0.779350,1.9905
0.779375,2.1097
0.779400,2.2153
0.779425,2.3185
0.779450,2.4152
0.779475,2.5119
0.779500,2.6182
0.779525,2.7141
0.779550,2.8068
0.779575,2.8874
0.779600,2.9599
0.779625,3.0341
0.779650,3.0969
0.779675,3.1501
0.779700,3.1912
0.779725,3.2186
0.779750,3.2363
0.779775,3.2468
0.779800,3.2468
0.779825,3.2388
0.779850,3.2178
0.779875,3.1840
0.779900,3.1412
0.779925,3.0905
0.779950,3.0325
0.779975,2.9656
0.780000,2.8850
0.780025,2.7979
0.780050,2.7061
0.780075,2.6142
0.780100,2.5215
0.780125,2.4168
0.780150,2.3112
0.780175,2.2016
0.780200,2.0968
0.780225,1.9961
0.780250,1.8962
0.780275,1.8019
0.780300,1.6955
0.780325,1.5932
0.780350,1.4868
0.780375,1.3595
0.780400,1.2265
0.780425,1.0952
0.780450,0.9485
0.780475,0.8099
0.780500,0.6834
0.780525,0.5577
0.780550,0.4505
0.780575,0.3554
0.780600,0.2732
0.780625,0.2007
0.780650,0.1402
0.780675,0.0927
0.780700,0.0572
0.780725,0.0347
0.780750,0.0210
0.780775,0.0161
0.780800,0.0226
0.780825,0.0387
0.780850,0.0701
0.780875,0.1120
0.780900,0.1652
0.780925,0.2297
0.780950,0.3070
0.780975,0.3981
0.781000,0.4980
0.781025,0.6149
0.781050,0.7390
0.781075,0.8679
0.781100,1.0009
0.781125,1.1137
0.781150,1.2177
0.781175,1.3176
0.781200,1.3958
0.781225,1.4852
0.781250,1.5787
0.781275,1.6722
0.781300,1.7850
0.781325,1.8841
0.781350,1.9881
0.781375,2.0944
0.781400,2.1992
0.781425,2.3112
0.781450,2.4160
0.781475,2.5232
0.781500,2.6223
0.781525,2.7158
0.781550,2.8060
0.781575,2.8850
0.781600,2.9623
0.781625,3.0357
0.781650,3.0969
0.781675,3.1493
0.781700,3.1888
0.781725,3.2178
0.781750,3.2371
0.781775,3.2468
0.781800,3.2476
0.781825,3.2379
0.781850,3.2178
0.781875,3.1840
0.781900,3.1421
0.781925,3.0905
0.781950,3.0292
0.781975,2.9583
0.782000,2.8801
0.782025,2.7963
0.782050,2.7109
0.782075,2.6255
0.782100,2.5232
0.782125,2.4176
0.782150,2.3120
0.782175,2.2024
0.782200,2.1105
0.782225,1.9993
0.782250,1.8881
0.782275,1.7793
0.782300,1.6722
0.782325,1.5851
0.782350,1.4836
0.782375,1.3635
0.782400,1.2338
0.782425,1.0927
0.782450,0.9493
0.782475,0.8131
0.782500,0.6769
0.782525,0.5544
0.782550,0.4505
0.782575,0.3594
0.782600,0.2772
0.782625,0.2031
0.782650,0.1402
0.782675,0.0919
0.782700,0.0572
0.782725,0.0338
0.782750,0.0210
0.782775,0.0169
0.782800,0.0218
0.782825,0.0387
0.782850,0.0701
0.782875,0.1136
0.782900,0.1668
0.782925,0.2297
0.782950,0.3046
0.782975,0.3925
0.783000,0.4980
0.783025,0.6157
0.783050,0.7390
0.783075,0.8744
0.783100,1.0081
0.783125,1.1121
0.783150,1.2088
0.783175,1.2902
0.783200,1.3684
0.783225,1.4739
0.783250,1.5827
0.783275,1.6939
0.783300,1.7914
0.783325,1.8865
0.783350,1.9873
0.783375,2.0920
0.783400,2.2097
0.783425,2.3160
0.783450,2.4152
0.783475,2.5143
0.783500,2.6118
0.783525,2.7117
0.783550,2.8068
0.783575,2.8914
0.783600,2.9664
0.783625,3.0365
0.783650,3.0977
0.783675,3.1485
0.783700,3.1896
0.783725,3.2186
0.783750,3.2355
0.783775,3.2460
0.783800,3.2460
0.783825,3.2379
0.783850,3.2186
0.783875,3.1856
0.783900,3.1429
0.783925,3.0897
0.783950,3.0292
0.783975,2.9591
0.784000,2.8834
0.784025,2.7971
0.784050,2.7045
0.784075,2.6126
0.784100,2.5111
0.784125,2.4144
0.784150,2.3177
0.784175,2.2185
0.784200,2.1138
0.784225,2.0001
0.784250,1.8881
0.784275,1.7793
0.784300,1.6891
0.784325,1.5908
0.784350,1.4876
0.784375,1.3724
0.784400,1.2314
0.784425,1.0968
0.784450,0.9485
0.784475,0.8002
0.784500,0.6729
0.784525,0.5536
0.784550,0.4505
0.784575,0.3610
0.784600,0.2756
0.784625,0.2015
0.784650,0.1410
0.784675,0.0919
0.784700,0.0580
0.784725,0.0347
0.784750,0.0210
0.784775,0.0169
0.784800,0.0218
0.784825,0.0395
0.784850,0.0701
0.784875,0.1128
0.784900,0.1652
0.784925,0.2297
0.784950,0.3086
0.784975,0.4005
0.785000,0.5053
0.785025,0.6165
0.785050,0.7325
0.785075,0.8639
0.785100,0.9856
0.785125,1.0976
0.785150,1.2007
0.785175,1.2910
0.785200,1.3893
0.785225,1.4812
0.785250,1.5787
0.785275,1.6738
0.785300,1.7697
0.785325,1.8793
0.785350,1.9921
0.785375,2.1097
0.785400,2.2153
0.785425,2.3185
0.785450,2.4144
0.785475,2.5119
0.785500,2.6174
0.785525,2.7133
0.785550,2.8052
0.785575,2.8858
0.785600,2.9599
0.785625,3.0333
0.785650,3.0969
0.785675,3.1501
0.785700,3.1904
0.785725,3.2186
0.785750,3.2371
0.785775,3.2452
0.785800,3.2468
0.785825,3.2371
0.785850,3.2162
0.785875,3.1840
0.785900,3.1404
0.785925,3.0905
0.785950,3.0325
0.785975,2.9648
0.786000,2.8858
0.786025,2.7971
0.786050,2.7061
0.786075,2.6150
0.786100,2.5215
0.786125,2.4176
0.786150,2.3120
0.786175,2.2016
0.786200,2.0968
0.786225,1.9953
0.786250,1.8946
0.786275,1.8011
0.786300,1.6939
0.786325,1.5924
0.786350,1.4860
0.786375,1.3595
0.786400,1.2265
0.786425,1.0952
0.786450,0.9493
0.786475,0.8099
0.786500,0.6842
0.786525,0.5585
0.786550,0.4505
0.786575,0.3562
0.786600,0.2724
0.786625,0.1999
0.786650,0.1402
0.786675,0.0919
0.786700,0.0580
0.786725,0.0338
0.786750,0.0201
0.786775,0.0161
0.786800,0.0210
0.786825,0.0387
0.786850,0.0693
0.786875,0.1104
0.786900,0.1644
0.786925,0.2289
0.786950,0.3078
0.786975,0.3989
0.787000,0.4980
0.787025,0.6157
0.787050,0.7390
0.787075,0.8679
0.787100,1.0009
0.787125,1.1129
0.787150,1.2177
0.787175,1.3168
0.787200,1.3958
0.787225,1.4852
0.787250,1.5779
0.787275,1.6722
0.787300,1.7850
0.787325,1.8833
0.787350,1.9881
0.787375,2.0944
0.787400,2.1992
0.787425,2.3128
0.787450,2.4168
0.787475,2.5240
0.787500,2.6223
0.787525,2.7149
0.787550,2.8060
0.787575,2.8834
0.787600,2.9623
0.787625,3.0349
0.787650,3.0961
0.787675,3.1493
0.787700,3.1896
0.787725,3.2186
0.787750,3.2371
0.787775,3.2476
0.787800,3.2468
0.787825,3.2388
0.787850,3.2194
0.787875,3.1848
0.787900,3.1445
0.787925,3.0905
0.787950,3.0300
0.787975,2.9591
0.788000,2.8793
0.788025,2.7963
0.788050,2.7085
0.788075,2.6247
0.788100,2.5223
0.788125,2.4184
0.788150,2.3128
0.788175,2.2024
0.788200,2.1105
0.788225,1.9985
0.788250,1.8873
0.788275,1.7785
0.788300,1.6714
0.788325,1.5851
0.788350,1.4836
0.788375,1.3643
0.788400,1.2330
0.788425,1.0919
0.788450,0.9485
0.788475,0.8115
0.788500,0.6769
0.788525,0.5544
0.788550,0.4497
0.788575,0.3586
0.788600,0.2764
0.788625,0.2023
0.788650,0.1402
0.788675,0.0911
0.788700,0.0564
0.788725,0.0338
0.788750,0.0210
0.788775,0.0161
0.788800,0.0218
0.788825,0.0387
0.788850,0.0701
0.788875,0.1136
0.788900,0.1668
0.788925,0.2289
0.788950,0.3046
0.788975,0.3925
0.789000,0.4980
0.789025,0.6157
0.789050,0.7382
0.789075,0.8736
0.789100,1.0081
0.789125,1.1113
0.789150,1.2088
0.789175,1.2910
0.789200,1.3684
0.789225,1.4747
0.789250,1.5827
0.789275,1.6947
0.789300,1.7914
0.789325,1.8865
0.789350,1.9889
0.789375,2.0920
0.789400,2.2105
0.789425,2.3168
0.789450,2.4144
0.789475,2.5143
0.789500,2.6118
0.789525,2.7117
0.789550,2.8084
0.789575,2.8922
0.789600,2.9656
0.789625,3.0365
0.789650,3.0961
0.789675,3.1469
0.789700,3.1896
0.789725,3.2178
0.789750,3.2371
0.789775,3.2460
0.789800,3.2468
0.789825,3.2388
0.789850,3.2178
0.789875,3.1864
0.789900,3.1404
0.789925,3.0889
0.789950,3.0292
0.789975,2.9583
0.790000,2.8850
0.790025,2.7971
0.790050,2.7053
0.790075,2.6134
0.790100,2.5111
0.790125,2.4144
0.790150,2.3177
0.790175,2.2177
0.790200,2.1130
0.790225,2.0010
0.790250,1.8873
0.790275,1.7793
0.790300,1.6891
0.790325,1.5892
0.790350,1.4876
0.790375,1.3700
0.790400,1.2297
0.790425,1.0960
0.790450,0.9469
0.790475,0.8010
0.790500,0.6721
0.790525,0.5528
0.790550,0.4513
0.790575,0.3610
0.790600,0.2756
0.790625,0.2015
0.790650,0.1394
0.790675,0.0919
0.790700,0.0572
0.790725,0.0338
0.790750,0.0210
0.790775,0.0161
0.790800,0.0218
0.790825,0.0387
0.790850,0.0701
0.790875,0.1128
0.790900,0.1644
0.790925,0.2297
0.790950,0.3078
0.790975,0.4013
0.791000,0.5053
0.791025,0.6173
0.791050,0.7333
0.791075,0.8639
0.791100,0.9864
0.791125,1.0968
0.791150,1.2007
0.791175,1.2894
0.791200,1.3885
0.791225,1.4812
0.791250,1.5779
0.791275,1.6738
0.791300,1.7689
0.791325,1.8777
0.791350,1.9905
0.791375,2.1089
0.791400,2.2161
0.791425,2.3193
0.791450,2.4160
0.791475,2.5127
0.791500,2.6182
0.791525,2.7149
0.791550,2.8060
0.791575,2.8866
0.791600,2.9591
0.791625,3.0325
0.791650,3.0961
0.791675,3.1501
0.791700,3.1904
0.791725,3.2194
0.791750,3.2379
0.791775,3.2460
0.791800,3.2476
0.791825,3.2379
0.791850,3.2170
0.791875,3.1840
0.791900,3.1404
0.791925,3.0897
0.791950,3.0308
0.791975,2.9648
0.792000,2.8850
0.792025,2.7971
0.792050,2.7053
0.792075,2.6142
0.792100,2.5215
0.792125,2.4168
0.792150,2.3128
0.792175,2.2008
0.792200,2.0968
0.792225,1.9961
0.792250,1.8954
0.792275,1.8035
0.792300,1.6947
0.792325,1.5940
0.792350,1.4868
0.792375,1.3587
0.792400,1.2265
0.792425,1.0944
0.792450,0.9485
0.792475,0.8099
0.792500,0.6842
0.792525,0.5577
0.792550,0.4513
0.792575,0.3562
0.792600,0.2732
0.792625,0.2007
0.792650,0.1402
0.792675,0.0927
0.792700,0.0572
0.792725,0.0347
0.792750,0.0201
0.792775,0.0169
0.792800,0.0218
0.792825,0.0387
0.792850,0.0693
0.792875,0.1104
0.792900,0.1644
0.792925,0.2289
0.792950,0.3070
0.792975,0.3981
0.793000,0.4972
0.793025,0.6149
0.793050,0.7390
0.793075,0.8679
0.793100,1.0009
0.793125,1.1137
0.793150,1.2177
0.793175,1.3176
0.793200,1.3958
0.793225,1.4852
0.793250,1.5779
0.793275,1.6714
0.793300,1.7850
0.793325,1.8833
0.793350,1.9889
0.793375,2.0944
0.793400,2.1992
0.793425,2.3120
0.793450,2.4160
0.793475,2.5240
0.793500,2.6223
0.793525,2.7166
0.793550,2.8068
0.793575,2.8850
0.793600,2.9640
0.793625,3.0349
0.793650,3.0969
0.793675,3.1485
0.793700,3.1888
0.793725,3.2178
0.793750,3.2371
0.793775,3.2468
0.793800,3.2468
0.793825,3.2379
0.793850,3.2170
0.793875,3.1856
0.793900,3.1445
0.793925,3.0921
0.793950,3.0308
0.793975,2.9583
0.794000,2.8793
0.794025,2.7955
0.794050,2.7093
0.794075,2.6247
0.794100,2.5223
0.794125,2.4176
0.794150,2.3120
0.794175,2.2016
0.794200,2.1105
0.794225,1.9985
0.794250,1.8881
0.794275,1.7785
0.794300,1.6722
0.794325,1.5851
0.794350,1.4836
0.794375,1.3643
0.794400,1.2338
0.794425,1.0927
0.794450,0.9493
0.794475,0.8131
0.794500,0.6769
0.794525,0.5552
0.794550,0.4497
0.794575,0.3594
0.794600,0.2772
0.794625,0.2023
0.794650,0.1402
0.794675,0.0911
0.794700,0.0564
0.794725,0.0330
0.794750,0.0210
0.794775,0.0161
0.794800,0.0218
0.794825,0.0395
0.794850,0.0701
0.794875,0.1136
0.794900,0.1660
0.794925,0.2297
0.794950,0.3046
0.794975,0.3916
0.795000,0.4980
0.795025,0.6149
0.795050,0.7382
0.795075,0.8744
0.795100,1.0081
0.795125,1.1129
0.795150,1.2088
0.795175,1.2918
0.795200,1.3692
0.795225,1.4747
0.795250,1.5835
0.795275,1.6947
0.795300,1.7914
0.795325,1.8865
0.795350,1.9889
0.795375,2.0928
0.795400,2.2113
0.795425,2.3168
0.795450,2.4152
0.795475,2.5143
0.795500,2.6118
0.795525,2.7117
0.795550,2.8076
0.795575,2.8914
0.795600,2.9656
0.795625,3.0365
0.795650,3.0961
0.795675,3.1477
0.795700,3.1896
0.795725,3.2186
0.795750,3.2371
0.795775,3.2468
0.795800,3.2468
0.795825,3.2379
0.795850,3.2186
0.795875,3.1864
0.795900,3.1429
0.795925,3.0897
0.795950,3.0300
0.795975,2.9591
0.796000,2.8842
0.796025,2.7971
0.796050,2.7061
0.796075,2.6126
0.796100,2.5119
0.796125,2.4152
0.796150,2.3177
0.796175,2.2193
0.796200,2.1130
0.796225,2.0010
0.796250,1.8881
0.796275,1.7801
0.796300,1.6891
0.796325,1.5900
0.796350,1.4876
0.796375,1.3716
0.796400,1.2322
0.796425,1.0968
0.796450,0.9485
0.796475,0.8002
0.796500,0.6721
0.796525,0.5536
0.796550,0.4513
0.796575,0.3618
0.796600,0.2756
0.796625,0.2015
0.796650,0.1394
0.796675,0.0919
0.796700,0.0572
0.796725,0.0347
0.796750,0.0210
0.796775,0.0169
0.796800,0.0226
0.796825,0.0403
0.796850,0.0709
0.796875,0.1136
0.796900,0.1644
0.796925,0.2297
0.796950,0.3078
0.796975,0.4005
0.797000,0.5045
0.797025,0.6157
0.797050,0.7333
0.797075,0.8631
0.797100,0.9856
0.797125,1.0968
0.797150,1.2007
0.797175,1.2902
0.797200,1.3885
0.797225,1.4820
0.797250,1.5779
0.797275,1.6730
0.797300,1.7689
0.797325,1.8777
0.797350,1.9913
0.797375,2.1089
0.797400,2.2153
0.797425,2.3185
0.797450,2.4144
0.797475,2.5119
0.797500,2.6182
0.797525,2.7141
0.797550,2.8060
0.797575,2.8866
0.797600,2.9591
0.797625,3.0333
0.797650,3.0969
0.797675,3.1501
0.797700,3.1912
0.797725,3.2186
0.797750,3.2371
0.797775,3.2460
0.797800,3.2468
0.797825,3.2379
0.797850,3.2162
0.797875,3.1832
0.797900,3.1412
0.797925,3.0897
0.797950,3.0325
0.797975,2.9656
0.798000,2.8850
0.798025,2.7979
0.798050,2.7053
0.798075,2.6142
0.798100,2.5207
0.798125,2.4168
0.798150,2.3128
0.798175,2.2016
0.798200,2.0968
0.798225,1.9969
0.798250,1.8954
0.798275,1.8011
0.798300,1.6939
0.798325,1.5916
0.798350,1.4860
0.798375,1.3587
0.798400,1.2265
0.798425,1.0944
0.798450,0.9477
0.798475,0.8099
0.798500,0.6826
0.798525,0.5568
0.798550,0.4505
0.798575,0.3554
0.798600,0.2724
0.798625,0.2007
0.798650,0.1394
0.798675,0.0927
0.798700,0.0580
0.798725,0.0347
0.798750,0.0218
0.798775,0.0169
0.798800,0.0226
0.798825,0.0387
0.798850,0.0693
0.798875,0.1104
0.798900,0.1644
0.798925,0.2297
0.798950,0.3070
0.798975,0.3997
0.799000,0.4988
0.799025,0.6157
0.799050,0.7398
0.799075,0.8679
0.799100,1.0009
0.799125,1.1137
0.799150,1.2177
0.799175,1.3176
0.799200,1.3958
0.799225,1.4852
0.799250,1.5787
0.799275,1.6714
0.799300,1.7850
0.799325,1.8841
0.799350,1.9881
0.799375,2.0944
0.799400,2.1992
0.799425,2.3112
0.799450,2.4168
0.799475,2.5240
0.799500,2.6223
0.799525,2.7166
0.799550,2.8068
0.799575,2.8850
0.799600,2.9632
0.799625,3.0349
0.799650,3.0969
0.799675,3.1501
0.799700,3.1896
0.799725,3.2194
0.799750,3.2388
0.799775,3.2476
0.799800,3.2484
0.799825,3.2396
0.799850,3.2178
0.799875,3.1848
0.799900,3.1429
0.799925,3.0897
0.799950,3.0292
0.799975,2.9575
0.800000,2.7689
0.800025,2.7979
0.800050,2.8205
0.800075,2.8769
0.800100,2.9607
0.800125,3.0341
0.800150,3.0977
0.800175,3.1501
0.800200,3.1912
0.800225,3.2186
0.800250,3.2371
0.800275,3.2460
0.800300,3.2460
0.800325,3.2371
0.800350,3.2170
0.800375,3.1840
0.800400,3.1412
0.800425,3.0913
0.800450,3.0333
0.800475,2.9664
0.800500,2.8850
0.800525,2.7979
0.800550,2.7061
0.800575,2.6150
0.800600,2.5215
0.800625,2.4168
0.800650,2.3128
0.800675,2.2008
0.800700,2.0968
0.800725,1.9961
0.800750,1.8954
0.800775,1.8027
0.800800,1.6939
0.800825,1.5932
0.800850,1.4860
0.800875,1.3587
0.800900,1.2273
0.800925,1.0944
0.800950,0.9477
0.800975,0.8099
0.801000,0.6834
0.801025,0.5577
0.801050,0.4505
0.801075,0.3562
0.801100,0.2732
0.801125,0.2007
0.801150,0.1402
0.801175,0.0919
0.801200,0.0572
0.801225,0.0338
0.801250,0.0201
0.801275,0.0161
0.801300,0.0210
0.801325,0.0387
0.801350,0.0685
0.801375,0.1112
0.801400,0.1652
0.801425,0.2297
0.801450,0.3078
0.801475,0.3981
0.801500,0.4980
0.801525,0.6149
0.801550,0.7390
0.801575,0.8671
0.801600,1.0009
0.801625,1.1129
0.801650,1.2177
0.801675,1.3168
0.801700,1.3958
0.801725,1.4844
0.801750,1.5779
0.801775,1.6722
0.801800,1.7842
0.801825,1.8841
0.801850,1.9889
0.801875,2.0944
0.801900,2.2000
0.801925,2.3120
0.801950,2.4168
0.801975,2.5240
0.802000,2.6223
0.802025,2.7174
0.802050,2.8068
0.802075,2.8858
0.802100,2.9632
0.802125,3.0349
0.802150,3.0961
0.802175,3.1485
0.802200,3.1896
0.802225,3.2178
0.802250,3.2379
0.802275,3.2476
0.802300,3.2468
0.802325,3.2388
0.802350,3.2170
0.802375,3.1840
0.802400,3.1429
0.802425,3.0897
0.802450,3.0300
0.802475,2.9583
0.802500,2.8793
0.802525,2.7963
0.802550,2.7093
0.802575,2.6239
0.802600,2.5223
0.802625,2.4176
0.802650,2.3128
0.802675,2.2032
0.802700,2.1097
0.802725,1.9993
0.802750,1.8873
0.802775,1.7785
0.802800,1.6730
0.802825,1.5851
0.802850,1.4844
0.802875,1.3635
0.802900,1.2330
0.802925,1.0919
0.802950,0.9485
0.802975,0.8115
0.803000,0.6761
0.803025,0.5552
0.803050,0.4505
0.803075,0.3594
0.803100,0.2772
0.803125,0.2023
0.803150,0.1402
0.803175,0.0911
0.803200,0.0572
0.803225,0.0338
0.803250,0.0201
0.803275,0.0169
0.803300,0.0210
0.803325,0.0387
0.803350,0.0701
0.803375,0.1128
0.803400,0.1660
0.803425,0.2297
0.803450,0.3054
0.803475,0.3925
0.803500,0.4988
0.803525,0.6157
0.803550,0.7382
0.803575,0.8744
0.803600,1.0073
0.803625,1.1113
0.803650,1.2080
0.803675,1.2902
0.803700,1.3675
0.803725,1.4739
0.803750,1.5819
0.803775,1.6939
0.803800,1.7914
0.803825,1.8865
0.803850,1.9881
0.803875,2.0920
0.803900,2.2105
0.803925,2.3168
0.803950,2.4152
0.803975,2.5143
0.804000,2.6118
0.804025,2.7117
0.804050,2.8068
0.804075,2.8906
0.804100,2.9656
0.804125,3.0357
0.804150,3.0961
0.804175,3.1485
0.804200,3.1896
0.804225,3.2186
0.804250,3.2371
0.804275,3.2460
0.804300,3.2468
0.804325,3.2388
0.804350,3.2186
0.804375,3.1864
0.804400,3.1437
0.804425,3.0913
0.804450,3.0308
0.804475,2.9607
0.804500,2.8850
0.804525,2.7971
0.804550,2.7053
0.804575,2.6126
0.804600,2.5119
0.804625,2.4144
0.804650,2.3177
0.804675,2.2185
0.804700,2.1130
0.804725,2.0001
0.804750,1.8873
0.804775,1.7801
0.804800,1.6891
0.804825,1.5908
0.804850,1.4884
0.804875,1.3716
0.804900,1.2314
0.804925,1.0968
0.804950,0.9477
0.804975,0.7994
0.805000,0.6713
0.805025,0.5528
0.805050,0.4505
0.805075,0.3610
0.805100,0.2740
0.805125,0.2015
0.805150,0.1394
0.805175,0.0919
0.805200,0.0572
0.805225,0.0338
0.805250,0.0201
0.805275,0.0161
0.805300,0.0218
0.805325,0.0387
0.805350,0.0701
0.805375,0.1128
0.805400,0.1644
0.805425,0.2297
0.805450,0.3086
0.805475,0.4013
0.805500,0.5053
0.805525,0.6165
0.805550,0.7333
0.805575,0.8631
0.805600,0.9864
0.805625,1.0976
0.805650,1.2015
0.805675,1.2910
0.805700,1.3885
0.805725,1.4820
0.805750,1.5787
0.805775,1.6738
0.805800,1.7689
0.805825,1.8777
0.805850,1.9905
0.805875,2.1089
0.805900,2.2153
0.805925,2.3185
0.805950,2.4144
0.805975,2.5119
0.806000,2.6182
0.806025,2.7141
0.806050,2.8076
0.806075,2.8874
0.806100,2.9599
0.806125,3.0341
0.806150,3.0961
0.806175,3.1501
0.806200,3.1912
0.806225,3.2186
0.806250,3.2379
0.806275,3.2460
0.806300,3.2468
0.806325,3.2379
0.806350,3.2170
0.806375,3.1832
0.806400,3.1396
0.806425,3.0897
0.806450,3.0316
0.806475,2.9648
0.806500,2.8850
0.806525,2.7971
0.806550,2.7061
0.806575,2.6150
0.806600,2.5215
0.806625,2.4176
0.806650,2.3120
0.806675,2.2008
0.806700,2.0968
0.806725,1.9953
0.806750,1.8946
0.806775,1.8019
0.806800,1.6939
0.806825,1.5932
0.806850,1.4868
0.806875,1.3595
0.806900,1.2273
0.806925,1.0944
0.806950,0.9485
0.806975,0.8099
0.807000,0.6834
0.807025,0.5585
0.807050,0.4505
0.807075,0.3562
0.807100,0.2732
0.807125,0.2007
0.807150,0.1402
0.807175,0.0927
0.807200,0.0580
0.807225,0.0338
0.807250,0.0210
0.807275,0.0161
0.807300,0.0218
0.807325,0.0387
0.807350,0.0693
0.807375,0.1112
0.807400,0.1652
0.807425,0.2297
0.807450,0.3078
0.807475,0.3989
0.807500,0.4980
0.807525,0.6149
0.807550,0.7390
0.807575,0.8679
0.807600,1.0001
0.807625,1.1137
0.807650,1.2177
0.807675,1.3176
0.807700,1.3958
0.807725,1.4852
0.807750,1.5779
0.807775,1.6714
0.807800,1.7842
0.807825,1.8833
0.807850,1.9881
0.807875,2.0936
0.807900,2.1992
0.807925,2.3120
0.807950,2.4168
0.807975,2.5232
0.808000,2.6215
0.808025,2.7158
0.808050,2.8068
0.808075,2.8850
0.808100,2.9632
0.808125,3.0349
0.808150,3.0961
0.808175,3.1485
0.808200,3.1888
0.808225,3.2178
0.808250,3.2379
0.808275,3.2476
0.808300,3.2476
0.808325,3.2388
0.808350,3.2178
0.808375,3.1840
0.808400,3.1437
0.808425,3.0905
0.808450,3.0300
0.808475,2.9583
0.808500,2.8793
0.808525,2.7955
0.808550,2.7085
0.808575,2.6247
0.808600,2.5223
0.808625,2.4184
0.808650,2.3120
0.808675,2.2024
0.808700,2.1097
0.808725,1.9985
0.808750,1.8873
0.808775,1.7785
0.808800,1.6722
0.808825,1.5851
0.808850,1.4844
0.808875,1.3643
0.808900,1.2338
0.808925,1.0919
0.808950,0.9485
0.808975,0.8115
0.809000,0.6761
0.809025,0.5544
0.809050,0.4505
0.809075,0.3594
0.809100,0.2756
0.809125,0.2015
0.809150,0.1386
0.809175,0.0895
0.809200,0.0564
0.809225,0.0347
0.809250,0.0210
0.809275,0.0169
0.809300,0.0218
0.809325,0.0387
0.809350,0.0701
0.809375,0.1136
0.809400,0.1668
0.809425,0.2297
0.809450,0.3054
0.809475,0.3925
0.809500,0.4988
0.809525,0.6149
0.809550,0.7382
0.809575,0.8744
0.809600,1.0081
0.809625,1.1129
0.809650,1.2088
0.809675,1.2910
0.809700,1.3692
0.809725,1.4747
0.809750,1.5827
0.809775,1.6947
0.809800,1.7914
0.809825,1.8865
0.809850,1.9881
0.809875,2.0920
0.809900,2.2105
0.809925,2.3160
0.809950,2.4152
0.809975,2.5143
0.810000,2.6118
0.810025,2.7117
0.810050,2.8068
0.810075,2.8906
0.810100,2.9648
0.810125,3.0357
0.810150,3.0969
0.810175,3.1485
0.810200,3.1904
0.810225,3.2186
0.810250,3.2371
0.810275,3.2468
0.810300,3.2468
0.810325,3.2388
0.810350,3.2194
0.810375,3.1864
0.810400,3.1429
0.810425,3.0913
0.810450,3.0300
0.810475,2.9607
0.810500,2.8850
0.810525,2.7963
0.810550,2.7053
0.810575,2.6126
0.810600,2.5111
0.810625,2.4144
0.810650,2.3177
0.810675,2.2185
0.810700,2.1138
0.810725,2.0010
0.810750,1.8889
0.810775,1.7801
0.810800,1.6899
0.810825,1.5908
0.810850,1.4884
0.810875,1.3724
0.810900,1.2322
0.810925,1.0968
0.810950,0.9485
0.810975,0.8002
0.811000,0.6729
0.811025,0.5544
0.811050,0.4521
0.811075,0.3626
0.811100,0.2756
0.811125,0.2015
0.811150,0.1402
0.811175,0.0919
0.811200,0.0580
0.811225,0.0347
0.811250,0.0210
0.811275,0.0161
0.811300,0.0218
0.811325,0.0395
0.811350,0.0701
0.811375,0.1120
0.811400,0.1644
0.811425,0.2297
0.811450,0.3078
0.811475,0.4013
0.811500,0.5045
0.811525,0.6165
0.811550,0.7325
0.811575,0.8631
0.811600,0.9856
0.811625,1.0976
0.811650,1.2015
0.811675,1.2902
0.811700,1.3885
0.811725,1.4804
0.811750,1.5779
0.811775,1.6730
0.811800,1.7681
0.811825,1.8777
0.811850,1.9905
0.811875,2.1089
0.811900,2.2153
0.811925,2.3185
0.811950,2.4144
0.811975,2.5127
0.812000,2.6190
0.812025,2.7141
0.812050,2.8068
0.812075,2.8858
0.812100,2.9591
0.812125,3.0341
0.812150,3.0969
0.812175,3.1509
0.812200,3.1912
0.812225,3.2186
0.812250,3.2363
0.812275,3.2452
0.812300,3.2468
0.812325,3.2379
0.812350,3.2178
0.812375,3.1840
0.812400,3.1404
0.812425,3.0905
0.812450,3.0316
0.812475,2.9648
0.812500,2.8858
0.812525,2.7979
0.812550,2.7069
0.812575,2.6158
0.812600,2.5215
0.812625,2.4168
0.812650,2.3128
0.812675,2.2008
0.812700,2.0977
0.812725,1.9953
0.812750,1.8954
0.812775,1.8019
0.812800,1.6947
0.812825,1.5932
0.812850,1.4860
0.812875,1.3595
0.812900,1.2265
0.812925,1.0936
0.812950,0.9477
0.812975,0.8091
0.813000,0.6834
0.813025,0.5585
0.813050,0.4513
0.813075,0.3562
0.813100,0.2732
0.813125,0.2007
0.813150,0.1394
0.813175,0.0919
0.813200,0.0572
0.813225,0.0338
0.813250,0.0210
0.813275,0.0169
0.813300,0.0226
0.813325,0.0395
0.813350,0.0701
0.813375,0.1112
0.813400,0.1652
0.813425,0.2297
0.813450,0.3078
0.813475,0.3989
0.813500,0.4980
0.813525,0.6157
0.813550,0.7390
0.813575,0.8679
0.813600,1.0001
0.813625,1.1129
0.813650,1.2168
0.813675,1.3168
0.813700,1.3958
0.813725,1.4852
0.813750,1.5787
0.813775,1.6722
0.813800,1.7850
0.813825,1.8833
0.813850,1.9889
0.813875,2.0944
0.813900,2.1992
0.813925,2.3120
0.813950,2.4168
0.813975,2.5240
0.814000,2.6223
0.814025,2.7166
0.814050,2.8068
0.814075,2.8850
0.814100,2.9632
0.814125,3.0349
0.814150,3.0969
0.814175,3.1485
0.814200,3.1888
0.814225,3.2178
0.814250,3.2371
0.814275,3.2468
0.814300,3.2476
0.814325,3.2388
0.814350,3.2186
0.814375,3.1848
0.814400,3.1429
0.814425,3.0905
0.814450,3.0300
0.814475,2.9583
0.814500,2.8793
0.814525,2.7955
0.814550,2.7085
0.814575,2.6239
0.814600,2.5215
0.814625,2.4184
0.814650,2.3128
0.814675,2.2032
0.814700,2.1105
0.814725,1.9985
0.814750,1.8873
0.814775,1.7785
0.814800,1.6722
0.814825,1.5851
0.814850,1.4836
0.814875,1.3635
0.814900,1.2330
0.814925,1.0927
0.814950,0.9485
0.814975,0.8123
0.815000,0.6761
0.815025,0.5544
0.815050,0.4497
0.815075,0.3594
0.815100,0.2772
0.815125,0.2031
0.815150,0.1402
0.815175,0.0911
0.815200,0.0556
0.815225,0.0322
0.815250,0.0193
0.815275,0.0153
0.815300,0.0218
0.815325,0.0395
0.815350,0.0701
0.815375,0.1136
0.815400,0.1668
0.815425,0.2297
0.815450,0.3054
0.815475,0.3925
0.815500,0.4988
0.815525,0.6149
0.815550,0.7390
0.815575,0.8744
0.815600,1.0081
0.815625,1.1121
0.815650,1.2088
0.815675,1.2902
0.815700,1.3684
0.815725,1.4747
0.815750,1.5827
0.815775,1.6947
0.815800,1.7914
0.815825,1.8865
0.815850,1.9881
0.815875,2.0920
0.815900,2.2105
0.815925,2.3168
0.815950,2.4152
0.815975,2.5143
0.816000,2.6110
0.816025,2.7109
0.816050,2.8068
0.816075,2.8906
0.816100,2.9656
0.816125,3.0357
0.816150,3.0961
0.816175,3.1477
0.816200,3.1896
0.816225,3.2186
0.816250,3.2371
0.816275,3.2468
0.816300,3.2468
0.816325,3.2388
0.816350,3.2186
0.816375,3.1864
0.816400,3.1429
0.816425,3.0905
0.816450,3.0300
0.816475,2.9599
0.816500,2.8842
0.816525,2.7971
0.816550,2.7053
0.816575,2.6126
0.816600,2.5111
0.816625,2.4144
0.816650,2.3168
0.816675,2.2193
0.816700,2.1138
0.816725,2.0018
0.816750,1.8897
0.816775,1.7810
0.816800,1.6891
0.816825,1.5900
0.816850,1.4868
0.816875,1.3716
0.816900,1.2305
0.816925,1.0968
0.816950,0.9485
0.816975,0.7994
0.817000,0.6721
0.817025,0.5520
0.817050,0.4505
0.817075,0.3602
0.817100,0.2740
0.817125,0.2015
0.817150,0.1394
0.817175,0.0919
0.817200,0.0572
0.817225,0.0338
0.817250,0.0201
0.817275,0.0161
0.817300,0.0218
0.817325,0.0387
0.817350,0.0701
0.817375,0.1120
0.817400,0.1644
0.817425,0.2289
0.817450,0.3078
0.817475,0.4005
0.817500,0.5045
0.817525,0.6165
0.817550,0.7325
0.817575,0.8623
0.817600,0.9848
0.817625,1.0960
0.817650,1.2007
0.817675,1.2902
0.817700,1.3885
0.817725,1.4812
0.817750,1.5787
0.817775,1.6730
0.817800,1.7689
0.817825,1.8768
0.817850,1.9905
0.817875,2.1081
0.817900,2.2145
0.817925,2.3177
0.817950,2.4136
0.817975,2.5119
0.818000,2.6182
0.818025,2.7141
0.818050,2.8068
0.818075,2.8866
0.818100,2.9599
0.818125,3.0341
0.818150,3.0961
0.818175,3.1501
0.818200,3.1904
0.818225,3.2186
0.818250,3.2371
0.818275,3.2460
0.818300,3.2460
0.818325,3.2379
0.818350,3.2170
0.818375,3.1840
0.818400,3.1412
0.818425,3.0913
0.818450,3.0325
0.818475,2.9656
0.818500,2.8850
0.818525,2.7971
0.818550,2.7061
0.818575,2.6150
0.818600,2.5215
0.818625,2.4176
0.818650,2.3128
0.818675,2.2016
0.818700,2.0977
0.818725,1.9953
0.818750,1.8946
0.818775,1.8019
0.818800,1.6939
0.818825,1.5924
0.818850,1.4868
0.818875,1.3595
0.818900,1.2265
0.818925,1.0944
0.818950,0.9485
0.818975,0.8099
0.819000,0.6834
0.819025,0.5577
0.819050,0.4505
0.819075,0.3554
0.819100,0.2724
0.819125,0.2007
0.819150,0.1402
0.819175,0.0927
0.819200,0.0572
0.819225,0.0338
0.819250,0.0201
0.819275,0.0161
0.819300,0.0218
0.819325,0.0387
0.819350,0.0693
0.819375,0.1112
0.819400,0.1652
0.819425,0.2297
0.819450,0.3078
0.819475,0.3981
0.819500,0.4988
0.819525,0.6149
0.819550,0.7390
0.819575,0.8679
0.819600,1.0009
0.819625,1.1145
0.819650,1.2177
0.819675,1.3184
0.819700,1.3966
0.819725,1.4852
0.819750,1.5787
0.819775,1.6714
0.819800,1.7850
0.819825,1.8833
0.819850,1.9889
0.819875,2.0944
0.819900,2.1984
0.819925,2.3120
0.819950,2.4168
0.819975,2.5240
0.820000,2.6223
0.820025,2.7166
0.820050,2.8068
0.820075,2.8850
0.820100,2.9632
0.820125,3.0349
0.820150,3.0969
0.820175,3.1493
0.820200,3.1896
0.820225,3.2186
0.820250,3.2371
0.820275,3.2468
0.820300,3.2468
0.820325,3.2379
0.820350,3.2178
0.820375,3.1848
0.820400,3.1429
0.820425,3.0905
0.820450,3.0300
0.820475,2.9583
0.820500,2.8793
0.820525,2.7955
0.820550,2.7093
0.820575,2.6247
0.820600,2.5215
0.820625,2.4184
0.820650,2.3128
0.820675,2.2032
0.820700,2.1114
0.820725,1.9993
0.820750,1.8881
0.820775,1.7785
0.820800,1.6722
0.820825,1.5851
0.820850,1.4836
0.820875,1.3643
0.820900,1.2330
0.820925,1.0927
0.820950,0.9477
0.820975,0.8123
0.821000,0.6761
0.821025,0.5544
0.821050,0.4505
0.821075,0.3594
0.821100,0.2780
0.821125,0.2023
0.821150,0.1410
0.821175,0.0919
0.821200,0.0572
0.821225,0.0347
0.821250,0.0210
0.821275,0.0169
0.821300,0.0218
0.821325,0.0395
0.821350,0.0709
0.821375,0.1136
0.821400,0.1668
0.821425,0.2297
0.821450,0.3054
0.821475,0.3933
0.821500,0.4988
0.821525,0.6157
0.821550,0.7382
0.821575,0.8736
0.821600,1.0081
0.821625,1.1113
0.821650,1.2088
0.821675,1.2902
0.821700,1.3692
0.821725,1.4739
0.821750,1.5835
0.821775,1.6947
0.821800,1.7914
0.821825,1.8873
0.821850,1.9881
0.821875,2.0928
0.821900,2.2097
0.821925,2.3160
0.821950,2.4152
0.821975,2.5143
0.822000,2.6110
0.822025,2.7109
0.822050,2.8068
0.822075,2.8906
0.822100,2.9656
0.822125,3.0365
0.822150,3.0961
0.822175,3.1477
0.822200,3.1904
0.822225,3.2186
0.822250,3.2371
0.822275,3.2468
0.822300,3.2468
0.822325,3.2379
0.822350,3.2186
0.822375,3.1864
0.822400,3.1429
0.822425,3.0905
0.822450,3.0300
0.822475,2.9599
0.822500,2.8850
0.822525,2.7971
0.822550,2.7069
0.822575,2.6134
0.822600,2.5127
0.822625,2.4152
0.822650,2.3185
0.822675,2.2193
0.822700,2.1146
0.822725,2.0018
0.822750,1.8881
0.822775,1.7801
0.822800,1.6891
0.822825,1.5900
0.822850,1.4876
0.822875,1.3716
0.822900,1.2314
0.822925,1.0968
0.822950,0.9485
0.822975,0.8010
0.823000,0.6721
0.823025,0.5528
0.823050,0.4497
0.823075,0.3602
0.823100,0.2748
0.823125,0.2007
0.823150,0.1394
0.823175,0.0919
0.823200,0.0572
0.823225,0.0338
0.823250,0.0210
0.823275,0.0161
0.823300,0.0218
0.823325,0.0395
0.823350,0.0709
0.823375,0.1128
0.823400,0.1652
0.823425,0.2297
0.823450,0.3086
0.823475,0.4013
0.823500,0.5045
0.823525,0.6165
0.823550,0.7325
0.823575,0.8631
0.823600,0.9856
0.823625,1.0968
0.823650,1.2007
0.823675,1.2902
0.823700,1.3885
0.823725,1.4812
0.823750,1.5779
0.823775,1.6730
0.823800,1.7689
0.823825,1.8777
0.823850,1.9913
0.823875,2.1089
0.823900,2.2153
0.823925,2.3185
0.823950,2.4144
0.823975,2.5119
0.824000,2.6182
0.824025,2.7141
0.824050,2.8060
0.824075,2.8858
0.824100,2.9591
0.824125,3.0333
0.824150,3.0969
0.824175,3.1509
0.824200,3.1912
0.824225,3.2194
0.824250,3.2371
0.824275,3.2460
0.824300,3.2476
0.824325,3.2388
0.824350,3.2178
0.824375,3.1848
0.824400,3.1421
0.824425,3.0921
0.824450,3.0333
0.824475,2.9656
0.824500,2.8850
0.824525,2.7971
0.824550,2.7061
0.824575,2.6150
0.824600,2.5207
0.824625,2.4168
0.824650,2.3120
0.824675,2.2008
0.824700,2.0968
0.824725,1.9953
0.824750,1.8954
0.824775,1.8019
0.824800,1.6939
0.824825,1.5932
0.824850,1.4868
0.824875,1.3595
0.824900,1.2273
0.824925,1.0944
0.824950,0.9485
0.824975,0.8099
0.825000,2.8189
0.825025,2.7641
0.825050,2.6900
0.825075,2.6045
0.825100,2.5143
0.825125,2.4184
0.825150,2.3233
0.825175,2.2113
0.825200,2.1057
0.825225,1.9945
0.825250,1.8817
0.825275,1.7858
0.825300,1.6955
0.825325,1.5932
0.825350,1.4884
0.825375,1.3716
0.825400,1.2322
0.825425,1.0968
0.825450,0.9485
0.825475,0.8002
0.825500,0.6721
0.825525,0.5536
0.825550,0.4505
0.825575,0.3610
0.825600,0.2748
0.825625,0.2015
0.825650,0.1394
0.825675,0.0919
0.825700,0.0572
0.825725,0.0338
0.825750,0.0210
0.825775,0.0161
0.825800,0.0218
0.825825,0.0395
0.825850,0.0701
0.825875,0.1120
0.825900,0.1644
0.825925,0.2289
0.825950,0.3070
0.825975,0.4005
0.826000,0.5037
0.826025,0.6165
0.826050,0.7333
0.826075,0.8639
0.826100,0.9864
0.826125,1.0968
0.826150,1.2007
0.826175,1.2894
0.826200,1.3877
0.826225,1.4804
0.826250,1.5779
0.826275,1.6722
0.826300,1.7689
0.826325,1.8768
0.826350,1.9913
0.826375,2.1097
0.826400,2.2161
0.826425,2.3185
0.826450,2.4144
0.826475,2.5119
0.826500,2.6182
0.826525,2.7141
0.826550,2.8060
0.826575,2.8866
0.826600,2.9599
0.826625,3.0341
0.826650,3.0961
0.826675,3.1501
0.826700,3.1904
0.826725,3.2186
0.826750,3.2363
0.826775,3.2460
0.826800,3.2460
0.826825,3.2371
0.826850,3.2170
0.826875,3.1832
0.826900,3.1404
0.826925,3.0897
0.826950,3.0316
0.826975,2.9648
0.827000,2.8850
0.827025,2.7971
0.827050,2.7061
0.827075,2.6150
0.827100,2.5215
0.827125,2.4176
0.827150,2.3120
0.827175,2.2008
0.827200,2.0968
0.827225,1.9953
0.827250,1.8954
0.827275,1.8019
0.827300,1.6947
0.827325,1.5932
0.827350,1.4868
0.827375,1.3595
0.827400,1.2273
0.827425,1.0944
0.827450,0.9485
0.827475,0.8099
0.827500,0.6834
0.827525,0.5585
0.827550,0.4505
0.827575,0.3562
0.827600,0.2732
0.827625,0.1999
0.827650,0.1402
0.827675,0.0919
0.827700,0.0572
0.827725,0.0338
0.827750,0.0201
0.827775,0.0161
0.827800,0.0218
0.827825,0.0387
0.827850,0.0693
0.827875,0.1112
0.827900,0.1644
0.827925,0.2297
0.827950,0.3078
0.827975,0.3989
0.828000,0.4972
0.828025,0.6149
0.828050,0.7382
0.828075,0.8671
0.828100,1.0009
0.828125,1.1137
0.828150,1.2177
0.828175,1.3176
0.828200,1.3958
0.828225,1.4852
0.828250,1.5779
0.828275,1.6714
0.828300,1.7842
0.828325,1.8833
0.828350,1.9881
0.828375,2.0936
0.828400,2.1992
0.828425,2.3112
0.828450,2.4160
0.828475,2.5232
0.828500,2.6223
0.828525,2.7158
0.828550,2.8068
0.828575,2.8850
0.828600,2.9632
0.828625,3.0341
0.828650,3.0953
0.828675,3.1493
0.828700,3.1880
0.828725,3.2194
0.828750,3.2371
0.828775,3.2468
0.828800,3.2468
0.828825,3.2379
0.828850,3.2178
0.828875,3.1840
0.828900,3.1429
0.828925,3.0905
0.828950,3.0300
0.828975,2.9591
0.829000,2.8801
0.829025,2.7963
0.829050,2.7101
0.829075,2.6247
0.829100,2.5223
0.829125,2.4176
0.829150,2.3120
0.829175,2.2024
0.829200,2.1105
0.829225,1.9985
0.829250,1.8881
0.829275,1.7785
0.829300,1.6722
0.829325,1.5851
0.829350,1.4836
0.829375,1.3643
0.829400,1.2338
0.829425,1.0927
0.829450,0.9485
0.829475,0.8123
0.829500,0.6769
0.829525,0.5544
0.829550,0.4505
0.829575,0.3594
0.829600,0.2772
0.829625,0.2031
0.829650,0.1410
0.829675,0.0911
0.829700,0.0572
0.829725,0.0338
0.829750,0.0201
0.829775,0.0161
0.829800,0.0218
0.829825,0.0387
0.829850,0.0701
0.829875,0.1144
0.829900,0.1668
0.829925,0.2297
0.829950,0.3054
0.829975,0.3933
0.830000,0.4980
0.830025,0.6157
0.830050,0.7374
0.830075,0.8736
0.830100,1.0081
0.830125,1.1121
0.830150,1.2088
0.830175,1.2902
0.830200,1.3684
0.830225,1.4739
0.830250,1.5827
0.830275,1.6947
0.830300,1.7914
0.830325,1.8865
0.830350,1.9881
0.830375,2.0920
0.830400,2.2113
0.830425,2.3168
0.830450,2.4152
0.830475,2.5143
0.830500,2.6110
0.830525,2.7117
0.830550,2.8068
0.830575,2.8906
0.830600,2.9656
0.830625,3.0357
0.830650,3.0969
0.830675,3.1485
0.830700,3.1896
0.830725,3.2194
0.830750,3.2371
0.830775,3.2468
0.830800,3.2468
0.830825,3.2379
0.830850,3.2186
0.830875,3.1856
0.830900,3.1429
0.830925,3.0913
0.830950,3.0300
0.830975,2.9607
0.831000,2.8850
0.831025,2.7971
0.831050,2.7053
0.831075,2.6134
0.831100,2.5127
0.831125,2.4160
0.831150,2.3193
0.831175,2.2193
0.831200,2.1138
0.831225,2.0010
0.831250,1.8881
0.831275,1.7801
0.831300,1.6899
0.831325,1.5908
0.831350,1.4884
0.831375,1.3724
0.831400,1.2314
0.831425,1.0968
0.831450,0.9477
0.831475,0.7994
0.831500,0.6721
0.831525,0.5520
0.831550,0.4505
0.831575,0.3610
0.831600,0.2740
0.831625,0.2015
0.831650,0.1402
0.831675,0.0919
0.831700,0.0580
0.831725,0.0347
0.831750,0.0210
0.831775,0.0169
0.831800,0.0218
0.831825,0.0395
0.831850,0.0701
0.831875,0.1120
0.831900,0.1644
0.831925,0.2289
0.831950,0.3078
0.831975,0.4005
0.832000,0.5045
0.832025,0.6173
0.832050,0.7325
0.832075,0.8639
0.832100,0.9856
0.832125,1.0968
0.832150,1.2007
0.832175,1.2902
0.832200,1.3893
0.832225,1.4812
0.832250,1.5787
0.832275,1.6730
0.832300,1.7689
0.832325,1.8777
0.832350,1.9913
0.832375,2.1097
0.832400,2.2161
0.832425,2.3193
0.832450,2.4144
0.832475,2.5127
0.832500,2.6182
0.832525,2.7149
0.832550,2.8068
0.832575,2.8866
0.832600,2.9599
0.832625,3.0333
0.832650,3.0961
0.832675,3.1509
0.832700,3.1912
0.832725,3.2186
0.832750,3.2371
0.832775,3.2452
0.832800,3.2468
0.832825,3.2371
0.832850,3.2170
0.832875,3.1840
0.832900,3.1412
0.832925,3.0905
0.832950,3.0325
0.832975,2.9648
0.833000,2.8850
0.833025,2.7971
0.833050,2.7053
0.833075,2.6150
0.833100,2.5215
0.833125,2.4184
0.833150,2.3128
0.833175,2.2016
0.833200,2.0968
0.833225,1.9953
0.833250,1.8954
0.833275,1.8019
0.833300,1.6939
0.833325,1.5924
0.833350,1.4860
0.833375,1.3587
0.833400,1.2265
0.833425,1.0952
0.833450,0.9485
0.833475,0.8099
0.833500,0.6834
0.833525,0.5577
0.833550,0.4505
0.833575,0.3562
0.833600,0.2724
0.833625,0.2007
0.833650,0.1394
0.833675,0.0919
0.833700,0.0572
0.833725,0.0330
0.833750,0.0193
0.833775,0.0153
0.833800,0.0201
0.833825,0.0387
0.833850,0.0693
0.833875,0.1112
0.833900,0.1660
0.833925,0.2297
0.833950,0.3078
0.833975,0.3989
0.834000,0.4980
0.834025,0.6149
0.834050,0.7390
0.834075,0.8671
0.834100,1.0001
0.834125,1.1129
0.834150,1.2168
0.834175,1.3168
0.834200,1.3949
0.834225,1.4852
0.834250,1.5779
0.834275,1.6714
0.834300,1.7850
0.834325,1.8833
0.834350,1.9889
0.834375,2.0944
0.834400,2.1992
0.834425,2.3120
0.834450,2.4168
0.834475,2.5240
0.834500,2.6223
0.834525,2.7166
0.834550,2.8060
0.834575,2.8850
0.834600,2.9632
0.834625,3.0349
0.834650,3.0969
0.834675,3.1493
0.834700,3.1888
0.834725,3.2178
0.834750,3.2371
0.834775,3.2468
0.834800,3.2468
0.834825,3.2379
0.834850,3.2178
0.834875,3.1840
0.834900,3.1429
0.834925,3.0905
0.834950,3.0300
0.834975,2.9583
0.835000,2.8793
0.835025,2.7955
0.835050,2.7093
0.835075,2.6247
0.835100,2.5215
0.835125,2.4176
0.835150,2.3120
0.835175,2.2024
0.835200,2.1105
0.835225,1.9985
0.835250,1.8873
0.835275,1.7785
0.835300,1.6722
0.835325,1.5859
0.835350,1.4844
0.835375,1.3643
0.835400,1.2330
0.835425,1.0927
0.835450,0.9477
0.835475,0.8107
0.835500,0.6761
0.835525,0.5536
0.835550,0.4497
0.835575,0.3586
0.835600,0.2772
0.835625,0.2031
0.835650,0.1402
0.835675,0.0919
0.835700,0.0564
0.835725,0.0338
0.835750,0.0210
0.835775,0.0169
0.835800,0.0218
0.835825,0.0395
0.835850,0.0701
0.835875,0.1136
0.835900,0.1668
0.835925,0.2297
0.835950,0.3054
0.835975,0.3925
0.836000,0.4980
0.836025,0.6149
0.836050,0.7390
0.836075,0.8744
0.836100,1.0089
0.836125,1.1121
0.836150,1.2088
0.836175,1.2910
0.836200,1.3700
0.836225,1.4755
0.836250,1.5835
0.836275,1.6955
0.836300,1.7914
0.836325,1.8865
0.836350,1.9881
0.836375,2.0920
0.836400,2.2097
0.836425,2.3160
0.836450,2.4152
0.836475,2.5135
0.836500,2.6110
0.836525,2.7101
0.836550,2.8068
0.836575,2.8914
0.836600,2.9656
0.836625,3.0373
0.836650,3.0969
0.836675,3.1477
0.836700,3.1904
0.836725,3.2178
0.836750,3.2363
0.836775,3.2452
0.836800,3.2452
0.836825,3.2379
0.836850,3.2178
0.836875,3.1872
0.836900,3.1429
0.836925,3.0905
0.836950,3.0300
0.836975,2.9591
0.837000,2.8842
0.837025,2.7963
0.837050,2.7053
0.837075,2.6134
0.837100,2.5119
0.837125,2.4152
0.837150,2.3185
0.837175,2.2193
0.837200,2.1138
0.837225,2.0010
0.837250,1.8889
0.837275,1.7801
0.837300,1.6891
0.837325,1.5900
0.837350,1.4876
0.837375,1.3716
0.837400,1.2314
0.837425,1.0968
0.837450,0.9485
0.837475,0.8002
0.837500,0.6713
0.837525,0.5520
0.837550,0.4505
0.837575,0.3610
0.837600,0.2748
0.837625,0.2015
0.837650,0.1394
0.837675,0.0911
0.837700,0.0572
0.837725,0.0338
0.837750,0.0210
0.837775,0.0161
0.837800,0.0210
0.837825,0.0387
0.837850,0.0693
0.837875,0.1120
0.837900,0.1644
0.837925,0.2305
0.837950,0.3086
0.837975,0.4013
0.838000,0.5053
0.838025,0.6165
0.838050,0.7325
0.838075,0.8631
0.838100,0.9856
0.838125,1.0968
0.838150,1.2007
0.838175,1.2902
0.838200,1.3885
0.838225,1.4812
0.838250,1.5787
0.838275,1.6730
0.838300,1.7689
0.838325,1.8777
0.838350,1.9913
0.838375,2.1097
0.838400,2.2161
0.838425,2.3193
0.838450,2.4152
0.838475,2.5127
0.838500,2.6182
0.838525,2.7133
0.838550,2.8060
0.838575,2.8866
0.838600,2.9591
0.838625,3.0341
0.838650,3.0961
0.838675,3.1501
0.838700,3.1904
0.838725,3.2186
0.838750,3.2371
0.838775,3.2460
0.838800,3.2476
0.838825,3.2379
0.838850,3.2178
0.838875,3.1832
0.838900,3.1412
0.838925,3.0905
0.838950,3.0325
0.838975,2.9664
0.839000,2.8850
0.839025,2.7979
0.839050,2.7061
0.839075,2.6150
0.839100,2.5215
0.839125,2.4176
0.839150,2.3120
0.839175,2.2016
0.839200,2.0968
0.839225,1.9953
0.839250,1.8954
0.839275,1.8019
0.839300,1.6947
0.839325,1.5932
0.839350,1.4876
0.839375,1.3595
0.839400,1.2273
0.839425,1.0952
0.839450,0.9485
0.839475,0.8107
0.839500,0.6842
0.839525,0.5585
0.839550,0.4513
0.839575,0.3562
0.839600,0.2732
0.839625,0.2007
0.839650,0.1402
0.839675,0.0919
0.839700,0.0572
0.839725,0.0338
0.839750,0.0201
0.839775,0.0161
0.839800,0.0210
0.839825,0.0387
0.839850,0.0685
0.839875,0.1104
0.839900,0.1652
0.839925,0.2297
0.839950,0.3070
0.839975,0.3989
0.840000,0.4972
0.840025,0.6157
0.840050,0.7390
0.840075,0.8679
0.840100,1.0009
0.840125,1.1129
0.840150,1.2177
0.840175,1.3168
0.840200,1.3958
0.840225,1.4844
0.840250,1.5779
0.840275,1.6714
0.840300,1.7842
0.840325,1.8841
0.840350,1.9881
0.840375,2.0944
0.840400,2.1992
0.840425,2.3120
0.840450,2.4168
0.840475,2.5232
0.840500,2.6223
0.840525,2.7149
0.840550,2.8068
0.840575,2.8842
0.840600,2.9623
0.840625,3.0349
0.840650,3.0961
0.840675,3.1485
0.840700,3.1888
0.840725,3.2178
0.840750,3.2371
0.840775,3.2468
0.840800,3.2468
0.840825,3.2388
0.840850,3.2170
0.840875,3.1840
0.840900,3.1421
0.840925,3.0889
0.840950,3.0292
0.840975,2.9575
0.841000,2.8793
0.841025,2.7963
0.841050,2.7101
0.841075,2.6247
0.841100,2.5232
0.841125,2.4184
0.841150,2.3128
0.841175,2.2032
0.841200,2.1114
0.841225,2.0001
0.841250,1.8873
0.841275,1.7785
0.841300,1.6722
0.841325,1.5859
0.841350,1.4844
0.841375,1.3643
0.841400,1.2338
0.841425,1.0927
0.841450,0.9493
0.841475,0.8123
0.841500,0.6769
0.841525,0.5544
0.841550,0.4505
0.841575,0.3602
0.841600,0.2780
0.841625,0.2039
0.841650,0.1410
0.841675,0.0919
0.841700,0.0572
0.841725,0.0338
0.841750,0.0210
0.841775,0.0161
0.841800,0.0218
0.841825,0.0387
0.841850,0.0701
0.841875,0.1136
0.841900,0.1668
0.841925,0.2297
0.841950,0.3046
0.841975,0.3925
0.842000,0.4972
0.842025,0.6149
0.842050,0.7382
0.842075,0.8736
0.842100,1.0089
0.842125,1.1121
0.842150,1.2088
0.842175,1.2910
0.842200,1.3684
0.842225,1.4739
0.842250,1.5827
0.842275,1.6939
0.842300,1.7914
0.842325,1.8865
0.842350,1.9881
0.842375,2.0920
0.842400,2.2097
0.842425,2.3160
0.842450,2.4144
0.842475,2.5135
0.842500,2.6118
0.842525,2.7117
0.842550,2.8084
0.842575,2.8914
0.842600,2.9656
0.842625,3.0365
0.842650,3.0969
0.842675,3.1477
0.842700,3.1896
0.842725,3.2186
0.842750,3.2371
0.842775,3.2460
0.842800,3.2460
0.842825,3.2371
0.842850,3.2178
0.842875,3.1856
0.842900,3.1421
0.842925,3.0897
0.842950,3.0300
0.842975,2.9599
0.843000,2.8850
0.843025,2.7979
0.843050,2.7061
0.843075,2.6142
0.843100,2.5119
0.843125,2.4152
0.843150,2.3177
0.843175,2.2193
0.843200,2.1138
0.843225,2.0010
0.843250,1.8889
0.843275,1.7793
0.843300,1.6883
0.843325,1.5892
0.843350,1.4868
0.843375,1.3716
0.843400,1.2314
0.843425,1.0968
0.843450,0.9477
0.843475,0.8002
0.843500,0.6713
0.843525,0.5528
0.843550,0.4505
0.843575,0.3602
0.843600,0.2748
0.843625,0.2007
0.843650,0.1394
0.843675,0.0919
0.843700,0.0580
0.843725,0.0347
0.843750,0.0210
0.843775,0.0161
0.843800,0.0218
0.843825,0.0395
0.843850,0.0701
0.843875,0.1128
0.843900,0.1644
0.843925,0.2297
0.843950,0.3078
0.843975,0.4013
0.844000,0.5045
0.844025,0.6165
0.844050,0.7325
0.844075,0.8631
0.844100,0.9848
0.844125,1.0968
0.844150,1.2007
0.844175,1.2902
0.844200,1.3877
0.844225,1.4812
0.844250,1.5779
0.844275,1.6730
0.844300,1.7689
0.844325,1.8777
0.844350,1.9913
0.844375,2.1089
0.844400,2.2153
0.844425,2.3185
0.844450,2.4144
0.844475,2.5127
0.844500,2.6190
0.844525,2.7149
0.844550,2.8076
0.844575,2.8866
0.844600,2.9599
0.844625,3.0333
0.844650,3.0961
0.844675,3.1501
0.844700,3.1912
0.844725,3.2186
0.844750,3.2371
0.844775,3.2468
0.844800,3.2468
0.844825,3.2388
0.844850,3.2178
0.844875,3.1840
0.844900,3.1404
0.844925,3.0905
0.844950,3.0316
0.844975,2.9640
0.845000,2.8842
0.845025,2.7971
0.845050,2.7061
0.845075,2.6150
0.845100,2.5215
0.845125,2.4176
0.845150,2.3128
0.845175,2.2016
0.845200,2.0968
0.845225,1.9953
0.845250,1.8946
0.845275,1.8019
0.845300,1.6939
0.845325,1.5932
0.845350,1.4868
0.845375,1.3595
0.845400,1.2273
0.845425,1.0944
0.845450,0.9477
0.845475,0.8099
0.845500,0.6826
0.845525,0.5577
0.845550,0.4505
0.845575,0.3554
0.845600,0.2724
0.845625,0.1999
0.845650,0.1394
0.845675,0.0919
0.845700,0.0572
0.845725,0.0338
0.845750,0.0201
0.845775,0.0169
0.845800,0.0218
0.845825,0.0395
0.845850,0.0693
0.845875,0.1112
0.845900,0.1652
0.845925,0.2297
0.845950,0.3078
0.845975,0.3981
0.846000,0.4980
0.846025,0.6149
0.846050,0.7390
0.846075,0.8679
0.846100,1.0001
0.846125,1.1137
0.846150,1.2177
0.846175,1.3176
0.846200,1.3966
0.846225,1.4852
0.846250,1.5779
0.846275,1.6714
0.846300,1.7842
0.846325,1.8833
0.846350,1.9881
0.846375,2.0944
0.846400,2.1976
0.846425,2.3104
0.846450,2.4152
0.846475,2.5215
0.846500,2.6215
0.846525,2.7149
0.846550,2.8060
0.846575,2.8850
0.846600,2.9632
0.846625,3.0357
0.846650,3.0969
0.846675,3.1493
0.846700,3.1896
0.846725,3.2178
0.846750,3.2379
0.846775,3.2468
0.846800,3.2460
0.846825,3.2379
0.846850,3.2170
0.846875,3.1848
0.846900,3.1429
0.846925,3.0905
0.846950,3.0300
0.846975,2.9583
0.847000,2.8793
0.847025,2.7955
0.847050,2.7093
0.847075,2.6247
0.847100,2.5223
0.847125,2.4176
0.847150,2.3120
0.847175,2.2032
0.847200,2.1105
0.847225,2.0001
0.847250,1.8881
0.847275,1.7785
0.847300,1.6722
0.847325,1.5851
0.847350,1.4836
0.847375,1.3635
0.847400,1.2330
0.847425,1.0927
0.847450,0.9485
0.847475,0.8123
0.847500,0.6769
0.847525,0.5544
0.847550,0.4505
0.847575,0.3602
0.847600,0.2780
0.847625,0.2031
0.847650,0.1410
0.847675,0.0911
0.847700,0.0572
0.847725,0.0338
0.847750,0.0210
0.847775,0.0169
0.847800,0.0226
0.847825,0.0395
0.847850,0.0709
0.847875,0.1128
0.847900,0.1660
0.847925,0.2289
0.847950,0.3046
0.847975,0.3925
0.848000,0.4980
0.848025,0.6157
0.848050,0.7390
0.848075,0.8744
0.848100,1.0089
0.848125,1.1121
0.848150,1.2088
0.848175,1.2902
0.848200,1.3684
0.848225,1.4739
0.848250,1.5827
0.848275,1.6939
0.848300,1.7914
0.848325,1.8865
0.848350,1.9881
0.848375,2.0928
0.848400,2.2105
0.848425,2.3168
0.848450,2.4144
0.848475,2.5135
0.848500,2.6118
0.848525,2.7117
0.848550,2.8076
0.848575,2.8914
0.848600,2.9648
0.848625,3.0357
0.848650,3.0961
0.848675,3.1477
0.848700,3.1896
0.848725,3.2186
0.848750,3.2379
0.848775,3.2468
0.848800,3.2476
0.848825,3.2388
0.848850,3.2186
0.848875,3.1864
0.848900,3.1429
0.848925,3.0905
0.848950,3.0308
0.848975,2.9599
0.849000,2.8850
0.849025,2.7963
0.849050,2.7053
0.849075,2.6134
0.849100,2.5119
0.849125,2.4152
0.849150,2.3177
0.849175,2.2193
0.849200,2.1138
0.849225,2.0010
0.849250,1.8889
0.849275,1.7801
0.849300,1.6899
0.849325,1.5908
0.849350,1.4876
0.849375,1.3716
0.849400,1.2314
0.849425,1.0976
0.849450,0.9485
0.849475,0.8010
0.849500,0.6721
0.849525,0.5528
0.849550,0.4505
0.849575,0.3602
0.849600,0.2748
0.849625,0.2007
0.849650,0.1402
0.849675,0.0919
0.849700,0.0580
0.849725,0.0338
0.849750,0.0201
0.849775,0.0153
0.849800,0.0210
0.849825,0.0387
0.849850,0.0693
0.849875,0.1128
0.849900,0.1644
0.849925,0.2297
0.849950,0.3086
0.849975,0.4013
0.850000,0.5037
0.850025,0.4658
0.850050,0.4416
0.850075,0.3683
0.850100,0.2756
0.850125,0.2015
0.850150,0.1402
0.850175,0.0911
0.850200,0.0572
0.850225,0.0338
0.850250,0.0210
0.850275,0.0169
0.850300,0.0218
0.850325,0.0395
0.850350,0.0701
0.850375,0.1128
0.850400,0.1660
0.850425,0.2297
0.850450,0.3054
0.850475,0.3933
0.850500,0.4980
0.850525,0.6157
0.850550,0.7382
0.850575,0.8744
0.850600,1.0081
0.850625,1.1121
0.850650,1.2088
0.850675,1.2902
0.850700,1.3684
0.850725,1.4731
0.850750,1.5827
0.850775,1.6939
0.850800,1.7914
0.850825,1.8865
0.850850,1.9881
0.850875,2.0928
0.850900,2.2097
0.850925,2.3160
0.850950,2.4136
0.850975,2.5135
0.851000,2.6110
0.851025,2.7109
0.851050,2.8076
0.851075,2.8906
0.851100,2.9664
0.851125,3.0365
0.851150,3.0969
0.851175,3.1485
0.851200,3.1896
0.851225,3.2194
0.851250,3.2371
0.851275,3.2468
0.851300,3.2476
0.851325,3.2379
0.851350,3.2186
0.851375,3.1864
0.851400,3.1421
0.851425,3.0905
0.851450,3.0308
0.851475,2.9599
0.851500,2.8850
0.851525,2.7971
0.851550,2.7053
0.851575,2.6134
0.851600,2.5119
0.851625,2.4152
0.851650,2.3185
0.851675,2.2185
0.851700,2.1138
0.851725,2.0001
0.851750,1.8881
0.851775,1.7793
0.851800,1.6891
0.851825,1.5900
0.851850,1.4876
0.851875,1.3716
0.851900,1.2314
0.851925,1.0976
0.851950,0.9485
0.851975,0.8002
0.852000,0.6713
0.852025,0.5528
0.852050,0.4505
0.852075,0.3610
0.852100,0.2756
0.852125,0.2015
0.852150,0.1402
0.852175,0.0919
0.852200,0.0572
0.852225,0.0338
0.852250,0.0201
0.852275,0.0161
0.852300,0.0218
0.852325,0.0395
0.852350,0.0701
0.852375,0.1136
0.852400,0.1652
0.852425,0.2305
0.852450,0.3095
0.852475,0.4013
0.852500,0.5053
0.852525,0.6165
0.852550,0.7333
0.852575,0.8631
0.852600,0.9864
0.852625,1.0960
0.852650,1.2007
0.852675,1.2894
0.852700,1.3877
0.852725,1.4812
0.852750,1.5779
0.852775,1.6730
0.852800,1.7681
0.852825,1.8777
0.852850,1.9905
0.852875,2.1089
0.852900,2.2153
0.852925,2.3185
0.852950,2.4168
0.852975,2.5143
0.853000,2.6207
0.853025,2.7158
0.853050,2.8068
0.853075,2.8866
0.853100,2.9591
0.853125,3.0341
0.853150,3.0969
0.853175,3.1501
0.853200,3.1904
0.853225,3.2186
0.853250,3.2371
0.853275,3.2460
0.853300,3.2476
0.853325,3.2388
0.853350,3.2178
0.853375,3.1840
0.853400,3.1412
0.853425,3.0905
0.853450,3.0325
0.853475,2.9648
0.853500,2.8850
0.853525,2.7971
0.853550,2.7053
0.853575,2.6142
0.853600,2.5207
0.853625,2.4176
0.853650,2.3120
0.853675,2.2016
0.853700,2.0968
0.853725,1.9953
0.853750,1.8946
0.853775,1.8019
0.853800,1.6939
0.853825,1.5924
0.853850,1.4860
0.853875,1.3595
0.853900,1.2273
0.853925,1.0952
0.853950,0.9485
0.853975,0.8091
0.854000,0.6834
0.854025,0.5577
0.854050,0.4505
0.854075,0.3562
0.854100,0.2724
0.854125,0.1999
0.854150,0.1394
0.854175,0.0919
0.854200,0.0572
0.854225,0.0338
0.854250,0.0201
0.854275,0.0161
0.854300,0.0210
0.854325,0.0387
0.854350,0.0693
0.854375,0.1112
0.854400,0.1652
0.854425,0.2297
0.854450,0.3078
0.854475,0.3989
0.854500,0.4988
0.854525,0.6157
0.854550,0.7398
0.854575,0.8679
0.854600,1.0001
0.854625,1.1129
0.854650,1.2177
0.854675,1.3168
0.854700,1.3966
0.854725,1.4852
0.854750,1.5779
0.854775,1.6722
0.854800,1.7850
0.854825,1.8841
0.854850,1.9889
0.854875,2.0944
0.854900,2.1992
0.854925,2.3120
0.854950,2.4160
0.854975,2.5240
0.855000,2.6223
0.855025,2.7158
0.855050,2.8068
0.855075,2.8858
0.855100,2.9632
0.855125,3.0357
0.855150,3.0969
0.855175,3.1485
0.855200,3.1896
0.855225,3.2178
0.855250,3.2371
0.855275,3.2476
0.855300,3.2468
0.855325,3.2396
0.855350,3.2178
0.855375,3.1848
0.855400,3.1429
0.855425,3.0889
0.855450,3.0292
0.855475,2.9567
0.855500,2.8793
0.855525,2.7955
0.855550,2.7101
0.855575,2.6247
0.855600,2.5223
0.855625,2.4176
0.855650,2.3120
0.855675,2.2024
0.855700,2.1105
0.855725,1.9985
0.855750,1.8873
0.855775,1.7785
0.855800,1.6714
0.855825,1.5851
0.855850,1.4836
0.855875,1.3635
0.855900,1.2338
0.855925,1.0927
0.855950,0.9493
0.855975,0.8123
0.856000,0.6769
0.856025,0.5544
0.856050,0.4505
0.856075,0.3594
0.856100,0.2772
0.856125,0.2031
0.856150,0.1402
0.856175,0.0911
0.856200,0.0572
0.856225,0.0338
0.856250,0.0210
0.856275,0.0161
0.856300,0.0218
0.856325,0.0395
0.856350,0.0701
0.856375,0.1136
0.856400,0.1668
0.856425,0.2297
0.856450,0.3054
0.856475,0.3925
0.856500,0.4980
0.856525,0.6149
0.856550,0.7374
0.856575,0.8736
0.856600,1.0073
0.856625,1.1121
0.856650,1.2080
0.856675,1.2902
0.856700,1.3684
0.856725,1.4739
0.856750,1.5827
0.856775,1.6939
0.856800,1.7906
0.856825,1.8865
0.856850,1.9881
0.856875,2.0920
0.856900,2.2105
0.856925,2.3160
0.856950,2.4152
0.856975,2.5135
0.857000,2.6110
0.857025,2.7109
0.857050,2.8068
0.857075,2.8906
0.857100,2.9656
0.857125,3.0365
0.857150,3.0969
0.857175,3.1485
0.857200,3.1896
0.857225,3.2186
0.857250,3.2363
0.857275,3.2460
0.857300,3.2460
0.857325,3.2379
0.857350,3.2186
0.857375,3.1856
0.857400,3.1421
0.857425,3.0905
0.857450,3.0300
0.857475,2.9599
0.857500,2.8842
0.857525,2.7963
0.857550,2.7053
0.857575,2.6126
0.857600,2.5111
0.857625,2.4144
0.857650,2.3177
0.857675,2.2193
0.857700,2.1146
0.857725,2.0018
0.857750,1.8897
0.857775,1.7810
0.857800,1.6891
0.857825,1.5908
0.857850,1.4884
0.857875,1.3716
0.857900,1.2314
0.857925,1.0960
0.857950,0.9477
0.857975,0.8002
0.858000,0.6721
0.858025,0.5528
0.858050,0.4505
0.858075,0.3602
0.858100,0.2740
0.858125,0.2007
0.858150,0.1394
0.858175,0.0919
0.858200,0.0580
0.858225,0.0347
0.858250,0.0210
0.858275,0.0161
0.858300,0.0218
0.858325,0.0387
0.858350,0.0701
0.858375,0.1128
0.858400,0.1644
0.858425,0.2297
0.858450,0.3086
0.858475,0.4013
0.858500,0.5045
0.858525,0.6165
0.858550,0.7325
0.858575,0.8631
0.858600,0.9856
0.858625,1.0976
0.858650,1.2015
0.858675,1.2902
0.858700,1.3885
0.858725,1.4812
0.858750,1.5779
0.858775,1.6730
0.858800,1.7689
0.858825,1.8777
0.858850,1.9921
0.858875,2.1089
0.858900,2.2153
0.858925,2.3185
0.858950,2.4136
0.858975,2.5119
0.859000,2.6174
0.859025,2.7133
0.859050,2.8060
0.859075,2.8850
0.859100,2.9591
0.859125,3.0333
0.859150,3.0961
0.859175,3.1509
0.859200,3.1904
0.859225,3.2194
0.859250,3.2371
0.859275,3.2452
0.859300,3.2460
0.859325,3.2363
0.859350,3.2162
0.859375,3.1840
0.859400,3.1404
0.859425,3.0913
0.859450,3.0325
0.859475,2.9648
0.859500,2.8858
0.859525,2.7971
0.859550,2.7061
0.859575,2.6142
0.859600,2.5199
0.859625,2.4168
0.859650,2.3112
0.859675,2.2008
0.859700,2.0960
0.859725,1.9945
0.859750,1.8946
0.859775,1.8011
0.859800,1.6947
0.859825,1.5924
0.859850,1.4860
0.859875,1.3587
0.859900,1.2265
0.859925,1.0944
0.859950,0.9485
0.859975,0.8099
0.860000,0.6834
0.860025,0.5585
0.860050,0.4505
0.860075,0.3562
0.860100,0.2732
0.860125,0.2007
0.860150,0.1402
0.860175,0.0927
0.860200,0.0572
0.860225,0.0338
0.860250,0.0201
0.860275,0.0161
0.860300,0.0218
0.860325,0.0387
0.860350,0.0693
0.860375,0.1112
0.860400,0.1652
0.860425,0.2297
0.860450,0.3078
0.860475,0.3989
0.860500,0.4972
0.860525,0.6149
0.860550,0.7390
0.860575,0.8671
0.860600,1.0009
0.860625,1.1129
0.860650,1.2177
0.860675,1.3168
0.860700,1.3958
0.860725,1.4852
0.860750,1.5779
0.860775,1.6722
0.860800,1.7850
0.860825,1.8841
0.860850,1.9897
0.860875,2.0944
0.860900,2.1992
0.860925,2.3112
0.860950,2.4160
0.860975,2.5240
0.861000,2.6231
0.861025,2.7174
0.861050,2.8068
0.861075,2.8858
0.861100,2.9632
0.861125,3.0349
0.861150,3.0961
0.861175,3.1485
0.861200,3.1888
0.861225,3.2178
0.861250,3.2371
0.861275,3.2468
0.861300,3.2476
0.861325,3.2379
0.861350,3.2170
0.861375,3.1848
0.861400,3.1429
0.861425,3.0913
0.861450,3.0300
0.861475,2.9583
0.861500,2.8793
0.861525,2.7955
0.861550,2.7085
0.861575,2.6247
0.861600,2.5223
0.861625,2.4176
0.861650,2.3128
0.861675,2.2024
0.861700,2.1105
0.861725,1.9993
0.861750,1.8881
0.861775,1.7785
0.861800,1.6722
0.861825,1.5859
0.861850,1.4836
0.861875,1.3643
0.861900,1.2330
0.861925,1.0919
0.861950,0.9485
0.861975,0.8123
0.862000,0.6769
0.862025,0.5544
0.862050,0.4505
0.862075,0.3602
0.862100,0.2772
0.862125,0.2031
0.862150,0.1410
0.862175,0.0911
0.862200,0.0572
0.862225,0.0338
0.862250,0.0210
0.862275,0.0161
0.862300,0.0218
0.862325,0.0387
0.862350,0.0701
0.862375,0.1136
0.862400,0.1660
0.862425,0.2297
0.862450,0.3046
0.862475,0.3925
0.862500,0.4980
0.862525,0.6149
0.862550,0.7390
0.862575,0.8744
0.862600,1.0089
0.862625,1.1121
0.862650,1.2088
0.862675,1.2902
0.862700,1.3684
0.862725,1.4739
0.862750,1.5819
0.862775,1.6939
0.862800,1.7906
0.862825,1.8865
0.862850,1.9873
0.862875,2.0920
0.862900,2.2105
0.862925,2.3160
0.862950,2.4152
0.862975,2.5143
0.863000,2.6118
0.863025,2.7109
0.863050,2.8076
0.863075,2.8906
0.863100,2.9648
0.863125,3.0357
0.863150,3.0961
0.863175,3.1477
0.863200,3.1896
0.863225,3.2186
0.863250,3.2371
0.863275,3.2468
0.863300,3.2468
0.863325,3.2388
0.863350,3.2186
0.863375,3.1864
0.863400,3.1421
0.863425,3.0905
0.863450,3.0308
0.863475,2.9599
0.863500,2.8850
0.863525,2.7963
0.863550,2.7053
0.863575,2.6134
0.863600,2.5127
0.863625,2.4152
0.863650,2.3177
0.863675,2.2193
0.863700,2.1130
0.863725,2.0010
0.863750,1.8881
0.863775,1.7801
0.863800,1.6891
0.863825,1.5900
0.863850,1.4876
0.863875,1.3716
0.863900,1.2314
0.863925,1.0968
0.863950,0.9485
0.863975,0.8002
0.864000,0.6729
0.864025,0.5528
0.864050,0.4505
0.864075,0.3610
0.864100,0.2748
0.864125,0.2007
0.864150,0.1394
0.864175,0.0911
0.864200,0.0564
0.864225,0.0338
0.864250,0.0201
0.864275,0.0161
0.864300,0.0218
0.864325,0.0387
0.864350,0.0701
0.864375,0.1120
0.864400,0.1644
0.864425,0.2297
0.864450,0.3086
0.864475,0.4013
0.864500,0.5053
0.864525,0.6173
0.864550,0.7333
0.864575,0.8639
0.864600,0.9856
0.864625,1.0968
0.864650,1.2007
0.864675,1.2902
0.864700,1.3885
0.864725,1.4812
0.864750,1.5779
0.864775,1.6730
0.864800,1.7689
0.864825,1.8777
0.864850,1.9913
0.864875,2.1097
0.864900,2.2161
0.864925,2.3193
0.864950,2.4152
0.864975,2.5127
0.865000,2.6182
0.865025,2.7141
0.865050,2.8060
0.865075,2.8858
0.865100,2.9591
0.865125,3.0333
0.865150,3.0961
0.865175,3.1501
0.865200,3.1904
0.865225,3.2186
0.865250,3.2363
0.865275,3.2460
0.865300,3.2468
0.865325,3.2379
0.865350,3.2178
0.865375,3.1832
0.865400,3.1412
0.865425,3.0897
0.865450,3.0325
0.865475,2.9648
0.865500,2.8850
0.865525,2.7971
0.865550,2.7053
0.865575,2.6142
0.865600,2.5199
0.865625,2.4160
0.865650,2.3120
0.865675,2.2008
0.865700,2.0977
0.865725,1.9961
0.865750,1.8954
0.865775,1.8027
0.865800,1.6947
0.865825,1.5940
0.865850,1.4860
0.865875,1.3595
0.865900,1.2265
0.865925,1.0936
0.865950,0.9485
0.865975,0.8091
0.866000,0.6834
0.866025,0.5577
0.866050,0.4505
0.866075,0.3562
0.866100,0.2732
0.866125,0.2007
0.866150,0.1402
0.866175,0.0927
0.866200,0.0572
0.866225,0.0338
0.866250,0.0193
0.866275,0.0161
0.866300,0.0218
0.866325,0.0395
0.866350,0.0693
0.866375,0.1112
0.866400,0.1652
0.866425,0.2297
0.866450,0.3078
0.866475,0.3989
0.866500,0.4980
0.866525,0.6157
0.866550,0.7390
0.866575,0.8671
0.866600,1.0001
0.866625,1.1129
0.866650,1.2177
0.866675,1.3176
0.866700,1.3958
0.866725,1.4852
0.866750,1.5779
0.866775,1.6714
0.866800,1.7850
0.866825,1.8833
0.866850,1.9889
0.866875,2.0944
0.866900,2.1992
0.866925,2.3128
0.866950,2.4160
0.866975,2.5232
0.867000,2.6223
0.867025,2.7158
0.867050,2.8060
0.867075,2.8850
0.867100,2.9623
0.867125,3.0349
0.867150,3.0969
0.867175,3.1485
0.867200,3.1888
0.867225,3.2178
0.867250,3.2363
0.867275,3.2460
0.867300,3.2460
0.867325,3.2371
0.867350,3.2170
0.867375,3.1848
0.867400,3.1437
0.867425,3.0913
0.867450,3.0300
0.867475,2.9575
0.867500,2.8793
0.867525,2.7947
0.867550,2.7085
0.867575,2.6247
0.867600,2.5215
0.867625,2.4184
0.867650,2.3120
0.867675,2.2024
0.867700,2.1105
0.867725,1.9985
0.867750,1.8873
0.867775,1.7785
0.867800,1.6714
0.867825,1.5843
0.867850,1.4836
0.867875,1.3635
0.867900,1.2338
0.867925,1.0927
0.867950,0.9485
0.867975,0.8123
0.868000,0.6761
0.868025,0.5552
0.868050,0.4497
0.868075,0.3586
0.868100,0.2780
0.868125,0.2023
0.868150,0.1410
0.868175,0.0919
0.868200,0.0572
0.868225,0.0338
0.868250,0.0210
0.868275,0.0169
0.868300,0.0218
0.868325,0.0395
0.868350,0.0701
0.868375,0.1136
0.868400,0.1668
0.868425,0.2297
0.868450,0.3054
0.868475,0.3925
0.868500,0.4988
0.868525,0.6157
0.868550,0.7374
0.868575,0.8744
0.868600,1.0073
0.868625,1.1113
0.868650,1.2088
0.868675,1.2910
0.868700,1.3684
0.868725,1.4739
0.868750,1.5827
0.868775,1.6939
0.868800,1.7914
0.868825,1.8865
0.868850,1.9873
0.868875,2.0928
0.868900,2.2105
0.868925,2.3152
0.868950,2.4144
0.868975,2.5143
0.869000,2.6110
0.869025,2.7117
0.869050,2.8076
0.869075,2.8906
0.869100,2.9664
0.869125,3.0365
0.869150,3.0961
0.869175,3.1485
0.869200,3.1896
0.869225,3.2178
0.869250,3.2363
0.869275,3.2460
0.869300,3.2468
0.869325,3.2388
0.869350,3.2194
0.869375,3.1872
0.869400,3.1429
0.869425,3.0913
0.869450,3.0308
0.869475,2.9599
0.869500,2.8850
0.869525,2.7971
0.869550,2.7053
0.869575,2.6134
0.869600,2.5111
0.869625,2.4144
0.869650,2.3177
0.869675,2.2185
0.869700,2.1138
0.869725,2.0010
0.869750,1.8873
0.869775,1.7793
0.869800,1.6891
0.869825,1.5892
0.869850,1.4876
0.869875,1.3708
0.869900,1.2305
0.869925,1.0976
0.869950,0.9485
0.869975,0.8010
0.870000,0.6721
0.870025,0.5528
0.870050,0.4513
0.870075,0.3610
0.870100,0.2748
0.870125,0.2007
0.870150,0.1394
0.870175,0.0911
0.870200,0.0572
0.870225,0.0347
0.870250,0.0210
0.870275,0.0161
0.870300,0.0218
0.870325,0.0395
0.870350,0.0701
0.870375,0.1128
0.870400,0.1644
0.870425,0.2297
0.870450,0.3086
0.870475,0.4005
0.870500,0.5045
0.870525,0.6157
0.870550,0.7333
0.870575,0.8631
0.870600,0.9856
0.870625,1.0976
0.870650,1.2007
0.870675,1.2902
0.870700,1.3885
0.870725,1.4804
0.870750,1.5787
0.870775,1.6722
0.870800,1.7689
0.870825,1.8777
0.870850,1.9913
0.870875,2.1097
0.870900,2.2161
0.870925,2.3193
0.870950,2.4144
0.870975,2.5127
0.871000,2.6182
0.871025,2.7141
0.871050,2.8068
0.871075,2.8858
0.871100,2.9599
0.871125,3.0325
0.871150,3.0961
0.871175,3.1501
0.871200,3.1912
0.871225,3.2194
0.871250,3.2371
0.871275,3.2468
0.871300,3.2468
0.871325,3.2379
0.871350,3.2178
0.871375,3.1832
0.871400,3.1396
0.871425,3.0897
0.871450,3.0308
0.871475,2.9632
0.871500,2.8850
0.871525,2.7963
0.871550,2.7053
0.871575,2.6150
0.871600,2.5215
0.871625,2.4176
0.871650,2.3136
0.871675,2.2016
0.871700,2.0968
0.871725,1.9961
0.871750,1.8946
0.871775,1.8019
0.871800,1.6947
0.871825,1.5932
0.871850,1.4876
0.871875,1.3595
0.871900,1.2273
0.871925,1.0944
0.871950,0.9477
0.871975,0.8107
0.872000,0.6834
0.872025,0.5593
0.872050,0.4513
0.872075,0.3562
0.872100,0.2732
0.872125,0.2007
0.872150,0.1402
0.872175,0.0927
0.872200,0.0572
0.872225,0.0338
0.872250,0.0210
0.872275,0.0161
0.872300,0.0226
0.872325,0.0395
0.872350,0.0693
0.872375,0.1112
0.872400,0.1652
0.872425,0.2305
0.872450,0.3078
0.872475,0.3989
0.872500,0.4980
0.872525,0.6149
0.872550,0.7382
0.872575,0.8671
0.872600,1.0001
0.872625,1.1121
0.872650,1.2177
0.872675,1.3168
0.872700,1.3949
0.872725,1.4852
0.872750,1.5779
0.872775,1.6714
0.872800,1.7850
0.872825,1.8833
0.872850,1.9889
0.872875,2.0936
0.872900,2.1984
0.872925,2.3120
0.872950,2.4160
0.872975,2.5240
0.873000,2.6231
0.873025,2.7166
0.873050,2.8076
0.873075,2.8850
0.873100,2.9632
0.873125,3.0357
0.873150,3.0969
0.873175,3.1493
0.873200,3.1888
0.873225,3.2178
0.873250,3.2363
0.873275,3.2452
0.873300,3.2452
0.873325,3.2379
0.873350,3.2170
0.873375,3.1848
0.873400,3.1437
0.873425,3.0897
0.873450,3.0300
0.873475,2.9591
0.873500,2.8793
0.873525,2.7963
0.873550,2.7093
0.873575,2.6255
0.873600,2.5223
0.873625,2.4184
0.873650,2.3128
0.873675,2.2024
0.873700,2.1105
0.873725,1.9993
0.873750,1.8873
0.873775,1.7777
0.873800,1.6722
0.873825,1.5851
0.873850,1.4836
0.873875,1.3643
0.873900,1.2338
0.873925,1.0927
0.873950,0.9493
0.873975,0.8123
0.874000,0.6761
0.874025,0.5552
0.874050,0.4505
0.874075,0.3594
0.874100,0.2772
0.874125,0.2023
0.874150,0.1402
0.874175,0.0919
0.874200,0.0572
0.874225,0.0338
0.874250,0.0210
0.874275,0.0169
0.874300,0.0218
0.874325,0.0395
0.874350,0.0701
0.874375,0.1128
0.874400,0.1660
0.874425,0.2289
0.874450,0.3054
0.874475,0.3925
0.874500,0.4972
0.874525,0.6157
0.874550,0.7374
0.874575,0.8736
0.874600,1.0081
0.874625,1.1113
0.874650,1.2080
0.874675,1.2902
0.874700,1.3684
0.874725,1.4739
0.874750,1.5827
0.874775,1.6947
0.874800,1.7906
0.874825,1.8865
0.874850,1.9873
0.874875,2.0920
0.874900,2.2105
0.874925,2.3160
0.874950,2.4152
0.874975,2.5135
0.875000,0.5327
0.875025,0.6076
0.875050,0.7527
0.875075,0.8856
0.875100,1.0017
0.875125,1.1193
0.875150,1.2273
0.875175,1.3071
0.875200,1.3861
0.875225,1.4747
0.875250,1.5674
0.875275,1.6770
0.875300,1.7898
0.875325,1.8865
0.875350,1.9881
0.875375,2.0944
0.875400,2.1992
0.875425,2.3112
0.875450,2.4160
0.875475,2.5232
0.875500,2.6223
0.875525,2.7158
0.875550,2.8060
0.875575,2.8850
0.875600,2.9623
0.875625,3.0333
0.875650,3.0945
0.875675,3.1477
0.875700,3.1880
0.875725,3.2178
0.875750,3.2371
0.875775,3.2468
0.875800,3.2468
0.875825,3.2379
0.875850,3.2170
0.875875,3.1840
0.875900,3.1429
0.875925,3.0905
0.875950,3.0300
0.875975,2.9583
0.876000,2.8785
0.876025,2.7955
0.876050,2.7093
0.876075,2.6247
0.876100,2.5223
0.876125,2.4184
0.876150,2.3128
0.876175,2.2032
0.876200,2.1105
0.876225,1.9993
0.876250,1.8873
0.876275,1.7777
0.876300,1.6714
0.876325,1.5843
0.876350,1.4836
0.876375,1.3643
0.876400,1.2346
0.876425,1.0936
0.876450,0.9485
0.876475,0.8123
0.876500,0.6761
0.876525,0.5544
0.876550,0.4505
0.876575,0.3594
0.876600,0.2772
0.876625,0.2023
0.876650,0.1410
0.876675,0.0919
0.876700,0.0572
0.876725,0.0338
0.876750,0.0193
0.876775,0.0153
0.876800,0.0210
0.876825,0.0379
0.876850,0.0701
0.876875,0.1136
0.876900,0.1668
0.876925,0.2305
0.876950,0.3062
0.876975,0.3925
0.877000,0.4988
0.877025,0.6149
0.877050,0.7382
0.877075,0.8744
0.877100,1.0081
0.877125,1.1121
0.877150,1.2088
0.877175,1.2902
0.877200,1.3684
0.877225,1.4739
0.877250,1.5827
0.877275,1.6939
0.877300,1.7914
0.877325,1.8865
0.877350,1.9881
0.877375,2.0928
0.877400,2.2105
0.877425,2.3160
0.877450,2.4144
0.877475,2.5143
0.877500,2.6110
0.877525,2.7109
0.877550,2.8060
0.877575,2.8898
0.877600,2.9640
0.877625,3.0349
0.877650,3.0969
0.877675,3.1477
0.877700,3.1896
0.877725,3.2186
0.877750,3.2363
0.877775,3.2452
0.877800,3.2452
0.877825,3.2379
0.877850,3.2178
0.877875,3.1864
0.877900,3.1437
0.877925,3.0905
0.877950,3.0300
0.877975,2.9591
0.878000,2.8842
0.878025,2.7971
0.878050,2.7053
0.878075,2.6142
0.878100,2.5127
0.878125,2.4152
0.878150,2.3185
0.878175,2.2193
0.878200,2.1130
0.878225,2.0010
0.878250,1.8881
0.878275,1.7785
0.878300,1.6891
0.878325,1.5892
0.878350,1.4876
0.878375,1.3724
0.878400,1.2314
0.878425,1.0976
0.878450,0.9493
0.878475,0.8002
0.878500,0.6721
0.878525,0.5528
0.878550,0.4505
0.878575,0.3610
0.878600,0.2748
0.878625,0.2015
0.878650,0.1402
0.878675,0.0927
0.878700,0.0588
0.878725,0.0347
0.878750,0.0210
0.878775,0.0169
0.878800,0.0226
0.878825,0.0395
0.878850,0.0709
0.878875,0.1128
0.878900,0.1644
0.878925,0.2297
0.878950,0.3086
0.878975,0.4005
0.879000,0.5053
0.879025,0.6173
0.879050,0.7333
0.879075,0.8639
0.879100,0.9864
0.879125,1.0960
0.879150,1.2007
0.879175,1.2902
0.879200,1.3877
0.879225,1.4812
0.879250,1.5779
0.879275,1.6722
0.879300,1.7689
0.879325,1.8777
0.879350,1.9905
0.879375,2.1089
0.879400,2.2153
0.879425,2.3177
0.879450,2.4136
0.879475,2.5127
0.879500,2.6182
0.879525,2.7149
0.879550,2.8068
0.879575,2.8866
0.879600,2.9607
0.879625,3.0341
0.879650,3.0969
0.879675,3.1509
0.879700,3.1912
0.879725,3.2186
0.879750,3.2379
0.879775,3.2468
0.879800,3.2468
0.879825,3.2388
0.879850,3.2178
0.879875,3.1840
0.879900,3.1412
0.879925,3.0905
0.879950,3.0325
0.879975,2.9648
0.880000,2.8850
0.880025,2.7971
0.880050,2.7045
0.880075,2.6142
0.880100,2.5215
0.880125,2.4176
0.880150,2.3128
0.880175,2.2024
0.880200,2.0977
0.880225,1.9961
0.880250,1.8962
0.880275,1.8027
0.880300,1.6939
0.880325,1.5932
0.880350,1.4868
0.880375,1.3587
0.880400,1.2265
0.880425,1.0936
0.880450,0.9477
0.880475,0.8099
0.880500,0.6842
0.880525,0.5577
0.880550,0.4505
0.880575,0.3562
0.880600,0.2724
0.880625,0.1999
0.880650,0.1402
0.880675,0.0919
0.880700,0.0564
0.880725,0.0338
0.880750,0.0201
0.880775,0.0153
0.880800,0.0218
0.880825,0.0387
0.880850,0.0685
0.880875,0.1112
0.880900,0.1644
0.880925,0.2289
0.880950,0.3078
0.880975,0.3989
0.881000,0.4980
0.881025,0.6165
0.881050,0.7406
0.881075,0.8679
0.881100,1.0009
0.881125,1.1137
0.881150,1.2177
0.881175,1.3176
0.881200,1.3958
0.881225,1.4844
0.881250,1.5787
0.881275,1.6722
0.881300,1.7842
0.881325,1.8841
0.881350,1.9889
0.881375,2.0936
0.881400,2.1992
0.881425,2.3120
0.881450,2.4160
0.881475,2.5232
0.881500,2.6223
0.881525,2.7166
0.881550,2.8068
0.881575,2.8858
0.881600,2.9632
0.881625,3.0357
0.881650,3.0977
0.881675,3.1493
0.881700,3.1896
0.881725,3.2186
0.881750,3.2363
0.881775,3.2460
0.881800,3.2468
0.881825,3.2379
0.881850,3.2178
0.881875,3.1856
0.881900,3.1429
0.881925,3.0897
0.881950,3.0292
0.881975,2.9575
0.882000,2.8785
0.882025,2.7963
0.882050,2.7101
0.882075,2.6247
0.882100,2.5223
0.882125,2.4176
0.882150,2.3120
0.882175,2.2024
0.882200,2.1114
0.882225,1.9993
0.882250,1.8881
0.882275,1.7793
0.882300,1.6722
0.882325,1.5851
0.882350,1.4836
0.882375,1.3643
0.882400,1.2338
0.882425,1.0927
0.882450,0.9485
0.882475,0.8123
0.882500,0.6769
0.882525,0.5552
0.882550,0.4505
0.882575,0.3594
0.882600,0.2772
0.882625,0.2031
0.882650,0.1410
0.882675,0.0919
0.882700,0.0564
0.882725,0.0330
0.882750,0.0201
0.882775,0.0161
0.882800,0.0218
0.882825,0.0395
0.882850,0.0709
0.882875,0.1136
0.882900,0.1668
0.882925,0.2297
0.882950,0.3046
0.882975,0.3925
0.883000,0.4980
0.883025,0.6149
0.883050,0.7390
0.883075,0.8744
0.883100,1.0081
0.883125,1.1129
0.883150,1.2088
0.883175,1.2902
0.883200,1.3692
0.883225,1.4739
0.883250,1.5827
0.883275,1.6947
0.883300,1.7914
0.883325,1.8873
0.883350,1.9889
0.883375,2.0920
0.883400,2.2105
0.883425,2.3160
0.883450,2.4136
0.883475,2.5135
0.883500,2.6102
0.883525,2.7109
0.883550,2.8076
0.883575,2.8906
0.883600,2.9648
0.883625,3.0365
0.883650,3.0961
0.883675,3.1477
0.883700,3.1904
0.883725,3.2194
0.883750,3.2371
0.883775,3.2468
0.883800,3.2476
0.883825,3.2379
0.883850,3.2186
0.883875,3.1872
0.883900,3.1429
0.883925,3.0913
0.883950,3.0308
0.883975,2.9599
0.884000,2.8850
0.884025,2.7971
0.884050,2.7053
0.884075,2.6134
0.884100,2.5119
0.884125,2.4152
0.884150,2.3177
0.884175,2.2193
0.884200,2.1138
0.884225,2.0001
0.884250,1.8881
0.884275,1.7801
0.884300,1.6899
0.884325,1.5900
0.884350,1.4876
0.884375,1.3716
0.884400,1.2314
0.884425,1.0968
0.884450,0.9485
0.884475,0.8010
0.884500,0.6721
0.884525,0.5528
0.884550,0.4505
0.884575,0.3602
0.884600,0.2748
0.884625,0.2015
0.884650,0.1402
0.884675,0.0919
0.884700,0.0580
0.884725,0.0338
0.884750,0.0201
0.884775,0.0169
0.884800,0.0218
0.884825,0.0379
0.884850,0.0693
0.884875,0.1112
0.884900,0.1628
0.884925,0.2297
0.884950,0.3086
0.884975,0.4013
0.885000,0.5053
0.885025,0.6165
0.885050,0.7325
0.885075,0.8631
0.885100,0.9856
0.885125,1.0968
0.885150,1.2007
0.885175,1.2894
0.885200,1.3877
0.885225,1.4804
0.885250,1.5771
0.885275,1.6730
0.885300,1.7681
0.885325,1.8760
0.885350,1.9905
0.885375,2.1089
0.885400,2.2153
0.885425,2.3193
0.885450,2.4152
0.885475,2.5127
0.885500,2.6182
0.885525,2.7141
0.885550,2.8060
0.885575,2.8858
0.885600,2.9591
0.885625,3.0325
0.885650,3.0961
0.885675,3.1501
0.885700,3.1904
0.885725,3.2194
0.885750,3.2379
0.885775,3.2460
0.885800,3.2484
0.885825,3.2396
0.885850,3.2178
0.885875,3.1840
0.885900,3.1412
0.885925,3.0897
0.885950,3.0325
0.885975,2.9648
0.886000,2.8850
0.886025,2.7971
0.886050,2.7061
0.886075,2.6150
0.886100,2.5207
0.886125,2.4176
0.886150,2.3128
0.886175,2.2016
0.886200,2.0968
0.886225,1.9953
0.886250,1.8946
0.886275,1.8019
0.886300,1.6939
0.886325,1.5924
0.886350,1.4860
0.886375,1.3587
0.886400,1.2265
0.886425,1.0944
0.886450,0.9477
0.886475,0.8099
0.886500,0.6834
0.886525,0.5577
0.886550,0.4505
0.886575,0.3562
0.886600,0.2724
0.886625,0.2007
0.886650,0.1394
0.886675,0.0919
0.886700,0.0572
0.886725,0.0338
0.886750,0.0210
0.886775,0.0161
0.886800,0.0218
0.886825,0.0395
0.886850,0.0701
0.886875,0.1112
0.886900,0.1652
0.886925,0.2297
0.886950,0.3078
0.886975,0.3989
0.887000,0.4980
0.887025,0.6149
0.887050,0.7382
0.887075,0.8679
0.887100,1.0001
0.887125,1.1129
0.887150,1.2177
0.887175,1.3168
0.887200,1.3958
0.887225,1.4852
0.887250,1.5779
0.887275,1.6714
0.887300,1.7842
0.887325,1.8833
0.887350,1.9881
0.887375,2.0944
0.887400,2.1992
0.887425,2.3120
0.887450,2.4160
0.887475,2.5232
0.887500,2.6215
0.887525,2.7158
0.887550,2.8068
0.887575,2.8850
0.887600,2.9632
0.887625,3.0349
0.887650,3.0969
0.887675,3.1493
0.887700,3.1888
0.887725,3.2178
0.887750,3.2371
0.887775,3.2468
0.887800,3.2476
0.887825,3.2388
0.887850,3.2178
0.887875,3.1848
0.887900,3.1429
0.887925,3.0905
0.887950,3.0300
0.887975,2.9583
0.888000,2.8793
0.888025,2.7955
0.888050,2.7093
0.888075,2.6247
0.888100,2.5223
0.888125,2.4176
0.888150,2.3128
0.888175,2.2032
0.888200,2.1105
0.888225,1.9993
0.888250,1.8889
0.888275,1.7785
0.888300,1.6722
0.888325,1.5851
0.888350,1.4828
0.888375,1.3635
0.888400,1.2338
0.888425,1.0927
0.888450,0.9485
0.888475,0.8131
0.888500,0.6769
0.888525,0.5544
0.888550,0.4497
0.888575,0.3594
0.888600,0.2772
0.888625,0.2023
0.888650,0.1410
0.888675,0.0919
0.888700,0.0564
0.888725,0.0338
0.888750,0.0210
0.888775,0.0153
0.888800,0.0218
0.888825,0.0387
0.888850,0.0693
0.888875,0.1136
0.888900,0.1660
0.888925,0.2289
0.888950,0.3046
0.888975,0.3925
0.889000,0.4980
0.889025,0.6149
0.889050,0.7382
0.889075,0.8736
0.889100,1.0073
0.889125,1.1113
0.889150,1.2080
0.889175,1.2894
0.889200,1.3675
0.889225,1.4739
0.889250,1.5819
0.889275,1.6939
0.889300,1.7914
0.889325,1.8865
0.889350,1.9864
0.889375,2.0920
0.889400,2.2097
0.889425,2.3152
0.889450,2.4152
0.889475,2.5143
0.889500,2.6118
0.889525,2.7125
0.889550,2.8076
0.889575,2.8914
0.889600,2.9656
0.889625,3.0357
0.889650,3.0961
0.889675,3.1477
0.889700,3.1896
0.889725,3.2194
0.889750,3.2379
0.889775,3.2468
0.889800,3.2468
0.889825,3.2388
0.889850,3.2186
0.889875,3.1864
0.889900,3.1437
0.889925,3.0913
0.889950,3.0300
0.889975,2.9599
0.890000,2.8842
0.890025,2.7963
0.890050,2.7061
0.890075,2.6126
0.890100,2.5119
0.890125,2.4152
0.890150,2.3177
0.890175,2.2185
0.890200,2.1138
0.890225,2.0001
0.890250,1.8873
0.890275,1.7801
0.890300,1.6883
0.890325,1.5900
0.890350,1.4884
0.890375,1.3716
0.890400,1.2314
0.890425,1.0960
0.890450,0.9477
0.890475,0.8002
0.890500,0.6713
0.890525,0.5528
0.890550,0.4497
0.890575,0.3610
0.890600,0.2756
0.890625,0.2007
0.890650,0.1402
0.890675,0.0919
0.890700,0.0580
0.890725,0.0347
0.890750,0.0210
0.890775,0.0169
0.890800,0.0218
0.890825,0.0387
0.890850,0.0701
0.890875,0.1128
0.890900,0.1644
0.890925,0.2297
0.890950,0.3086
0.890975,0.4005
0.891000,0.5045
0.891025,0.6165
0.891050,0.7317
0.891075,0.8623
0.891100,0.9856
0.891125,1.0960
0.891150,1.1999
0.891175,1.2894
0.891200,1.3877
0.891225,1.4812
0.891250,1.5779
0.891275,1.6722
0.891300,1.7689
0.891325,1.8777
0.891350,1.9913
0.891375,2.1097
0.891400,2.2161
0.891425,2.3185
0.891450,2.4152
0.891475,2.5127
0.891500,2.6182
0.891525,2.7149
0.891550,2.8068
0.891575,2.8858
0.891600,2.9599
0.891625,3.0333
0.891650,3.0961
0.891675,3.1501
0.891700,3.1904
0.891725,3.2194
0.891750,3.2371
0.891775,3.2460
0.891800,3.2476
0.891825,3.2379
0.891850,3.2170
0.891875,3.1840
0.891900,3.1404
0.891925,3.0905
0.891950,3.0333
0.891975,2.9648
0.892000,2.8858
0.892025,2.7979
0.892050,2.7053
0.892075,2.6158
0.892100,2.5215
0.892125,2.4176
0.892150,2.3128
0.892175,2.2016
0.892200,2.0968
0.892225,1.9953
0.892250,1.8954
0.892275,1.8011
0.892300,1.6931
0.892325,1.5924
0.892350,1.4852
0.892375,1.3587
0.892400,1.2265
0.892425,1.0944
0.892450,0.9485
0.892475,0.8107
0.892500,0.6842
0.892525,0.5577
0.892550,0.4513
0.892575,0.3562
0.892600,0.2724
0.892625,0.2007
0.892650,0.1402
0.892675,0.0919
0.892700,0.0564
0.892725,0.0338
0.892750,0.0201
0.892775,0.0153
0.892800,0.0218
0.892825,0.0387
0.892850,0.0693
0.892875,0.1120
0.892900,0.1652
0.892925,0.2297
0.892950,0.3070
0.892975,0.3981
0.893000,0.4972
0.893025,0.6141
0.893050,0.7390
0.893075,0.8671
0.893100,1.0001
0.893125,1.1137
0.893150,1.2177
0.893175,1.3176
0.893200,1.3958
0.893225,1.4844
0.893250,1.5779
0.893275,1.6714
0.893300,1.7842
0.893325,1.8833
0.893350,1.9881
0.893375,2.0944
0.893400,2.1992
0.893425,2.3120
0.893450,2.4168
0.893475,2.5240
0.893500,2.6215
0.893525,2.7149
0.893550,2.8052
0.893575,2.8850
0.893600,2.9632
0.893625,3.0365
0.893650,3.0977
0.893675,3.1485
0.893700,3.1888
0.893725,3.2178
0.893750,3.2363
0.893775,3.2460
0.893800,3.2468
0.893825,3.2379
0.893850,3.2162
0.893875,3.1840
0.893900,3.1437
0.893925,3.0905
0.893950,3.0300
0.893975,2.9583
0.894000,2.8793
0.894025,2.7955
0.894050,2.7093
0.894075,2.6247
0.894100,2.5223
0.894125,2.4184
0.894150,2.3120
0.894175,2.2024
0.894200,2.1097
0.894225,1.9985
0.894250,1.8881
0.894275,1.7793
0.894300,1.6722
0.894325,1.5843
0.894350,1.4836
0.894375,1.3635
0.894400,1.2338
0.894425,1.0927
0.894450,0.9477
0.894475,0.8115
0.894500,0.6761
0.894525,0.5544
0.894550,0.4497
0.894575,0.3594
0.894600,0.2764
0.894625,0.2023
0.894650,0.1402
0.894675,0.0903
0.894700,0.0564
0.894725,0.0338
0.894750,0.0193
0.894775,0.0153
0.894800,0.0210
0.894825,0.0387
0.894850,0.0701
0.894875,0.1128
0.894900,0.1660
0.894925,0.2289
0.894950,0.3046
0.894975,0.3916
0.895000,0.4980
0.895025,0.6149
0.895050,0.7382
0.895075,0.8744
0.895100,1.0081
0.895125,1.1113
0.895150,1.2080
0.895175,1.2902
0.895200,1.3684
0.895225,1.4739
0.895250,1.5827
0.895275,1.6947
0.895300,1.7914
0.895325,1.8873
0.895350,1.9889
0.895375,2.0936
0.895400,2.2113
0.895425,2.3168
0.895450,2.4152
0.895475,2.5143
0.895500,2.6118
0.895525,2.7117
0.895550,2.8076
0.895575,2.8914
0.895600,2.9656
0.895625,3.0365
0.895650,3.0969
0.895675,3.1477
0.895700,3.1896
0.895725,3.2178
0.895750,3.2371
0.895775,3.2460
0.895800,3.2468
0.895825,3.2388
0.895850,3.2186
0.895875,3.1872
0.895900,3.1437
0.895925,3.0905
0.895950,3.0308
0.895975,2.9607
0.896000,2.8850
0.896025,2.7971
0.896050,2.7061
0.896075,2.6134
0.896100,2.5127
0.896125,2.4160
0.896150,2.3185
0.896175,2.2193
0.896200,2.1138
0.896225,2.0010
0.896250,1.8881
0.896275,1.7801
0.896300,1.6899
0.896325,1.5908
0.896350,1.4876
0.896375,1.3716
0.896400,1.2314
0.896425,1.0968
0.896450,0.9477
0.896475,0.8002
0.896500,0.6721
0.896525,0.5536
0.896550,0.4513
0.896575,0.3610
0.896600,0.2748
0.896625,0.2015
0.896650,0.1402
0.896675,0.0919
0.896700,0.0580
0.896725,0.0347
0.896750,0.0218
0.896775,0.0169
0.896800,0.0218
0.896825,0.0395
0.896850,0.0701
0.896875,0.1128
0.896900,0.1644
0.896925,0.2297
0.896950,0.3086
0.896975,0.4005
0.897000,0.5045
0.897025,0.6157
0.897050,0.7325
0.897075,0.8631
0.897100,0.9856
0.897125,1.0976
0.897150,1.2007
0.897175,1.2902
0.897200,1.3885
0.897225,1.4812
0.897250,1.5787
0.897275,1.6730
0.897300,1.7689
0.897325,1.8777
0.897350,1.9905
0.897375,2.1089
0.897400,2.2161
0.897425,2.3193
0.897450,2.4144
0.897475,2.5119
0.897500,2.6182
0.897525,2.7141
0.897550,2.8068
0.897575,2.8866
0.897600,2.9599
0.897625,3.0333
0.897650,3.0961
0.897675,3.1501
0.897700,3.1912
0.897725,3.2194
0.897750,3.2371
0.897775,3.2476
0.897800,3.2476
0.897825,3.2379
0.897850,3.2170
0.897875,3.1840
0.897900,3.1412
0.897925,3.0913
0.897950,3.0341
0.897975,2.9656
0.898000,2.8858
0.898025,2.7979
0.898050,2.7061
0.898075,2.6158
0.898100,2.5215
0.898125,2.4184
0.898150,2.3128
0.898175,2.2016
0.898200,2.0968
0.898225,1.9945
0.898250,1.8938
0.898275,1.8011
0.898300,1.6931
0.898325,1.5916
0.898350,1.4860
0.898375,1.3587
0.898400,1.2265
0.898425,1.0944
0.898450,0.9477
0.898475,0.8099
0.898500,0.6842
0.898525,0.5585
0.898550,0.4513
0.898575,0.3562
0.898600,0.2732
0.898625,0.2007
0.898650,0.1402
0.898675,0.0919
0.898700,0.0564
0.898725,0.0338
0.898750,0.0201
0.898775,0.0161
0.898800,0.0210
0.898825,0.0387
0.898850,0.0693
0.898875,0.1112
0.898900,0.1652
0.898925,0.2297
0.898950,0.3078
0.898975,0.3989
0.899000,0.4980
0.899025,0.6149
0.899050,0.7390
0.899075,0.8671
0.899100,1.0001
0.899125,1.1121
0.899150,1.2168
0.899175,1.3168
0.899200,1.3966
0.899225,1.4860
0.899250,1.5787
0.899275,1.6730
0.899300,1.7842
0.899325,1.8825
0.899350,1.9881
0.899375,2.0936
0.899400,2.1992
0.899425,2.3128
0.899450,2.4168
0.899475,2.5232
0.899500,2.6215
0.899525,2.7158
0.899550,2.8060
0.899575,2.8850
0.899600,2.9632
0.899625,3.0349
0.899650,3.0953
0.899675,3.1485
0.899700,3.1888
0.899725,3.2170
0.899750,3.2363
0.899775,3.2468
0.899800,3.2460
0.899825,3.2371
0.899850,3.2178
0.899875,3.1840
0.899900,3.1429
0.899925,3.0905
0.899950,3.0300
0.899975,2.9583
0.900000,2.7681
0.900025,2.7979
0.900050,2.8213
0.900075,2.8777
0.900100,2.9615
0.900125,3.0341
0.900150,3.0977
0.900175,3.1509
0.900200,3.1904
0.900225,3.2186
0.900250,3.2363
0.900275,3.2460
0.900300,3.2468
0.900325,3.2371
0.900350,3.2170
0.900375,3.1832
0.900400,3.1412
0.900425,3.0905
0.900450,3.0325
0.900475,2.9648
0.900500,2.8842
0.900525,2.7971
0.900550,2.7061
0.900575,2.6150
0.900600,2.5215
0.900625,2.4168
0.900650,2.3120
0.900675,2.2008
0.900700,2.0968
0.900725,1.9953
0.900750,1.8954
0.900775,1.8019
0.900800,1.6947
0.900825,1.5932
0.900850,1.4860
0.900875,1.3595
0.900900,1.2273
0.900925,1.0944
0.900950,0.9485
0.900975,0.8099
0.901000,0.6834
0.901025,0.5577
0.901050,0.4505
0.901075,0.3562
0.901100,0.2732
0.901125,0.1999
0.901150,0.1394
0.901175,0.0919
0.901200,0.0572
0.901225,0.0338
0.901250,0.0201
0.901275,0.0161
0.901300,0.0218
0.901325,0.0395
0.901350,0.0701
0.901375,0.1112
0.901400,0.1652
0.901425,0.2297
0.901450,0.3070
0.901475,0.3989
0.901500,0.4980
0.901525,0.6157
0.901550,0.7390
0.901575,0.8671
0.901600,0.9993
0.901625,1.1121
0.901650,1.2168
0.901675,1.3160
0.901700,1.3958
0.901725,1.4860
0.901750,1.5787
0.901775,1.6730
0.901800,1.7858
0.901825,1.8833
0.901850,1.9881
0.901875,2.0944
0.901900,2.1984
0.901925,2.3120
0.901950,2.4168
0.901975,2.5232
0.902000,2.6215
0.902025,2.7158
0.902050,2.8060
0.902075,2.8842
0.902100,2.9623
0.902125,3.0349
0.902150,3.0969
0.902175,3.1493
0.902200,3.1896
0.902225,3.2186
0.902250,3.2371
0.902275,3.2468
0.902300,3.2476
0.902325,3.2379
0.902350,3.2170
0.902375,3.1840
0.902400,3.1412
0.902425,3.0897
0.902450,3.0292
0.902475,2.9575
0.902500,2.8793
0.902525,2.7955
0.902550,2.7093
0.902575,2.6255
0.902600,2.5232
0.902625,2.4176
0.902650,2.3128
0.902675,2.2032
0.902700,2.1105
0.902725,1.9993
0.902750,1.8881
0.902775,1.7785
0.902800,1.6722
0.902825,1.5851
0.902850,1.4836
0.902875,1.3635
0.902900,1.2330
0.902925,1.0927
0.902950,0.9485
0.902975,0.8123
0.903000,0.6769
0.903025,0.5552
0.903050,0.4497
0.903075,0.3594
0.903100,0.2772
0.903125,0.2023
0.903150,0.1402
0.903175,0.0911
0.903200,0.0572
0.903225,0.0338
0.903250,0.0210
0.903275,0.0169
0.903300,0.0218
0.903325,0.0395
0.903350,0.0701
0.903375,0.1136
0.903400,0.1668
0.903425,0.2289
0.903450,0.3046
0.903475,0.3925
0.903500,0.4980
0.903525,0.6149
0.903550,0.7382
0.903575,0.8736
0.903600,1.0073
0.903625,1.1113
0.903650,1.2088
0.903675,1.2902
0.903700,1.3675
0.903725,1.4731
0.903750,1.5819
0.903775,1.6939
0.903800,1.7914
0.903825,1.8865
0.903850,1.9881
0.903875,2.0928
0.903900,2.2105
0.903925,2.3168
0.903950,2.4152
0.903975,2.5143
0.904000,2.6110
0.904025,2.7109
0.904050,2.8068
0.904075,2.8906
0.904100,2.9656
0.904125,3.0365
0.904150,3.0961
0.904175,3.1469
0.904200,3.1896
0.904225,3.2178
0.904250,3.2363
0.904275,3.2468
0.904300,3.2468
0.904325,3.2388
0.904350,3.2194
0.904375,3.1872
0.904400,3.1437
0.904425,3.0913
0.904450,3.0308
0.904475,2.9599
0.904500,2.8842
0.904525,2.7963
0.904550,2.7053
0.904575,2.6126
0.904600,2.5119
0.904625,2.4152
0.904650,2.3177
0.904675,2.2185
0.904700,2.1138
0.904725,2.0010
0.904750,1.8881
0.904775,1.7810
0.904800,1.6899
0.904825,1.5900
0.904850,1.4876
0.904875,1.3716
0.904900,1.2305
0.904925,1.0960
0.904950,0.9477
0.904975,0.8002
0.905000,0.6721
0.905025,0.5528
0.905050,0.4505
0.905075,0.3602
0.905100,0.2740
0.905125,0.2007
0.905150,0.1394
0.905175,0.0919
0.905200,0.0580
0.905225,0.0347
0.905250,0.0210
0.905275,0.0161
0.905300,0.0218
0.905325,0.0387
0.905350,0.0701
0.905375,0.1128
0.905400,0.1644
0.905425,0.2297
0.905450,0.3078
0.905475,0.4005
0.905500,0.5045
0.905525,0.6157
0.905550,0.7325
0.905575,0.8631
0.905600,0.9864
0.905625,1.0968
0.905650,1.1999
0.905675,1.2894
0.905700,1.3885
0.905725,1.4812
0.905750,1.5779
0.905775,1.6730
0.905800,1.7689
0.905825,1.8777
0.905850,1.9913
0.905875,2.1089
0.905900,2.2153
0.905925,2.3185
0.905950,2.4152
0.905975,2.5127
0.906000,2.6182
0.906025,2.7141
0.906050,2.8068
0.906075,2.8858
0.906100,2.9591
0.906125,3.0341
0.906150,3.0961
0.906175,3.1501
0.906200,3.1904
0.906225,3.2178
0.906250,3.2355
0.906275,3.2452
0.906300,3.2468
0.906325,3.2379
0.906350,3.2170
0.906375,3.1832
0.906400,3.1404
0.906425,3.0897
0.906450,3.0316
0.906475,2.9640
0.906500,2.8842
0.906525,2.7963
0.906550,2.7053
0.906575,2.6150
0.906600,2.5207
0.906625,2.4176
0.906650,2.3120
0.906675,2.2016
0.906700,2.0977
0.906725,1.9953
0.906750,1.8954
0.906775,1.8019
0.906800,1.6939
0.906825,1.5924
0.906850,1.4860
0.906875,1.3595
0.906900,1.2265
0.906925,1.0936
0.906950,0.9477
0.906975,0.8091
0.907000,0.6826
0.907025,0.5577
0.907050,0.4505
0.907075,0.3562
0.907100,0.2724
0.907125,0.2007
0.907150,0.1394
0.907175,0.0919
0.907200,0.0572
0.907225,0.0338
0.907250,0.0201
0.907275,0.0161
0.907300,0.0210
0.907325,0.0379
0.907350,0.0677
0.907375,0.1104
0.907400,0.1652
0.907425,0.2297
0.907450,0.3078
0.907475,0.3989
0.907500,0.4980
0.907525,0.6149
0.907550,0.7390
0.907575,0.8687
0.907600,1.0001
0.907625,1.1137
0.907650,1.2185
0.907675,1.3168
0.907700,1.3966
0.907725,1.4860
0.907750,1.5779
0.907775,1.6722
0.907800,1.7850
0.907825,1.8833
0.907850,1.9889
0.907875,2.0952
0.907900,2.1992
0.907925,2.3120
0.907950,2.4160
0.907975,2.5232
0.908000,2.6223
0.908025,2.7166
0.908050,2.8068
0.908075,2.8850
0.908100,2.9632
0.908125,3.0357
0.908150,3.0969
0.908175,3.1493
0.908200,3.1896
0.908225,3.2186
0.908250,3.2371
0.908275,3.2476
0.908300,3.2476
0.908325,3.2388
0.908350,3.2178
0.908375,3.1848
0.908400,3.1437
0.908425,3.0913
0.908450,3.0300
0.908475,2.9583
0.908500,2.8793
0.908525,2.7955
0.908550,2.7093
0.908575,2.6247
0.908600,2.5223
0.908625,2.4176
0.908650,2.3128
0.908675,2.2040
0.908700,2.1114
0.908725,1.9993
0.908750,1.8881
0.908775,1.7785
0.908800,1.6722
0.908825,1.5851
0.908850,1.4836
0.908875,1.3635
0.908900,1.2338
0.908925,1.0927
0.908950,0.9493
0.908975,0.8131
0.909000,0.6761
0.909025,0.5552
0.909050,0.4513
0.909075,0.3602
0.909100,0.2772
0.909125,0.2031
0.909150,0.1402
0.909175,0.0911
0.909200,0.0564
0.909225,0.0338
0.909250,0.0201
0.909275,0.0161
0.909300,0.0218
0.909325,0.0387
0.909350,0.0701
0.909375,0.1136
0.909400,0.1668
0.909425,0.2297
0.909450,0.3054
0.909475,0.3925
0.909500,0.4980
0.909525,0.6149
0.909550,0.7374
0.909575,0.8736
0.909600,1.0081
0.909625,1.1113
0.909650,1.2088
0.909675,1.2918
0.909700,1.3700
0.909725,1.4747
0.909750,1.5835
0.909775,1.6947
0.909800,1.7906
0.909825,1.8865
0.909850,1.9881
0.909875,2.0920
0.909900,2.2105
0.909925,2.3168
0.909950,2.4152
0.909975,2.5143
0.910000,2.6126
0.910025,2.7125
0.910050,2.8068
0.910075,2.8922
0.910100,2.9656
0.910125,3.0357
0.910150,3.0961
0.910175,3.1477
0.910200,3.1896
0.910225,3.2186
0.910250,3.2371
0.910275,3.2468
0.910300,3.2468
0.910325,3.2388
0.910350,3.2186
0.910375,3.1864
0.910400,3.1429
0.910425,3.0905
0.910450,3.0300
0.910475,2.9591
0.910500,2.8842
0.910525,2.7971
0.910550,2.7061
0.910575,2.6134
0.910600,2.5119
0.910625,2.4152
0.910650,2.3177
0.910675,2.2185
0.910700,2.1130
0.910725,2.0010
0.910750,1.8881
0.910775,1.7801
0.910800,1.6891
0.910825,1.5900
0.910850,1.4876
0.910875,1.3708
0.910900,1.2314
0.910925,1.0968
0.910950,0.9477
0.910975,0.8010
0.911000,0.6721
0.911025,0.5528
0.911050,0.4505
0.911075,0.3602
0.911100,0.2740
0.911125,0.2007
0.911150,0.1402
0.911175,0.0911
0.911200,0.0572
0.911225,0.0338
0.911250,0.0201
0.911275,0.0161
0.911300,0.0218
0.911325,0.0387
0.911350,0.0701
0.911375,0.1128
0.911400,0.1652
0.911425,0.2305
0.911450,0.3086
0.911475,0.4005
0.911500,0.5045
0.911525,0.6165
0.911550,0.7325
0.911575,0.8623
0.911600,0.9848
0.911625,1.0968
0.911650,1.2007
0.911675,1.2902
0.911700,1.3885
0.911725,1.4812
0.911750,1.5779
0.911775,1.6730
0.911800,1.7689
0.911825,1.8777
0.911850,1.9905
0.911875,2.1089
0.911900,2.2153
0.911925,2.3177
0.911950,2.4144
0.911975,2.5127
0.912000,2.6182
0.912025,2.7149
0.912050,2.8076
0.912075,2.8866
0.912100,2.9607
0.912125,3.0341
0.912150,3.0961
0.912175,3.1501
0.912200,3.1904
0.912225,3.2186
0.912250,3.2363
0.912275,3.2460
0.912300,3.2468
0.912325,3.2379
0.912350,3.2178
0.912375,3.1840
0.912400,3.1404
0.912425,3.0905
0.912450,3.0325
0.912475,2.9648
0.912500,2.8850
0.912525,2.7971
0.912550,2.7053
0.912575,2.6142
0.912600,2.5215
0.912625,2.4176
0.912650,2.3112
0.912675,2.2008
0.912700,2.0960
0.912725,1.9953
0.912750,1.8946
0.912775,1.8019
0.912800,1.6939
0.912825,1.5924
0.912850,1.4868
0.912875,1.3595
0.912900,1.2265
0.912925,1.0944
0.912950,0.9485
0.912975,0.8099
0.913000,0.6842
0.913025,0.5585
0.913050,0.4505
0.913075,0.3570
0.913100,0.2732
0.913125,0.2007
0.913150,0.1402
0.913175,0.0927
0.913200,0.0572
0.913225,0.0338
0.913250,0.0201
0.913275,0.0161
0.913300,0.0218
0.913325,0.0387
0.913350,0.0693
0.913375,0.1112
0.913400,0.1652
0.913425,0.2297
0.913450,0.3078
0.913475,0.3989
0.913500,0.4980
0.913525,0.6157
0.913550,0.7390
0.913575,0.8679
0.913600,1.0009
0.913625,1.1129
0.913650,1.2177
0.913675,1.3176
0.913700,1.3966
0.913725,1.4852
0.913750,1.5779
0.913775,1.6714
0.913800,1.7842
0.913825,1.8833
0.913850,1.9881
0.913875,2.0944
0.913900,2.1984
0.913925,2.3112
0.913950,2.4160
0.913975,2.5232
0.914000,2.6223
0.914025,2.7166
0.914050,2.8068
0.914075,2.8858
0.914100,2.9632
0.914125,3.0357
0.914150,3.0961
0.914175,3.1485
0.914200,3.1888
0.914225,3.2170
0.914250,3.2363
0.914275,3.2468
0.914300,3.2460
0.914325,3.2379
0.914350,3.2178
0.914375,3.1840
0.914400,3.1429
0.914425,3.0905
0.914450,3.0292
0.914475,2.9583
0.914500,2.8793
0.914525,2.7955
0.914550,2.7101
0.914575,2.6247
0.914600,2.5215
0.914625,2.4176
0.914650,2.3120
0.914675,2.2024
0.914700,2.1097
0.914725,1.9985
0.914750,1.8865
0.914775,1.7777
0.914800,1.6722
0.914825,1.5851
0.914850,1.4844
0.914875,1.3643
0.914900,1.2338
0.914925,1.0936
0.914950,0.9493
0.914975,0.8131
0.915000,0.6769
0.915025,0.5552
0.915050,0.4505
0.915075,0.3594
0.915100,0.2772
0.915125,0.2031
0.915150,0.1402
0.915175,0.0911
0.915200,0.0572
0.915225,0.0338
0.915250,0.0201
0.915275,0.0161
0.915300,0.0218
0.915325,0.0387
0.915350,0.0709
0.915375,0.1144
0.915400,0.1668
0.915425,0.2297
0.915450,0.3054
0.915475,0.3925
0.915500,0.4980
0.915525,0.6149
0.915550,0.7374
0.915575,0.8736
0.915600,1.0073
0.915625,1.1113
0.915650,1.2080
0.915675,1.2894
0.915700,1.3684
0.915725,1.4739
0.915750,1.5827
0.915775,1.6947
0.915800,1.7914
0.915825,1.8865
0.915850,1.9881
0.915875,2.0920
0.915900,2.2097
0.915925,2.3160
0.915950,2.4152
0.915975,2.5143
0.916000,2.6102
0.916025,2.7101
0.916050,2.8060
0.916075,2.8898
0.916100,2.9656
0.916125,3.0365
0.916150,3.0969
0.916175,3.1485
0.916200,3.1904
0.916225,3.2186
0.916250,3.2379
0.916275,3.2468
0.916300,3.2460
0.916325,3.2379
0.916350,3.2178
0.916375,3.1856
0.916400,3.1421
0.916425,3.0905
0.916450,3.0300
0.916475,2.9591
0.916500,2.8842
0.916525,2.7971
0.916550,2.7061
0.916575,2.6134
0.916600,2.5119
0.916625,2.4144
0.916650,2.3168
0.916675,2.2185
0.916700,2.1130
0.916725,2.0010
0.916750,1.8881
0.916775,1.7801
0.916800,1.6899
0.916825,1.5908
0.916850,1.4884
0.916875,1.3724
0.916900,1.2330
0.916925,1.0968
0.916950,0.9485
0.916975,0.8002
0.917000,0.6713
0.917025,0.5536
0.917050,0.4513
0.917075,0.3610
0.917100,0.2756
0.917125,0.2023
0.917150,0.1402
0.917175,0.0919
0.917200,0.0580
0.917225,0.0347
0.917250,0.0210
0.917275,0.0161
0.917300,0.0218
0.917325,0.0387
0.917350,0.0693
0.917375,0.1120
0.917400,0.1636
0.917425,0.2289
0.917450,0.3078
0.917475,0.4005
0.917500,0.5045
0.917525,0.6157
0.917550,0.7325
0.917575,0.8623
0.917600,0.9856
0.917625,1.0968
0.917650,1.2007
0.917675,1.2902
0.917700,1.3885
0.917725,1.4812
0.917750,1.5779
0.917775,1.6738
0.917800,1.7689
0.917825,1.8777
0.917850,1.9913
0.917875,2.1097
0.917900,2.2169
0.917925,2.3193
0.917950,2.4152
0.917975,2.5127
0.918000,2.6182
0.918025,2.7141
0.918050,2.8060
0.918075,2.8858
0.918100,2.9583
0.918125,3.0325
0.918150,3.0961
0.918175,3.1501
0.918200,3.1904
0.918225,3.2186
0.918250,3.2363
0.918275,3.2444
0.918300,3.2460
0.918325,3.2379
0.918350,3.2170
0.918375,3.1848
0.918400,3.1412
0.918425,3.0897
0.918450,3.0325
0.918475,2.9648
0.918500,2.8850
0.918525,2.7979
0.918550,2.7061
0.918575,2.6142
0.918600,2.5207
0.918625,2.4168
0.918650,2.3112
0.918675,2.2016
0.918700,2.0977
0.918725,1.9961
0.918750,1.8954
0.918775,1.8019
0.918800,1.6939
0.918825,1.5924
0.918850,1.4868
0.918875,1.3587
0.918900,1.2265
0.918925,1.0944
0.918950,0.9485
0.918975,0.8099
0.919000,0.6842
0.919025,0.5585
0.919050,0.4505
0.919075,0.3570
0.919100,0.2732
0.919125,0.1999
0.919150,0.1402
0.919175,0.0927
0.919200,0.0572
0.919225,0.0347
0.919250,0.0210
0.919275,0.0161
0.919300,0.0218
0.919325,0.0395
0.919350,0.0693
0.919375,0.1120
0.919400,0.1652
0.919425,0.2297
0.919450,0.3086
0.919475,0.3989
0.919500,0.4972
0.919525,0.6149
0.919550,0.7390
0.919575,0.8671
0.919600,1.0001
0.919625,1.1129
0.919650,1.2168
0.919675,1.3160
0.919700,1.3958
0.919725,1.4844
0.919750,1.5771
0.919775,1.6722
0.919800,1.7850
0.919825,1.8833
0.919850,1.9889
0.919875,2.0936
0.919900,2.1984
0.919925,2.3120
0.919950,2.4160
0.919975,2.5240
0.920000,2.6231
0.920025,2.7166
0.920050,2.8068
0.920075,2.8858
0.920100,2.9623
0.920125,3.0341
0.920150,3.0961
0.920175,3.1485
0.920200,3.1888
0.920225,3.2186
0.920250,3.2363
0.920275,3.2468
0.920300,3.2476
0.920325,3.2379
0.920350,3.2186
0.920375,3.1848
0.920400,3.1429
0.920425,3.0913
0.920450,3.0308
0.920475,2.9591
0.920500,2.8793
0.920525,2.7955
0.920550,2.7093
0.920575,2.6239
0.920600,2.5223
0.920625,2.4184
0.920650,2.3120
0.920675,2.2032
0.920700,2.1105
0.920725,1.9985
0.920750,1.8865
0.920775,1.7777
0.920800,1.6722
0.920825,1.5851
0.920850,1.4844
0.920875,1.3643
0.920900,1.2330
0.920925,1.0927
0.920950,0.9485
0.920975,0.8123
0.921000,0.6769
0.921025,0.5552
0.921050,0.4505
0.921075,0.3594
0.921100,0.2772
0.921125,0.2023
0.921150,0.1402
0.921175,0.0911
0.921200,0.0572
0.921225,0.0338
0.921250,0.0201
0.921275,0.0161
0.921300,0.0218
0.921325,0.0387
0.921350,0.0701
0.921375,0.1128
0.921400,0.1660
0.921425,0.2297
0.921450,0.3054
0.921475,0.3925
0.921500,0.4980
0.921525,0.6149
0.921550,0.7382
0.921575,0.8744
0.921600,1.0081
0.921625,1.1121
0.921650,1.2088
0.921675,1.2910
0.921700,1.3684
0.921725,1.4731
0.921750,1.5819
0.921775,1.6939
0.921800,1.7922
0.921825,1.8873
0.921850,1.9881
0.921875,2.0928
0.921900,2.2105
0.921925,2.3160
0.921950,2.4144
0.921975,2.5151
0.922000,2.6118
0.922025,2.7109
0.922050,2.8068
0.922075,2.8906
0.922100,2.9656
0.922125,3.0357
0.922150,3.0961
0.922175,3.1477
0.922200,3.1888
0.922225,3.2186
0.922250,3.2371
0.922275,3.2452
0.922300,3.2460
0.922325,3.2379
0.922350,3.2178
0.922375,3.1856
0.922400,3.1429
0.922425,3.0905
0.922450,3.0300
0.922475,2.9599
0.922500,2.8850
0.922525,2.7971
0.922550,2.7061
0.922575,2.6142
0.922600,2.5119
0.922625,2.4152
0.922650,2.3185
0.922675,2.2193
0.922700,2.1138
0.922725,2.0010
0.922750,1.8881
0.922775,1.7793
0.922800,1.6883
0.922825,1.5900
0.922850,1.4876
0.922875,1.3716
0.922900,1.2314
0.922925,1.0968
0.922950,0.9485
0.922975,0.8010
0.923000,0.6721
0.923025,0.5528
0.923050,0.4505
0.923075,0.3610
0.923100,0.2748
0.923125,0.2015
0.923150,0.1402
0.923175,0.0911
0.923200,0.0572
0.923225,0.0338
0.923250,0.0201
0.923275,0.0161
0.923300,0.0218
0.923325,0.0395
0.923350,0.0701
0.923375,0.1136
0.923400,0.1652
0.923425,0.2305
0.923450,0.3086
0.923475,0.4013
0.923500,0.5045
0.923525,0.6157
0.923550,0.7325
0.923575,0.8631
0.923600,0.9856
0.923625,1.0960
0.923650,1.1999
0.923675,1.2886
0.923700,1.3877
0.923725,1.4812
0.923750,1.5787
0.923775,1.6730
0.923800,1.7689
0.923825,1.8777
0.923850,1.9913
0.923875,2.1089
0.923900,2.2153
0.923925,2.3185
0.923950,2.4144
0.923975,2.5127
0.924000,2.6182
0.924025,2.7133
0.924050,2.8068
0.924075,2.8866
0.924100,2.9599
0.924125,3.0349
0.924150,3.0969
0.924175,3.1501
0.924200,3.1912
0.924225,3.2186
0.924250,3.2371
0.924275,3.2468
0.924300,3.2468
0.924325,3.2379
0.924350,3.2178
0.924375,3.1840
0.924400,3.1412
0.924425,3.0905
0.924450,3.0325
0.924475,2.9648
0.924500,2.8842
0.924525,2.7971
0.924550,2.7061
0.924575,2.6150
0.924600,2.5207
0.924625,2.4168
0.924650,2.3112
0.924675,2.2008
0.924700,2.0968
0.924725,1.9953
0.924750,1.8946
0.924775,1.8011
0.924800,1.6939
0.924825,1.5932
0.924850,1.4868
0.924875,1.3595
0.924900,1.2273
0.924925,1.0944
0.924950,0.9485
0.924975,0.8099
0.925000,2.8181
0.925025,2.7641
0.925050,2.6900
0.925075,2.6045
0.925100,2.5143
0.925125,2.4192
0.925150,2.3233
0.925175,2.2113
0.925200,2.1065
0.925225,1.9937
0.925250,1.8825
0.925275,1.7858
0.925300,1.6947
0.925325,1.5932
0.925350,1.4868
0.925375,1.3708
0.925400,1.2314
0.925425,1.0960
0.925450,0.9485
0.925475,0.8002
0.925500,0.6713
0.925525,0.5528
0.925550,0.4497
0.925575,0.3610
0.925600,0.2748
0.925625,0.2007
0.925650,0.1402
0.925675,0.0919
0.925700,0.0572
0.925725,0.0338
0.925750,0.0210
0.925775,0.0153
0.925800,0.0210
0.925825,0.0395
0.925850,0.0693
0.925875,0.1120
0.925900,0.1644
0.925925,0.2297
0.925950,0.3086
0.925975,0.4013
0.926000,0.5045
0.926025,0.6165
0.926050,0.7325
0.926075,0.8623
0.926100,0.9864
0.926125,1.0968
0.926150,1.2007
0.926175,1.2910
0.926200,1.3885
0.926225,1.4812
0.926250,1.5787
0.926275,1.6722
0.926300,1.7697
0.926325,1.8785
0.926350,1.9913
0.926375,2.1105
0.926400,2.2169
0.926425,2.3193
0.926450,2.4160
0.926475,2.5127
0.926500,2.6182
0.926525,2.7141
0.926550,2.8060
0.926575,2.8866
0.926600,2.9591
0.926625,3.0325
0.926650,3.0961
0.926675,3.1493
0.926700,3.1904
0.926725,3.2186
0.926750,3.2363
0.926775,3.2452
0.926800,3.2460
0.926825,3.2379
0.926850,3.2170
0.926875,3.1832
0.926900,3.1412
0.926925,3.0897
0.926950,3.0325
0.926975,2.9656
0.927000,2.8858
0.927025,2.7988
0.927050,2.7061
0.927075,2.6158
0.927100,2.5215
0.927125,2.4176
0.927150,2.3120
0.927175,2.2008
0.927200,2.0968
0.927225,1.9961
0.927250,1.8954
0.927275,1.8027
0.927300,1.6947
0.927325,1.5932
0.927350,1.4868
0.927375,1.3595
0.927400,1.2273
0.927425,1.0952
0.927450,0.9493
0.927475,0.8107
0.927500,0.6842
0.927525,0.5585
0.927550,0.4513
0.927575,0.3562
0.927600,0.2732
0.927625,0.2007
0.927650,0.1394
0.927675,0.0927
0.927700,0.0572
0.927725,0.0338
0.927750,0.0201
0.927775,0.0161
0.927800,0.0218
0.927825,0.0387
0.927850,0.0701
0.927875,0.1112
0.927900,0.1652
0.927925,0.2305
0.927950,0.3078
0.927975,0.3989
0.928000,0.4980
0.928025,0.6149
0.928050,0.7398
0.928075,0.8679
0.928100,1.0001
0.928125,1.1129
0.928150,1.2168
0.928175,1.3160
0.928200,1.3958
0.928225,1.4844
0.928250,1.5771
0.928275,1.6714
0.928300,1.7842
0.928325,1.8833
0.928350,1.9881
0.928375,2.0936
0.928400,2.1992
0.928425,2.3128
0.928450,2.4176
0.928475,2.5240
0.928500,2.6231
0.928525,2.7166
0.928550,2.8060
0.928575,2.8850
0.928600,2.9632
0.928625,3.0341
0.928650,3.0961
0.928675,3.1493
0.928700,3.1880
0.928725,3.2178
0.928750,3.2371
0.928775,3.2460
0.928800,3.2460
0.928825,3.2371
0.928850,3.2162
0.928875,3.1840
0.928900,3.1429
0.928925,3.0905
0.928950,3.0300
0.928975,2.9591
0.929000,2.8793
0.929025,2.7955
0.929050,2.7101
0.929075,2.6247
0.929100,2.5215
0.929125,2.4176
0.929150,2.3112
0.929175,2.2024
0.929200,2.1105
0.929225,1.9985
0.929250,1.8881
0.929275,1.7785
0.929300,1.6722
0.929325,1.5851
0.929350,1.4836
0.929375,1.3643
0.929400,1.2338
0.929425,1.0927
0.929450,0.9493
0.929475,0.8131
0.929500,0.6761
0.929525,0.5544
0.929550,0.4505
0.929575,0.3594
0.929600,0.2772
0.929625,0.2031
0.929650,0.1402
0.929675,0.0911
0.929700,0.0572
0.929725,0.0330
0.929750,0.0201
0.929775,0.0169
0.929800,0.0210
0.929825,0.0395
0.929850,0.0701
0.929875,0.1136
0.929900,0.1668
0.929925,0.2289
0.929950,0.3054
0.929975,0.3916
0.930000,0.4972
0.930025,0.6149
0.930050,0.7374
0.930075,0.8744
0.930100,1.0089
0.930125,1.1113
0.930150,1.2088
0.930175,1.2910
0.930200,1.3684
0.930225,1.4739
0.930250,1.5827
0.930275,1.6939
0.930300,1.7914
0.930325,1.8865
0.930350,1.9873
0.930375,2.0920
0.930400,2.2105
0.930425,2.3160
0.930450,2.4144
0.930475,2.5143
0.930500,2.6102
0.930525,2.7109
0.930550,2.8076
0.930575,2.8906
0.930600,2.9656
0.930625,3.0365
0.930650,3.0961
0.930675,3.1477
0.930700,3.1904
0.930725,3.2186
0.930750,3.2363
0.930775,3.2460
0.930800,3.2460
0.930825,3.2371
0.930850,3.2186
0.930875,3.1856
0.930900,3.1421
0.930925,3.0905
0.930950,3.0300
0.930975,2.9591
0.931000,2.8842
0.931025,2.7955
0.931050,2.7045
0.931075,2.6126
0.931100,2.5111
0.931125,2.4144
0.931150,2.3177
0.931175,2.2185
0.931200,2.1130
0.931225,2.0010
0.931250,1.8889
0.931275,1.7810
0.931300,1.6907
0.931325,1.5916
0.931350,1.4876
0.931375,1.3724
0.931400,1.2322
0.931425,1.0976
0.931450,0.9493
0.931475,0.8010
0.931500,0.6721
0.931525,0.5528
0.931550,0.4505
0.931575,0.3594
0.931600,0.2740
0.931625,0.2007
0.931650,0.1386
0.931675,0.0911
0.931700,0.0572
0.931725,0.0338
0.931750,0.0210
0.931775,0.0169
0.931800,0.0218
0.931825,0.0387
0.931850,0.0701
0.931875,0.1128
0.931900,0.1644
0.931925,0.2305
0.931950,0.3086
0.931975,0.4005
0.932000,0.5053
0.932025,0.6165
0.932050,0.7325
0.932075,0.8631
0.932100,0.9856
0.932125,1.0960
0.932150,1.1999
0.932175,1.2902
0.932200,1.3877
0.932225,1.4812
0.932250,1.5787
0.932275,1.6722
0.932300,1.7689
0.932325,1.8777
0.932350,1.9905
0.932375,2.1089
0.932400,2.2153
0.932425,2.3185
0.932450,2.4144
0.932475,2.5127
0.932500,2.6190
0.932525,2.7149
0.932550,2.8076
0.932575,2.8874
0.932600,2.9599
0.932625,3.0333
0.932650,3.0969
0.932675,3.1493
0.932700,3.1912
0.932725,3.2194
0.932750,3.2363
0.932775,3.2468
0.932800,3.2476
0.932825,3.2379
0.932850,3.2178
0.932875,3.1840
0.932900,3.1412
0.932925,3.0905
0.932950,3.0325
0.932975,2.9648
0.933000,2.8850
0.933025,2.7979
0.933050,2.7061
0.933075,2.6150
0.933100,2.5215
0.933125,2.4176
0.933150,2.3120
0.933175,2.2016
0.933200,2.0968
0.933225,1.9961
0.933250,1.8962
0.933275,1.8019
0.933300,1.6939
0.933325,1.5924
0.933350,1.4860
0.933375,1.3587
0.933400,1.2273
0.933425,1.0944
0.933450,0.9477
0.933475,0.8099
0.933500,0.6834
0.933525,0.5577
0.933550,0.4513
0.933575,0.3562
0.933600,0.2724
0.933625,0.2007
0.933650,0.1394
0.933675,0.0919
0.933700,0.0572
0.933725,0.0338
0.933750,0.0201
0.933775,0.0169
0.933800,0.0218
0.933825,0.0387
0.933850,0.0693
0.933875,0.1112
0.933900,0.1644
0.933925,0.2297
0.933950,0.3078
0.933975,0.3981
0.934000,0.4988
0.934025,0.6149
0.934050,0.7382
0.934075,0.8679
0.934100,0.9993
0.934125,1.1121
0.934150,1.2177
0.934175,1.3168
0.934200,1.3958
0.934225,1.4852
0.934250,1.5779
0.934275,1.6714
0.934300,1.7842
0.934325,1.8833
0.934350,1.9889
0.934375,2.0944
0.934400,2.1984
0.934425,2.3120
0.934450,2.4160
0.934475,2.5232
0.934500,2.6231
0.934525,2.7158
0.934550,2.8060
0.934575,2.8850
0.934600,2.9623
0.934625,3.0349
0.934650,3.0969
0.934675,3.1485
0.934700,3.1888
0.934725,3.2170
0.934750,3.2363
0.934775,3.2476
0.934800,3.2476
0.934825,3.2396
0.934850,3.2178
0.934875,3.1848
0.934900,3.1429
0.934925,3.0905
0.934950,3.0308
0.934975,2.9583
0.935000,2.8793
0.935025,2.7947
0.935050,2.7085
0.935075,2.6239
0.935100,2.5215
0.935125,2.4176
0.935150,2.3112
0.935175,2.2024
0.935200,2.1105
0.935225,1.9993
0.935250,1.8889
0.935275,1.7785
0.935300,1.6730
0.935325,1.5851
0.935350,1.4836
0.935375,1.3643
0.935400,1.2330
0.935425,1.0927
0.935450,0.9485
0.935475,0.8123
0.935500,0.6769
0.935525,0.5544
0.935550,0.4505
0.935575,0.3594
0.935600,0.2772
0.935625,0.2023
0.935650,0.1402
0.935675,0.0911
0.935700,0.0564
0.935725,0.0338
0.935750,0.0210
0.935775,0.0169
0.935800,0.0226
0.935825,0.0395
0.935850,0.0709
0.935875,0.1136
0.935900,0.1668
0.935925,0.2297
0.935950,0.3054
0.935975,0.3925
0.936000,0.4980
0.936025,0.6149
0.936050,0.7382
0.936075,0.8744
0.936100,1.0081
0.936125,1.1121
0.936150,1.2080
0.936175,1.2910
0.936200,1.3684
0.936225,1.4739
0.936250,1.5827
0.936275,1.6939
0.936300,1.7914
0.936325,1.8873
0.936350,1.9881
0.936375,2.0928
0.936400,2.2097
0.936425,2.3152
0.936450,2.4144
0.936475,2.5151
0.936500,2.6118
0.936525,2.7133
0.936550,2.8084
0.936575,2.8914
0.936600,2.9664
0.936625,3.0373
0.936650,3.0961
0.936675,3.1485
0.936700,3.1896
0.936725,3.2178
0.936750,3.2371
0.936775,3.2468
0.936800,3.2468
0.936825,3.2388
0.936850,3.2194
0.936875,3.1872
0.936900,3.1429
0.936925,3.0913
0.936950,3.0316
0.936975,2.9599
0.937000,2.8850
0.937025,2.7971
0.937050,2.7053
0.937075,2.6126
0.937100,2.5127
0.937125,2.4152
0.937150,2.3177
0.937175,2.2193
0.937200,2.1130
0.937225,2.0001
0.937250,1.8889
0.937275,1.7801
0.937300,1.6891
0.937325,1.5908
0.937350,1.4876
0.937375,1.3716
0.937400,1.2314
0.937425,1.0968
0.937450,0.9477
0.937475,0.8010
0.937500,0.6721
0.937525,0.5528
0.937550,0.4505
0.937575,0.3602
0.937600,0.2740
0.937625,0.2015
0.937650,0.1402
0.937675,0.0911
0.937700,0.0580
0.937725,0.0338
0.937750,0.0201
0.937775,0.0161
0.937800,0.0210
0.937825,0.0387
0.937850,0.0701
0.937875,0.1120
0.937900,0.1644
0.937925,0.2297
0.937950,0.3078
0.937975,0.4013
0.938000,0.5053
0.938025,0.6165
0.938050,0.7341
0.938075,0.8639
0.938100,0.9856
0.938125,1.0976
0.938150,1.1999
0.938175,1.2894
0.938200,1.3885
0.938225,1.4804
0.938250,1.5787
0.938275,1.6730
0.938300,1.7681
0.938325,1.8777
0.938350,1.9905
0.938375,2.1097
0.938400,2.2161
0.938425,2.3185
0.938450,2.4152
0.938475,2.5119
0.938500,2.6182
0.938525,2.7141
0.938550,2.8060
0.938575,2.8866
0.938600,2.9591
0.938625,3.0333
0.938650,3.0961
0.938675,3.1493
0.938700,3.1912
0.938725,3.2186
0.938750,3.2371
0.938775,3.2460
0.938800,3.2468
0.938825,3.2379
0.938850,3.2162
0.938875,3.1840
0.938900,3.1412
0.938925,3.0905
0.938950,3.0325
0.938975,2.9648
0.939000,2.8842
0.939025,2.7971
0.939050,2.7053
0.939075,2.6142
0.939100,2.5215
0.939125,2.4168
0.939150,2.3128
0.939175,2.2016
0.939200,2.0968
0.939225,1.9953
0.939250,1.8946
0.939275,1.8019
0.939300,1.6939
0.939325,1.5924
0.939350,1.4868
0.939375,1.3587
0.939400,1.2273
0.939425,1.0952
0.939450,0.9485
0.939475,0.8107
0.939500,0.6842
0.939525,0.5585
0.939550,0.4513
0.939575,0.3562
0.939600,0.2732
0.939625,0.1999
0.939650,0.1394
0.939675,0.0919
0.939700,0.0564
0.939725,0.0347
0.939750,0.0201
0.939775,0.0169
0.939800,0.0226
0.939825,0.0387
0.939850,0.0701
0.939875,0.1112
0.939900,0.1652
0.939925,0.2305
0.939950,0.3078
0.939975,0.3981
0.940000,0.4980
0.940025,0.6141
0.940050,0.7390
0.940075,0.8679
0.940100,1.0001
0.940125,1.1137
0.940150,1.2168
0.940175,1.3176
0.940200,1.3966
0.940225,1.4844
0.940250,1.5779
0.940275,1.6714
0.940300,1.7834
0.940325,1.8833
0.940350,1.9881
0.940375,2.0928
0.940400,2.1984
0.940425,2.3112
0.940450,2.4160
0.940475,2.5240
0.940500,2.6223
0.940525,2.7166
0.940550,2.8068
0.940575,2.8850
0.940600,2.9632
0.940625,3.0365
0.940650,3.0969
0.940675,3.1493
0.940700,3.1904
0.940725,3.2186
0.940750,3.2371
0.940775,3.2468
0.940800,3.2476
0.940825,3.2379
0.940850,3.2186
0.940875,3.1848
0.940900,3.1421
0.940925,3.0897
0.940950,3.0292
0.940975,2.9575
0.941000,2.8793
0.941025,2.7963
0.941050,2.7085
0.941075,2.6255
0.941100,2.5232
0.941125,2.4184
0.941150,2.3136
0.941175,2.2040
0.941200,2.1114
0.941225,2.0001
0.941250,1.8889
0.941275,1.7793
0.941300,1.6730
0.941325,1.5859
0.941350,1.4836
0.941375,1.3643
0.941400,1.2338
0.941425,1.0919
0.941450,0.9485
0.941475,0.8123
0.941500,0.6761
0.941525,0.5552
0.941550,0.4497
0.941575,0.3594
0.941600,0.2772
0.941625,0.2023
0.941650,0.1394
0.941675,0.0911
0.941700,0.0564
0.941725,0.0338
0.941750,0.0210
0.941775,0.0169
0.941800,0.0218
0.941825,0.0395
0.941850,0.0701
0.941875,0.1136
0.941900,0.1668
0.941925,0.2297
0.941950,0.3062
0.941975,0.3933
0.942000,0.4980
0.942025,0.6157
0.942050,0.7382
0.942075,0.8736
0.942100,1.0081
0.942125,1.1121
0.942150,1.2080
0.942175,1.2910
0.942200,1.3684
0.942225,1.4731
0.942250,1.5819
0.942275,1.6939
0.942300,1.7906
0.942325,1.8865
0.942350,1.9881
0.942375,2.0928
0.942400,2.2105
0.942425,2.3168
0.942450,2.4152
0.942475,2.5143
0.942500,2.6118
0.942525,2.7117
0.942550,2.8068
0.942575,2.8914
0.942600,2.9656
0.942625,3.0365
0.942650,3.0969
0.942675,3.1485
0.942700,3.1904
0.942725,3.2194
0.942750,3.2371
0.942775,3.2460
0.942800,3.2460
0.942825,3.2371
0.942850,3.2178
0.942875,3.1864
0.942900,3.1421
0.942925,3.0897
0.942950,3.0284
0.942975,2.9583
0.943000,2.8842
0.943025,2.7963
0.943050,2.7061
0.943075,2.6134
0.943100,2.5103
0.943125,2.4144
0.943150,2.3160
0.943175,2.2185
0.943200,2.1138
0.943225,2.0001
0.943250,1.8889
0.943275,1.7793
0.943300,1.6891
0.943325,1.5908
0.943350,1.4876
0.943375,1.3724
0.943400,1.2314
0.943425,1.0968
0.943450,0.9477
0.943475,0.8002
0.943500,0.6721
0.943525,0.5528
0.943550,0.4505
0.943575,0.3602
0.943600,0.2748
0.943625,0.2015
0.943650,0.1394
0.943675,0.0919
0.943700,0.0572
0.943725,0.0338
0.943750,0.0210
0.943775,0.0161
0.943800,0.0226
0.943825,0.0395
0.943850,0.0693
0.943875,0.1120
0.943900,0.1636
0.943925,0.2297
0.943950,0.3078
0.943975,0.4013
0.944000,0.5053
0.944025,0.6173
0.944050,0.7341
0.944075,0.8631
0.944100,0.9864
0.944125,1.0968
0.944150,1.1999
0.944175,1.2902
0.944200,1.3877
0.944225,1.4804
0.944250,1.5779
0.944275,1.6722
0.944300,1.7689
0.944325,1.8777
0.944350,1.9905
0.944375,2.1097
0.944400,2.2161
0.944425,2.3185
0.944450,2.4144
0.944475,2.5119
0.944500,2.6182
0.944525,2.7149
0.944550,2.8068
0.944575,2.8866
0.944600,2.9591
0.944625,3.0333
0.944650,3.0961
0.944675,3.1501
0.944700,3.1912
0.944725,3.2186
0.944750,3.2379
0.944775,3.2460
0.944800,3.2476
0.944825,3.2388
0.944850,3.2170
0.944875,3.1840
0.944900,3.1404
0.944925,3.0905
0.944950,3.0325
0.944975,2.9648
0.945000,2.8850
0.945025,2.7971
0.945050,2.7053
0.945075,2.6158
0.945100,2.5223
0.945125,2.4176
0.945150,2.3136
0.945175,2.2016
0.945200,2.0977
0.945225,1.9961
0.945250,1.8946
0.945275,1.8019
0.945300,1.6931
0.945325,1.5924
0.945350,1.4868
0.945375,1.3587
0.945400,1.2273
0.945425,1.0944
0.945450,0.9477
0.945475,0.8099
0.945500,0.6834
0.945525,0.5585
0.945550,0.4505
0.945575,0.3562
0.945600,0.2724
0.945625,0.2007
0.945650,0.1402
0.945675,0.0927
0.945700,0.0572
0.945725,0.0338
0.945750,0.0210
0.945775,0.0161
0.945800,0.0218
0.945825,0.0395
0.945850,0.0693
0.945875,0.1112
0.945900,0.1652
0.945925,0.2297
0.945950,0.3078
0.945975,0.3989
0.946000,0.4980
0.946025,0.6157
0.946050,0.7390
0.946075,0.8679
0.946100,1.0009
0.946125,1.1129
0.946150,1.2177
0.946175,1.3176
0.946200,1.3958
0.946225,1.4860
0.946250,1.5779
0.946275,1.6714
0.946300,1.7842
0.946325,1.8833
0.946350,1.9881
0.946375,2.0944
0.946400,2.1992
0.946425,2.3120
0.946450,2.4160
0.946475,2.5232
0.946500,2.6215
0.946525,2.7158
0.946550,2.8060
0.946575,2.8850
0.946600,2.9632
0.946625,3.0357
0.946650,3.0969
0.946675,3.1493
0.946700,3.1896
0.946725,3.2186
0.946750,3.2363
0.946775,3.2468
0.946800,3.2468
0.946825,3.2379
0.946850,3.2178
0.946875,3.1848
0.946900,3.1429
0.946925,3.0905
0.946950,3.0300
0.946975,2.9583
0.947000,2.8801
0.947025,2.7955
0.947050,2.7093
0.947075,2.6247
0.947100,2.5223
0.947125,2.4184
0.947150,2.3120
0.947175,2.2032
0.947200,2.1105
0.947225,1.9993
0.947250,1.8881
0.947275,1.7777
0.947300,1.6722
0.947325,1.5843
0.947350,1.4836
0.947375,1.3643
0.947400,1.2338
0.947425,1.0927
0.947450,0.9477
0.947475,0.8115
0.947500,0.6753
0.947525,0.5544
0.947550,0.4497
0.947575,0.3594
0.947600,0.2772
0.947625,0.2023
0.947650,0.1410
0.947675,0.0911
0.947700,0.0572
0.947725,0.0338
0.947750,0.0201
0.947775,0.0161
0.947800,0.0210
0.947825,0.0395
0.947850,0.0701
0.947875,0.1144
0.947900,0.1660
0.947925,0.2297
0.947950,0.3054
0.947975,0.3925
0.948000,0.4988
0.948025,0.6149
0.948050,0.7390
0.948075,0.8744
0.948100,1.0081
0.948125,1.1113
0.948150,1.2080
0.948175,1.2902
0.948200,1.3684
0.948225,1.4747
0.948250,1.5827
0.948275,1.6947
0.948300,1.7914
0.948325,1.8865
0.948350,1.9873
0.948375,2.0920
0.948400,2.2105
0.948425,2.3160
0.948450,2.4144
0.948475,2.5135
0.948500,2.6110
0.948525,2.7109
0.948550,2.8068
0.948575,2.8906
0.948600,2.9656
0.948625,3.0365
0.948650,3.0969
0.948675,3.1485
0.948700,3.1896
0.948725,3.2186
0.948750,3.2363
0.948775,3.2468
0.948800,3.2468
0.948825,3.2388
0.948850,3.2186
0.948875,3.1864
0.948900,3.1429
0.948925,3.0905
0.948950,3.0308
0.948975,2.9599
0.949000,2.8850
0.949025,2.7971
0.949050,2.7053
0.949075,2.6126
0.949100,2.5119
0.949125,2.4152
0.949150,2.3185
0.949175,2.2193
0.949200,2.1138
0.949225,2.0001
0.949250,1.8881
0.949275,1.7801
0.949300,1.6899
0.949325,1.5908
0.949350,1.4884
0.949375,1.3724
0.949400,1.2314
0.949425,1.0968
0.949450,0.9477
0.949475,0.8002
0.949500,0.6713
0.949525,0.5528
0.949550,0.4505
0.949575,0.3610
0.949600,0.2740
0.949625,0.2015
0.949650,0.1394
0.949675,0.0911
0.949700,0.0580
0.949725,0.0338
0.949750,0.0210
0.949775,0.0161
0.949800,0.0218
0.949825,0.0395
0.949850,0.0701
0.949875,0.1128
0.949900,0.1644
0.949925,0.2297
0.949950,0.3086
0.949975,0.4005
0.950000,0.5037
0.950025,0.4658
0.950050,0.4424
0.950075,0.3691
0.950100,0.2756
0.950125,0.2023
0.950150,0.1394
0.950175,0.0911
0.950200,0.0564
0.950225,0.0330
0.950250,0.0201
0.950275,0.0161
0.950300,0.0210
0.950325,0.0387
0.950350,0.0701
0.950375,0.1136
0.950400,0.1668
0.950425,0.2297
0.950450,0.3046
0.950475,0.3916
0.950500,0.4980
0.950525,0.6149
0.950550,0.7382
0.950575,0.8744
0.950600,1.0073
0.950625,1.1121
0.950650,1.2080
0.950675,1.2902
0.950700,1.3692
0.950725,1.4739
0.950750,1.5835
0.950775,1.6939
0.950800,1.7914
0.950825,1.8865
0.950850,1.9881
0.950875,2.0920
0.950900,2.2097
0.950925,2.3160
0.950950,2.4136
0.950975,2.5143
0.951000,2.6118
0.951025,2.7117
0.951050,2.8076
0.951075,2.8914
0.951100,2.9648
0.951125,3.0365
0.951150,3.0969
0.951175,3.1469
0.951200,3.1896
0.951225,3.2170
0.951250,3.2355
0.951275,3.2468
0.951300,3.2468
0.951325,3.2388
0.951350,3.2186
0.951375,3.1864
0.951400,3.1421
0.951425,3.0905
0.951450,3.0300
0.951475,2.9599
0.951500,2.8850
0.951525,2.7971
0.951550,2.7053
0.951575,2.6126
0.951600,2.5111
0.951625,2.4144
0.951650,2.3168
0.951675,2.2185
0.951700,2.1130
0.951725,2.0010
0.951750,1.8889
0.951775,1.7801
0.951800,1.6899
0.951825,1.5900
0.951850,1.4876
0.951875,1.3716
0.951900,1.2314
0.951925,1.0968
0.951950,0.9485
0.951975,0.8002
0.952000,0.6721
0.952025,0.5536
0.952050,0.4505
0.952075,0.3618
0.952100,0.2748
0.952125,0.2015
0.952150,0.1394
0.952175,0.0919
0.952200,0.0572
0.952225,0.0330
0.952250,0.0201
0.952275,0.0153
0.952300,0.0218
0.952325,0.0395
0.952350,0.0701
0.952375,0.1128
0.952400,0.1644
0.952425,0.2297
0.952450,0.3086
0.952475,0.4005
0.952500,0.5053
0.952525,0.6165
0.952550,0.7333
0.952575,0.8631
0.952600,0.9864
0.952625,1.0976
0.952650,1.2007
0.952675,1.2910
0.952700,1.3885
0.952725,1.4820
0.952750,1.5787
0.952775,1.6730
0.952800,1.7697
0.952825,1.8777
0.952850,1.9921
0.952875,2.1097
0.952900,2.2161
0.952925,2.3193
0.952950,2.4144
0.952975,2.5127
0.953000,2.6174
0.953025,2.7141
0.953050,2.8060
0.953075,2.8858
0.953100,2.9599
0.953125,3.0333
0.953150,3.0969
0.953175,3.1501
0.953200,3.1904
0.953225,3.2186
0.953250,3.2363
0.953275,3.2460
0.953300,3.2476
0.953325,3.2388
0.953350,3.2178
0.953375,3.1840
0.953400,3.1404
0.953425,3.0897
0.953450,3.0325
0.953475,2.9640
0.953500,2.8850
0.953525,2.7971
0.953550,2.7053
0.953575,2.6142
0.953600,2.5207
0.953625,2.4168
0.953650,2.3120
0.953675,2.2016
0.953700,2.0968
0.953725,1.9953
0.953750,1.8954
0.953775,1.8019
0.953800,1.6947
0.953825,1.5932
0.953850,1.4860
0.953875,1.3587
0.953900,1.2265
0.953925,1.0936
0.953950,0.9477
0.953975,0.8091
0.954000,0.6834
0.954025,0.5577
0.954050,0.4505
0.954075,0.3562
0.954100,0.2724
0.954125,0.2007
0.954150,0.1394
0.954175,0.0927
0.954200,0.0572
0.954225,0.0338
0.954250,0.0210
0.954275,0.0161
0.954300,0.0218
0.954325,0.0387
0.954350,0.0693
0.954375,0.1112
0.954400,0.1652
0.954425,0.2297
0.954450,0.3078
0.954475,0.3989
0.954500,0.4980
0.954525,0.6149
0.954550,0.7390
0.954575,0.8679
0.954600,1.0001
0.954625,1.1129
0.954650,1.2177
0.954675,1.3168
0.954700,1.3958
0.954725,1.4852
0.954750,1.5787
0.954775,1.6722
0.954800,1.7850
0.954825,1.8841
0.954850,1.9889
0.954875,2.0936
0.954900,2.1984
0.954925,2.3120
0.954950,2.4168
0.954975,2.5248
0.955000,2.6231
0.955025,2.7166
0.955050,2.8060
0.955075,2.8850
0.955100,2.9623
0.955125,3.0341
0.955150,3.0969
0.955175,3.1485
0.955200,3.1896
0.955225,3.2178
0.955250,3.2371
0.955275,3.2468
0.955300,3.2468
0.955325,3.2379
0.955350,3.2178
0.955375,3.1840
0.955400,3.1429
0.955425,3.0905
0.955450,3.0292
0.955475,2.9575
0.955500,2.8785
0.955525,2.7947
0.955550,2.7085
0.955575,2.6247
0.955600,2.5215
0.955625,2.4176
0.955650,2.3120
0.955675,2.2016
0.955700,2.1097
0.955725,1.9977
0.955750,1.8881
0.955775,1.7777
0.955800,1.6722
0.955825,1.5851
0.955850,1.4836
0.955875,1.3643
0.955900,1.2338
0.955925,1.0936
0.955950,0.9485
0.955975,0.8123
0.956000,0.6761
0.956025,0.5544
0.956050,0.4497
0.956075,0.3586
0.956100,0.2764
0.956125,0.2023
0.956150,0.1402
0.956175,0.0911
0.956200,0.0572
0.956225,0.0338
0.956250,0.0210
0.956275,0.0161
0.956300,0.0218
0.956325,0.0387
0.956350,0.0701
0.956375,0.1136
0.956400,0.1668
0.956425,0.2297
0.956450,0.3054
0.956475,0.3925
0.956500,0.4980
0.956525,0.6157
0.956550,0.7382
0.956575,0.8744
0.956600,1.0081
0.956625,1.1113
0.956650,1.2080
0.956675,1.2910
0.956700,1.3684
0.956725,1.4739
0.956750,1.5827
0.956775,1.6947
0.956800,1.7914
0.956825,1.8865
0.956850,1.9881
0.956875,2.0920
0.956900,2.2097
0.956925,2.3152
0.956950,2.4144
0.956975,2.5135
0.957000,2.6110
0.957025,2.7117
0.957050,2.8068
0.957075,2.8914
0.957100,2.9648
0.957125,3.0357
0.957150,3.0969
0.957175,3.1477
0.957200,3.1904
0.957225,3.2178
0.957250,3.2363
0.957275,3.2468
0.957300,3.2460
0.957325,3.2388
0.957350,3.2186
0.957375,3.1856
0.957400,3.1429
0.957425,3.0905
0.957450,3.0308
0.957475,2.9599
0.957500,2.8842
0.957525,2.7963
0.957550,2.7045
0.957575,2.6126
0.957600,2.5119
0.957625,2.4152
0.957650,2.3185
0.957675,2.2193
0.957700,2.1130
0.957725,2.0010
0.957750,1.8889
0.957775,1.7801
0.957800,1.6899
0.957825,1.5908
0.957850,1.4876
0.957875,1.3724
0.957900,1.2322
0.957925,1.0968
0.957950,0.9485
0.957975,0.8002
0.958000,0.6713
0.958025,0.5528
0.958050,0.4505
0.958075,0.3602
0.958100,0.2748
0.958125,0.2015
0.958150,0.1394
0.958175,0.0919
0.958200,0.0572
0.958225,0.0338
0.958250,0.0201
0.958275,0.0161
0.958300,0.0218
0.958325,0.0387
0.958350,0.0701
0.958375,0.1136
0.958400,0.1644
0.958425,0.2297
0.958450,0.3078
0.958475,0.4005
0.958500,0.5045
0.958525,0.6165
0.958550,0.7325
0.958575,0.8631
0.958600,0.9864
0.958625,1.0968
0.958650,1.1999
0.958675,1.2902
0.958700,1.3877
0.958725,1.4812
0.958750,1.5787
0.958775,1.6730
0.958800,1.7689
0.958825,1.8777
0.958850,1.9913
0.958875,2.1089
0.958900,2.2161
0.958925,2.3185
0.958950,2.4136
0.958975,2.5119
0.959000,2.6174
0.959025,2.7141
0.959050,2.8068
0.959075,2.8866
0.959100,2.9607
0.959125,3.0341
0.959150,3.0961
0.959175,3.1509
0.959200,3.1904
0.959225,3.2178
0.959250,3.2363
0.959275,3.2444
0.959300,3.2460
0.959325,3.2379
0.959350,3.2170
0.959375,3.1840
0.959400,3.1412
0.959425,3.0897
0.959450,3.0316
0.959475,2.9648
0.959500,2.8842
0.959525,2.7963
0.959550,2.7053
0.959575,2.6142
0.959600,2.5207
0.959625,2.4176
0.959650,2.3120
0.959675,2.2016
0.959700,2.0968
0.959725,1.9961
0.959750,1.8954
0.959775,1.8019
0.959800,1.6947
0.959825,1.5924
0.959850,1.4860
0.959875,1.3595
0.959900,1.2273
0.959925,1.0952
0.959950,0.9485
0.959975,0.8107
0.960000,0.6842
0.960025,0.5585
0.960050,0.4513
0.960075,0.3562
0.960100,0.2724
0.960125,0.2007
0.960150,0.1402
0.960175,0.0919
0.960200,0.0580
0.960225,0.0338
0.960250,0.0210
0.960275,0.0169
0.960300,0.0218
0.960325,0.0395
0.960350,0.0693
0.960375,0.1104
0.960400,0.1652
0.960425,0.2297
0.960450,0.3078
0.960475,0.3989
0.960500,0.4980
0.960525,0.6149
0.960550,0.7390
0.960575,0.8671
0.960600,1.0001
0.960625,1.1129
0.960650,1.2168
0.960675,1.3168
0.960700,1.3958
0.960725,1.4844
0.960750,1.5779
0.960775,1.6705
0.960800,1.7850
0.960825,1.8833
0.960850,1.9889
0.960875,2.0944
0.960900,2.1992
0.960925,2.3128
0.960950,2.4168
0.960975,2.5248
0.961000,2.6223
0.961025,2.7158
0.961050,2.8068
0.961075,2.8842
0.961100,2.9632
0.961125,3.0349
0.961150,3.0969
0.961175,3.1485
0.961200,3.1888
0.961225,3.2186
0.961250,3.2371
0.961275,3.2476
0.961300,3.2460
0.961325,3.2371
0.961350,3.2170
0.961375,3.1832
0.961400,3.1429
0.961425,3.0897
0.961450,3.0292
0.961475,2.9583
0.961500,2.8785
0.961525,2.7955
0.961550,2.7093
0.961575,2.6247
0.961600,2.5240
0.961625,2.4192
0.961650,2.3136
0.961675,2.2032
0.961700,2.1105
0.961725,1.9993
0.961750,1.8873
0.961775,1.7785
0.961800,1.6714
0.961825,1.5835
0.961850,1.4828
0.961875,1.3627
0.961900,1.2330
0.961925,1.0919
0.961950,0.9485
0.961975,0.8123
0.962000,0.6761
0.962025,0.5552
0.962050,0.4497
0.962075,0.3594
0.962100,0.2772
0.962125,0.2023
0.962150,0.1410
0.962175,0.0911
0.962200,0.0564
0.962225,0.0338
0.962250,0.0201
0.962275,0.0169
0.962300,0.0218
0.962325,0.0387
0.962350,0.0701
0.962375,0.1128
0.962400,0.1668
0.962425,0.2297
0.962450,0.3054
0.962475,0.3933
0.962500,0.4980
0.962525,0.6149
0.962550,0.7390
0.962575,0.8736
0.962600,1.0081
0.962625,1.1121
0.962650,1.2080
0.962675,1.2910
0.962700,1.3684
0.962725,1.4739
0.962750,1.5827
0.962775,1.6939
0.962800,1.7914
0.962825,1.8865
0.962850,1.9889
0.962875,2.0920
0.962900,2.2105
0.962925,2.3168
0.962950,2.4152
0.962975,2.5151
0.963000,2.6118
0.963025,2.7117
0.963050,2.8068
0.963075,2.8898
0.963100,2.9648
0.963125,3.0349
0.963150,3.0961
0.963175,3.1477
0.963200,3.1896
0.963225,3.2186
0.963250,3.2363
0.963275,3.2460
0.963300,3.2468
0.963325,3.2379
0.963350,3.2186
0.963375,3.1856
0.963400,3.1421
0.963425,3.0905
0.963450,3.0292
0.963475,2.9599
0.963500,2.8842
0.963525,2.7971
0.963550,2.7053
0.963575,2.6134
0.963600,2.5127
0.963625,2.4152
0.963650,2.3185
0.963675,2.2185
0.963700,2.1130
0.963725,2.0001
0.963750,1.8881
0.963775,1.7801
0.963800,1.6883
0.963825,1.5900
0.963850,1.4876
0.963875,1.3716
0.963900,1.2322
0.963925,1.0976
0.963950,0.9493
0.963975,0.8002
0.964000,0.6729
0.964025,0.5528
0.964050,0.4505
0.964075,0.3610
0.964100,0.2740
0.964125,0.2015
0.964150,0.1402
0.964175,0.0911
0.964200,0.0580
0.964225,0.0338
0.964250,0.0201
0.964275,0.0169
0.964300,0.0218
0.964325,0.0395
0.964350,0.0701
0.964375,0.1120
0.964400,0.1644
0.964425,0.2289
0.964450,0.3078
0.964475,0.4013
0.964500,0.5045
0.964525,0.6165
0.964550,0.7325
0.964575,0.8623
0.964600,0.9856
0.964625,1.0968
0.964650,1.1999
0.964675,1.2902
0.964700,1.3885
0.964725,1.4812
0.964750,1.5787
0.964775,1.6722
0.964800,1.7673
0.964825,1.8768
0.964850,1.9897
0.964875,2.1089
0.964900,2.2153
0.964925,2.3185
0.964950,2.4136
0.964975,2.5119
0.965000,2.6174
0.965025,2.7125
0.965050,2.8052
0.965075,2.8850
0.965100,2.9583
0.965125,3.0333
0.965150,3.0961
0.965175,3.1493
0.965200,3.1912
0.965225,3.2186
0.965250,3.2371
0.965275,3.2468
0.965300,3.2476
0.965325,3.2388
0.965350,3.2178
0.965375,3.1840
0.965400,3.1412
0.965425,3.0905
0.965450,3.0325
0.965475,2.9648
0.965500,2.8850
0.965525,2.7971
0.965550,2.7053
0.965575,2.6150
0.965600,2.5207
0.965625,2.4168
0.965650,2.3128
0.965675,2.2008
0.965700,2.0968
0.965725,1.9961
0.965750,1.8954
0.965775,1.8019
0.965800,1.6947
0.965825,1.5924
0.965850,1.4860
0.965875,1.3595
0.965900,1.2265
0.965925,1.0944
0.965950,0.9493
0.965975,0.8099
0.966000,0.6842
0.966025,0.5585
0.966050,0.4505
0.966075,0.3562
0.966100,0.2724
0.966125,0.2007
0.966150,0.1402
0.966175,0.0927
0.966200,0.0580
0.966225,0.0338
0.966250,0.0218
0.966275,0.0169
0.966300,0.0218
0.966325,0.0395
0.966350,0.0693
0.966375,0.1112
0.966400,0.1644
0.966425,0.2297
0.966450,0.3086
0.966475,0.3989
0.966500,0.4988
0.966525,0.6149
0.966550,0.7390
0.966575,0.8679
0.966600,1.0009
0.966625,1.1129
0.966650,1.2177
0.966675,1.3168
0.966700,1.3958
0.966725,1.4852
0.966750,1.5787
0.966775,1.6722
0.966800,1.7850
0.966825,1.8849
0.966850,1.9889
0.966875,2.0952
0.966900,2.1992
0.966925,2.3120
0.966950,2.4160
0.966975,2.5232
0.967000,2.6223
0.967025,2.7149
0.967050,2.8060
0.967075,2.8842
0.967100,2.9632
0.967125,3.0349
0.967150,3.0961
0.967175,3.1493
0.967200,3.1880
0.967225,3.2178
0.967250,3.2371
0.967275,3.2460
0.967300,3.2468
0.967325,3.2371
0.967350,3.2170
0.967375,3.1848
0.967400,3.1429
0.967425,3.0905
0.967450,3.0300
0.967475,2.9583
0.967500,2.8793
0.967525,2.7963
0.967550,2.7093
0.967575,2.6247
0.967600,2.5223
0.967625,2.4176
0.967650,2.3120
0.967675,2.2024
0.967700,2.1105
0.967725,1.9993
0.967750,1.8889
0.967775,1.7793
0.967800,1.6730
0.967825,1.5851
0.967850,1.4844
0.967875,1.3635
0.967900,1.2338
0.967925,1.0919
0.967950,0.9485
0.967975,0.8123
0.968000,0.6769
0.968025,0.5552
0.968050,0.4497
0.968075,0.3594
0.968100,0.2772
0.968125,0.2023
0.968150,0.1402
0.968175,0.0911
0.968200,0.0572
0.968225,0.0338
0.968250,0.0210
0.968275,0.0161
0.968300,0.0218
0.968325,0.0395
0.968350,0.0709
0.968375,0.1144
0.968400,0.1668
0.968425,0.2305
0.968450,0.3054
0.968475,0.3925
0.968500,0.4980
0.968525,0.6157
0.968550,0.7382
0.968575,0.8736
0.968600,1.0081
0.968625,1.1113
0.968650,1.2088
0.968675,1.2902
0.968700,1.3684
0.968725,1.4739
0.968750,1.5827
0.968775,1.6939
0.968800,1.7906
0.968825,1.8865
0.968850,1.9881
0.968875,2.0920
0.968900,2.2105
0.968925,2.3160
0.968950,2.4144
0.968975,2.5135
0.969000,2.6110
0.969025,2.7109
0.969050,2.8068
0.969075,2.8906
0.969100,2.9656
0.969125,3.0365
0.969150,3.0969
0.969175,3.1485
0.969200,3.1904
0.969225,3.2186
0.969250,3.2371
0.969275,3.2460
0.969300,3.2460
0.969325,3.2379
0.969350,3.2186
0.969375,3.1864
0.969400,3.1453
0.969425,3.0921
0.969450,3.0316
0.969475,2.9607
0.969500,2.8842
0.969525,2.7955
0.969550,2.7045
0.969575,2.6118
0.969600,2.5111
0.969625,2.4144
0.969650,2.3168
0.969675,2.2185
0.969700,2.1130
0.969725,2.0010
0.969750,1.8881
0.969775,1.7801
0.969800,1.6891
0.969825,1.5900
0.969850,1.4876
0.969875,1.3716
0.969900,1.2305
0.969925,1.0960
0.969950,0.9485
0.969975,0.8002
0.970000,0.6721
0.970025,0.5528
0.970050,0.4497
0.970075,0.3610
0.970100,0.2740
0.970125,0.2015
0.970150,0.1394
0.970175,0.0919
0.970200,0.0572
0.970225,0.0338
0.970250,0.0210
0.970275,0.0169
0.970300,0.0226
0.970325,0.0395
0.970350,0.0709
0.970375,0.1128
0.970400,0.1644
0.970425,0.2297
0.970450,0.3078
0.970475,0.4005
0.970500,0.5045
0.970525,0.6165
0.970550,0.7325
0.970575,0.8631
0.970600,0.9856
0.970625,1.0968
0.970650,1.1999
0.970675,1.2902
0.970700,1.3885
0.970725,1.4812
0.970750,1.5787
0.970775,1.6730
0.970800,1.7689
0.970825,1.8785
0.970850,1.9913
0.970875,2.1105
0.970900,2.2161
0.970925,2.3193
0.970950,2.4144
0.970975,2.5119
0.971000,2.6182
0.971025,2.7141
0.971050,2.8068
0.971075,2.8858
0.971100,2.9591
0.971125,3.0333
0.971150,3.0953
0.971175,3.1501
0.971200,3.1904
0.971225,3.2186
0.971250,3.2371
0.971275,3.2460
0.971300,3.2468
0.971325,3.2388
0.971350,3.2178
0.971375,3.1840
0.971400,3.1404
0.971425,3.0905
0.971450,3.0316
0.971475,2.9648
0.971500,2.8850
0.971525,2.7971
0.971550,2.7061
0.971575,2.6150
0.971600,2.5215
0.971625,2.4176
0.971650,2.3120
0.971675,2.2016
0.971700,2.0968
0.971725,1.9953
0.971750,1.8946
0.971775,1.8011
0.971800,1.6939
0.971825,1.5924
0.971850,1.4860
0.971875,1.3587
0.971900,1.2273
0.971925,1.0944
0.971950,0.9485
0.971975,0.8099
0.972000,0.6834
0.972025,0.5585
0.972050,0.4505
0.972075,0.3562
0.972100,0.2724
0.972125,0.2007
0.972150,0.1394
0.972175,0.0927
0.972200,0.0572
0.972225,0.0338
0.972250,0.0210
0.972275,0.0161
0.972300,0.0226
0.972325,0.0395
0.972350,0.0701
0.972375,0.1112
0.972400,0.1652
0.972425,0.2297
0.972450,0.3078
0.972475,0.3989
0.972500,0.4980
0.972525,0.6149
0.972550,0.7390
0.972575,0.8679
0.972600,1.0001
0.972625,1.1129
0.972650,1.2177
0.972675,1.3168
0.972700,1.3958
0.972725,1.4852
0.972750,1.5771
0.972775,1.6714
0.972800,1.7842
0.972825,1.8841
0.972850,1.9889
0.972875,2.0944
0.972900,2.1992
0.972925,2.3112
0.972950,2.4160
0.972975,2.5240
0.973000,2.6223
0.973025,2.7158
0.973050,2.8052
0.973075,2.8842
0.973100,2.9623
0.973125,3.0349
0.973150,3.0969
0.973175,3.1493
0.973200,3.1896
0.973225,3.2178
0.973250,3.2371
0.973275,3.2476
0.973300,3.2468
0.973325,3.2396
0.973350,3.2186
0.973375,3.1856
0.973400,3.1445
0.973425,3.0905
0.973450,3.0300
0.973475,2.9591
0.973500,2.8793
0.973525,2.7963
0.973550,2.7085
0.973575,2.6239
0.973600,2.5223
0.973625,2.4176
0.973650,2.3128
0.973675,2.2024
0.973700,2.1105
0.973725,1.9993
0.973750,1.8889
0.973775,1.7801
0.973800,1.6730
0.973825,1.5859
0.973850,1.4836
0.973875,1.3635
0.973900,1.2338
0.973925,1.0927
0.973950,0.9485
0.973975,0.8123
0.974000,0.6761
0.974025,0.5544
0.974050,0.4505
0.974075,0.3594
0.974100,0.2780
0.974125,0.2023
0.974150,0.1402
0.974175,0.0911
0.974200,0.0564
0.974225,0.0338
0.974250,0.0210
0.974275,0.0169
0.974300,0.0218
0.974325,0.0395
0.974350,0.0701
0.974375,0.1136
0.974400,0.1668
0.974425,0.2289
0.974450,0.3054
0.974475,0.3933
0.974500,0.4980
0.974525,0.6157
0.974550,0.7382
0.974575,0.8736
0.974600,1.0081
0.974625,1.1113
0.974650,1.2088
0.974675,1.2902
0.974700,1.3692
0.974725,1.4739
0.974750,1.5827
0.974775,1.6955
0.974800,1.7914
0.974825,1.8873
0.974850,1.9881
0.974875,2.0928
0.974900,2.2105
0.974925,2.3160
0.974950,2.4152
0.974975,2.5135
0.975000,0.5335
0.975025,0.6084
0.975050,0.7543
0.975075,0.8873
0.975100,1.0025
0.975125,1.1201
0.975150,1.2265
0.975175,1.3063
0.975200,1.3853
0.975225,1.4739
0.975250,1.5666
0.975275,1.6770
0.975300,1.7898
0.975325,1.8857
0.975350,1.9881
0.975375,2.0944
0.975400,2.1984
0.975425,2.3120
0.975450,2.4168
0.975475,2.5232
0.975500,2.6215
0.975525,2.7158
0.975550,2.8060
0.975575,2.8850
0.975600,2.9640
0.975625,3.0357
0.975650,3.0961
0.975675,3.1493
0.975700,3.1896
0.975725,3.2178
0.975750,3.2371
0.975775,3.2468
0.975800,3.2468
0.975825,3.2396
0.975850,3.2178
0.975875,3.1840
0.975900,3.1429
0.975925,3.0897
0.975950,3.0292
0.975975,2.9583
0.976000,2.8793
0.976025,2.7955
0.976050,2.7093
0.976075,2.6247
0.976100,2.5215
0.976125,2.4176
0.976150,2.3120
0.976175,2.2024
0.976200,2.1114
0.976225,1.9993
0.976250,1.8873
0.976275,1.7785
0.976300,1.6714
0.976325,1.5851
0.976350,1.4836
0.976375,1.3635
0.976400,1.2338
0.976425,1.0927
0.976450,0.9477
0.976475,0.8123
0.976500,0.6761
0.976525,0.5544
0.976550,0.4505
0.976575,0.3594
0.976600,0.2772
0.976625,0.2023
0.976650,0.1402
0.976675,0.0911
0.976700,0.0572
0.976725,0.0347
0.976750,0.0210
0.976775,0.0161
0.976800,0.0218
0.976825,0.0387
0.976850,0.0701
0.976875,0.1136
0.976900,0.1668
0.976925,0.2297
0.976950,0.3054
0.976975,0.3933
0.977000,0.4988
0.977025,0.6149
0.977050,0.7382
0.977075,0.8736
0.977100,1.0073
0.977125,1.1113
0.977150,1.2088
0.977175,1.2910
0.977200,1.3684
0.977225,1.4739
0.977250,1.5827
0.977275,1.6947
0.977300,1.7914
0.977325,1.8873
0.977350,1.9889
0.977375,2.0928
0.977400,2.2105
0.977425,2.3160
0.977450,2.4144
0.977475,2.5135
0.977500,2.6110
0.977525,2.7109
0.977550,2.8068
0.977575,2.8914
0.977600,2.9656
0.977625,3.0365
0.977650,3.0969
0.977675,3.1485
0.977700,3.1904
0.977725,3.2194
0.977750,3.2379
0.977775,3.2460
0.977800,3.2468
0.977825,3.2388
0.977850,3.2178
0.977875,3.1864
0.977900,3.1429
0.977925,3.0905
0.977950,3.0308
0.977975,2.9607
0.978000,2.8850
0.978025,2.7971
0.978050,2.7061
0.978075,2.6126
0.978100,2.5127
0.978125,2.4160
0.978150,2.3177
0.978175,2.2193
0.978200,2.1138
0.978225,2.0001
0.978250,1.8881
0.978275,1.7801
0.978300,1.6899
0.978325,1.5900
0.978350,1.4884
0.978375,1.3716
0.978400,1.2314
0.978425,1.0968
0.978450,0.9477
0.978475,0.8002
0.978500,0.6713
0.978525,0.5528
0.978550,0.4497
0.978575,0.3602
0.978600,0.2748
0.978625,0.2007
0.978650,0.1402
0.978675,0.0911
0.978700,0.0564
0.978725,0.0338
0.978750,0.0201
0.978775,0.0161
0.978800,0.0226
0.978825,0.0403
0.978850,0.0701
0.978875,0.1128
0.978900,0.1644
0.978925,0.2289
0.978950,0.3078
0.978975,0.4005
0.979000,0.5037
0.979025,0.6157
0.979050,0.7325
0.979075,0.8623
0.979100,0.9848
0.979125,1.0960
0.979150,1.2007
0.979175,1.2902
0.979200,1.3885
0.979225,1.4812
0.979250,1.5787
0.979275,1.6738
0.979300,1.7697
0.979325,1.8777
0.979350,1.9913
0.979375,2.1089
0.979400,2.2161
0.979425,2.3193
0.979450,2.4144
0.979475,2.5127
0.979500,2.6182
0.979525,2.7141
0.979550,2.8068
0.979575,2.8866
0.979600,2.9591
0.979625,3.0325
0.979650,3.0953
0.979675,3.1493
0.979700,3.1896
0.979725,3.2186
0.979750,3.2371
0.979775,3.2452
0.979800,3.2468
0.979825,3.2371
0.979850,3.2162
0.979875,3.1840
0.979900,3.1412
0.979925,3.0905
0.979950,3.0333
0.979975,2.9656
0.980000,2.8850
0.980025,2.7979
0.980050,2.7061
0.980075,2.6150
0.980100,2.5215
0.980125,2.4176
0.980150,2.3120
0.980175,2.2016
0.980200,2.0977
0.980225,1.9953
0.980250,1.8954
0.980275,1.8019
0.980300,1.6939
0.980325,1.5932
0.980350,1.4868
0.980375,1.3587
0.980400,1.2273
0.980425,1.0944
0.980450,0.9477
0.980475,0.8099
0.980500,0.6834
0.980525,0.5577
0.980550,0.4513
0.980575,0.3562
0.980600,0.2732
0.980625,0.2007
0.980650,0.1402
0.980675,0.0927
0.980700,0.0572
0.980725,0.0338
0.980750,0.0210
0.980775,0.0169
0.980800,0.0218
0.980825,0.0387
0.980850,0.0693
0.980875,0.1112
0.980900,0.1644
0.980925,0.2297
0.980950,0.3078
0.980975,0.3989
0.981000,0.4972
0.981025,0.6149
0.981050,0.7390
0.981075,0.8663
0.981100,1.0001
0.981125,1.1129
0.981150,1.2168
0.981175,1.3168
0.981200,1.3958
0.981225,1.4844
0.981250,1.5779
0.981275,1.6714
0.981300,1.7842
0.981325,1.8833
0.981350,1.9889
0.981375,2.0944
0.981400,2.1992
0.981425,2.3120
0.981450,2.4160
0.981475,2.5232
0.981500,2.6223
0.981525,2.7158
0.981550,2.8068
0.981575,2.8842
0.981600,2.9623
0.981625,3.0357
0.981650,3.0969
0.981675,3.1493
0.981700,3.1896
0.981725,3.2186
0.981750,3.2363
0.981775,3.2460
0.981800,3.2468
0.981825,3.2379
0.981850,3.2170
0.981875,3.1856
0.981900,3.1437
0.981925,3.0905
0.981950,3.0300
0.981975,2.9591
0.982000,2.8793
0.982025,2.7963
0.982050,2.7093
0.982075,2.6247
0.982100,2.5223
0.982125,2.4184
0.982150,2.3128
0.982175,2.2024
0.982200,2.1105
0.982225,1.9993
0.982250,1.8881
0.982275,1.7785
0.982300,1.6722
0.982325,1.5851
0.982350,1.4836
0.982375,1.3643
0.982400,1.2338
0.982425,1.0927
0.982450,0.9493
0.982475,0.8131
0.982500,0.6769
0.982525,0.5552
0.982550,0.4505
0.982575,0.3594
0.982600,0.2772
0.982625,0.2031
0.982650,0.1410
0.982675,0.0919
0.982700,0.0572
0.982725,0.0338
0.982750,0.0201
0.982775,0.0169
0.982800,0.0218
0.982825,0.0395
0.982850,0.0709
0.982875,0.1144
0.982900,0.1668
0.982925,0.2297
0.982950,0.3054
0.982975,0.3925
0.983000,0.4988
0.983025,0.6157
0.983050,0.7382
0.983075,0.8744
0.983100,1.0081
0.983125,1.1113
0.983150,1.2088
0.983175,1.2910
0.983200,1.3684
0.983225,1.4739
0.983250,1.5827
0.983275,1.6931
0.983300,1.7906
0.983325,1.8865
0.983350,1.9881
0.983375,2.0920
0.983400,2.2113
0.983425,2.3168
0.983450,2.4144
0.983475,2.5135
0.983500,2.6110
0.983525,2.7109
0.983550,2.8068
0.983575,2.8914
0.983600,2.9656
0.983625,3.0357
0.983650,3.0969
0.983675,3.1485
0.983700,3.1904
0.983725,3.2186
0.983750,3.2363
0.983775,3.2460
0.983800,3.2460
0.983825,3.2388
0.983850,3.2194
0.983875,3.1864
0.983900,3.1421
0.983925,3.0897
0.983950,3.0292
0.983975,2.9599
0.984000,2.8850
0.984025,2.7971
0.984050,2.7061
0.984075,2.6134
0.984100,2.5119
0.984125,2.4160
0.984150,2.3177
0.984175,2.2193
0.984200,2.1138
0.984225,2.0010
0.984250,1.8881
0.984275,1.7793
0.984300,1.6891
0.984325,1.5900
0.984350,1.4876
0.984375,1.3716
0.984400,1.2314
0.984425,1.0968
0.984450,0.9485
0.984475,0.8002
0.984500,0.6721
0.984525,0.5528
0.984550,0.4505
0.984575,0.3610
0.984600,0.2748
0.984625,0.2007
0.984650,0.1394
0.984675,0.0919
0.984700,0.0580
0.984725,0.0338
0.984750,0.0201
0.984775,0.0161
0.984800,0.0218
0.984825,0.0395
0.984850,0.0701
0.984875,0.1128
0.984900,0.1652
0.984925,0.2297
0.984950,0.3086
0.984975,0.4013
0.985000,0.5053
0.985025,0.6165
0.985050,0.7325
0.985075,0.8631
0.985100,0.9856
0.985125,1.0968
0.985150,1.1999
0.985175,1.2886
0.985200,1.3877
0.985225,1.4812
0.985250,1.5779
0.985275,1.6722
0.985300,1.7681
0.985325,1.8768
0.985350,1.9913
0.985375,2.1097
0.985400,2.2153
0.985425,2.3185
0.985450,2.4144
0.985475,2.5127
0.985500,2.6190
0.985525,2.7141
0.985550,2.8060
0.985575,2.8858
0.985600,2.9591
0.985625,3.0333
0.985650,3.0961
0.985675,3.1501
0.985700,3.1912
0.985725,3.2194
0.985750,3.2371
0.985775,3.2468
0.985800,3.2468
0.985825,3.2379
0.985850,3.2170
0.985875,3.1832
0.985900,3.1404
0.985925,3.0905
0.985950,3.0333
0.985975,2.9664
0.986000,2.8850
0.986025,2.7979
0.986050,2.7061
0.986075,2.6150
0.986100,2.5215
0.986125,2.4176
0.986150,2.3128
0.986175,2.2024
0.986200,2.0977
0.986225,1.9953
0.986250,1.8946
0.986275,1.8011
0.986300,1.6939
0.986325,1.5940
0.986350,1.4876
0.986375,1.3611
0.986400,1.2289
0.986425,1.0952
0.986450,0.9493
0.986475,0.8099
0.986500,0.6834
0.986525,0.5585
0.986550,0.4505
0.986575,0.3554
0.986600,0.2724
0.986625,0.2007
0.986650,0.1402
0.986675,0.0927
0.986700,0.0580
0.986725,0.0338
0.986750,0.0210
0.986775,0.0169
0.986800,0.0218
0.986825,0.0395
0.986850,0.0693
0.986875,0.1112
0.986900,0.1652
0.986925,0.2297
0.986950,0.3078
0.986975,0.3981
0.987000,0.4980
0.987025,0.6149
0.987050,0.7390
0.987075,0.8679
0.987100,1.0009
0.987125,1.1129
0.987150,1.2177
0.987175,1.3168
0.987200,1.3958
0.987225,1.4844
0.987250,1.5779
0.987275,1.6714
0.987300,1.7842
0.987325,1.8825
0.987350,1.9881
0.987375,2.0936
0.987400,2.1992
0.987425,2.3120
0.987450,2.4168
0.987475,2.5240
0.987500,2.6223
0.987525,2.7158
0.987550,2.8068
0.987575,2.8850
0.987600,2.9632
0.987625,3.0357
0.987650,3.0961
0.987675,3.1485
0.987700,3.1880
0.987725,3.2170
0.987750,3.2371
0.987775,3.2476
0.987800,3.2484
0.987825,3.2388
0.987850,3.2186
0.987875,3.1848
0.987900,3.1429
0.987925,3.0905
0.987950,3.0300
0.987975,2.9591
0.988000,2.8801
0.988025,2.7963
0.988050,2.7093
0.988075,2.6255
0.988100,2.5223
0.988125,2.4184
0.988150,2.3120
0.988175,2.2024
0.988200,2.1105
0.988225,1.9993
0.988250,1.8889
0.988275,1.7793
0.988300,1.6738
0.988325,1.5867
0.988350,1.4844
0.988375,1.3635
0.988400,1.2330
0.988425,1.0927
0.988450,0.9485
0.988475,0.8123
0.988500,0.6761
0.988525,0.5544
0.988550,0.4497
0.988575,0.3586
0.988600,0.2772
0.988625,0.2023
0.988650,0.1402
0.988675,0.0911
0.988700,0.0572
0.988725,0.0338
0.988750,0.0210
0.988775,0.0169
0.988800,0.0218
0.988825,0.0395
0.988850,0.0701
0.988875,0.1136
0.988900,0.1668
0.988925,0.2297
0.988950,0.3054
0.988975,0.3925
0.989000,0.4980
0.989025,0.6149
0.989050,0.7382
0.989075,0.8744
0.989100,1.0081
0.989125,1.1105
0.989150,1.2072
0.989175,1.2894
0.989200,1.3675
0.989225,1.4731
0.989250,1.5827
0.989275,1.6947
0.989300,1.7922
0.989325,1.8873
0.989350,1.9889
0.989375,2.0928
0.989400,2.2105
0.989425,2.3160
0.989450,2.4144
0.989475,2.5143
0.989500,2.6118
0.989525,2.7117
0.989550,2.8076
0.989575,2.8914
0.989600,2.9656
0.989625,3.0365
0.989650,3.0969
0.989675,3.1485
0.989700,3.1904
0.989725,3.2186
0.989750,3.2363
0.989775,3.2460
0.989800,3.2460
0.989825,3.2379
0.989850,3.2186
0.989875,3.1864
0.989900,3.1429
0.989925,3.0905
0.989950,3.0308
0.989975,2.9583
0.990000,2.8834
0.990025,2.7963
0.990050,2.7037
0.990075,2.6118
0.990100,2.5119
0.990125,2.4152
0.990150,2.3177
0.990175,2.2193
0.990200,2.1138
0.990225,2.0001
0.990250,1.8881
0.990275,1.7801
0.990300,1.6891
0.990325,1.5892
0.990350,1.4876
0.990375,1.3716
0.990400,1.2305
0.990425,1.0960
0.990450,0.9477
0.990475,0.8002
0.990500,0.6721
0.990525,0.5528
0.990550,0.4505
0.990575,0.3610
0.990600,0.2740
0.990625,0.2007
0.990650,0.1394
0.990675,0.0911
0.990700,0.0580
0.990725,0.0347
0.990750,0.0210
0.990775,0.0169
0.990800,0.0226
0.990825,0.0395
0.990850,0.0701
0.990875,0.1128
0.990900,0.1652
0.990925,0.2297
0.990950,0.3086
0.990975,0.4013
0.991000,0.5053
0.991025,0.6165
0.991050,0.7325
0.991075,0.8631
0.991100,0.9856
0.991125,1.0968
0.991150,1.1999
0.991175,1.2894
0.991200,1.3877
0.991225,1.4812
0.991250,1.5779
0.991275,1.6738
0.991300,1.7689
0.991325,1.8777
0.991350,1.9913
0.991375,2.1097
0.991400,2.2153
0.991425,2.3185
0.991450,2.4144
0.991475,2.5119
0.991500,2.6174
0.991525,2.7133
0.991550,2.8060
0.991575,2.8858
0.991600,2.9591
0.991625,3.0341
0.991650,3.0961
0.991675,3.1501
0.991700,3.1904
0.991725,3.2186
0.991750,3.2363
0.991775,3.2460
0.991800,3.2476
0.991825,3.2379
0.991850,3.2170
0.991875,3.1832
0.991900,3.1396
0.991925,3.0889
0.991950,3.0325
0.991975,2.9656
0.992000,2.8850
0.992025,2.7971
0.992050,2.7053
0.992075,2.6134
0.992100,2.5199
0.992125,2.4168
0.992150,2.3112
0.992175,2.2008
0.992200,2.0968
0.992225,1.9953
0.992250,1.8954
0.992275,1.8027
0.992300,1.6939
0.992325,1.5916
0.992350,1.4860
0.992375,1.3587
0.992400,1.2265
0.992425,1.0944
0.992450,0.9485
0.992475,0.8099
0.992500,0.6842
0.992525,0.5585
0.992550,0.4505
0.992575,0.3562
0.992600,0.2724
0.992625,0.1999
0.992650,0.1394
0.992675,0.0927
0.992700,0.0572
0.992725,0.0338
0.992750,0.0210
0.992775,0.0169
0.992800,0.0218
0.992825,0.0387
0.992850,0.0693
0.992875,0.1104
0.992900,0.1644
0.992925,0.2297
0.992950,0.3070
0.992975,0.3981
0.993000,0.4972
0.993025,0.6141
0.993050,0.7374
0.993075,0.8663
0.993100,0.9993
0.993125,1.1129
0.993150,1.2177
0.993175,1.3168
0.993200,1.3958
0.993225,1.4844
0.993250,1.5779
0.993275,1.6714
0.993300,1.7850
0.993325,1.8841
0.993350,1.9889
0.993375,2.0944
0.993400,2.1992
0.993425,2.3120
0.993450,2.4160
0.993475,2.5232
0.993500,2.6223
0.993525,2.7158
0.993550,2.8060
0.993575,2.8850
0.993600,2.9632
0.993625,3.0349
0.993650,3.0969
0.993675,3.1493
0.993700,3.1888
0.993725,3.2178
0.993750,3.2363
0.993775,3.2468
0.993800,3.2468
0.993825,3.2379
0.993850,3.2186
0.993875,3.1848
0.993900,3.1429
0.993925,3.0913
0.993950,3.0308
0.993975,2.9583
0.994000,2.8793
0.994025,2.7955
0.994050,2.7085
0.994075,2.6239
0.994100,2.5223
0.994125,2.4184
0.994150,2.3120
0.994175,2.2032
0.994200,2.1105
0.994225,1.9985
0.994250,1.8881
0.994275,1.7785
0.994300,1.6722
0.994325,1.5851
0.994350,1.4836
0.994375,1.3635
0.994400,1.2330
0.994425,1.0927
0.994450,0.9485
0.994475,0.8123
0.994500,0.6769
0.994525,0.5552
0.994550,0.4505
0.994575,0.3602
0.994600,0.2772
0.994625,0.2031
0.994650,0.1410
0.994675,0.0911
0.994700,0.0572
0.994725,0.0347
0.994750,0.0218
0.994775,0.0177
0.994800,0.0226
0.994825,0.0387
0.994850,0.0701
0.994875,0.1136
0.994900,0.1660
0.994925,0.2289
0.994950,0.3054
0.994975,0.3916
0.995000,0.4972
0.995025,0.6149
0.995050,0.7382
0.995075,0.8736
0.995100,1.0081
0.995125,1.1121
0.995150,1.2080
0.995175,1.2902
0.995200,1.3684
0.995225,1.4739
0.995250,1.5827
0.995275,1.6939
0.995300,1.7914
0.995325,1.8865
0.995350,1.9881
0.995375,2.0928
0.995400,2.2105
0.995425,2.3160
0.995450,2.4152
0.995475,2.5143
0.995500,2.6110
0.995525,2.7117
0.995550,2.8076
0.995575,2.8914
0.995600,2.9656
0.995625,3.0373
0.995650,3.0969
0.995675,3.1485
0.995700,3.1904
0.995725,3.2186
0.995750,3.2363
0.995775,3.2460
0.995800,3.2468
0.995825,3.2371
0.995850,3.2178
0.995875,3.1864
0.995900,3.1429
0.995925,3.0905
0.995950,3.0316
0.995975,2.9607
0.996000,2.8850
0.996025,2.7971
0.996050,2.7053
0.996075,2.6126
0.996100,2.5127
0.996125,2.4152
0.996150,2.3177
0.996175,2.2193
0.996200,2.1138
0.996225,2.0010
0.996250,1.8889
0.996275,1.7801
0.996300,1.6891
0.996325,1.5908
0.996350,1.4876
0.996375,1.3716
0.996400,1.2314
0.996425,1.0968
0.996450,0.9485
0.996475,0.8002
0.996500,0.6713
0.996525,0.5528
0.996550,0.4505
0.996575,0.3602
0.996600,0.2748
0.996625,0.2007
0.996650,0.1386
0.996675,0.0911
0.996700,0.0580
0.996725,0.0338
0.996750,0.0210
0.996775,0.0169
0.996800,0.0218
0.996825,0.0395
0.996850,0.0701
0.996875,0.1128
0.996900,0.1644
0.996925,0.2297
0.996950,0.3086
0.996975,0.4005
0.997000,0.5045
0.997025,0.6165
0.997050,0.7325
0.997075,0.8631
0.997100,0.9856
0.997125,1.0960
0.997150,1.1999
0.997175,1.2902
0.997200,1.3877
0.997225,1.4812
0.997250,1.5787
0.997275,1.6730
0.997300,1.7697
0.997325,1.8777
0.997350,1.9913
0.997375,2.1105
0.997400,2.2161
0.997425,2.3193
0.997450,2.4152
0.997475,2.5119
0.997500,2.6182
0.997525,2.7141
0.997550,2.8060
0.997575,2.8866
0.997600,2.9599
0.997625,3.0333
0.997650,3.0961
0.997675,3.1501
0.997700,3.1896
0.997725,3.2178
0.997750,3.2355
0.997775,3.2452
0.997800,3.2468
0.997825,3.2379
0.997850,3.2178
0.997875,3.1840
0.997900,3.1404
0.997925,3.0897
0.997950,3.0325
0.997975,2.9648
0.998000,2.8850
0.998025,2.7971
0.998050,2.7053
0.998075,2.6142
0.998100,2.5199
0.998125,2.4168
0.998150,2.3120
0.998175,2.2008
0.998200,2.0977
0.998225,1.9961
0.998250,1.8954
0.998275,1.8011
0.998300,1.6939
0.998325,1.5924
0.998350,1.4860
0.998375,1.3587
0.998400,1.2265
0.998425,1.0936
0.998450,0.9477
0.998475,0.8099
0.998500,0.6834
0.998525,0.5585
0.998550,0.4505
0.998575,0.3562
0.998600,0.2732
0.998625,0.2007
0.998650,0.1402
0.998675,0.0927
0.998700,0.0572
0.998725,0.0338
0.998750,0.0201
0.998775,0.0153
0.998800,0.0210
0.998825,0.0379
0.998850,0.0685
0.998875,0.1112
0.998900,0.1644
0.998925,0.2289
0.998950,0.3070
0.998975,0.3989
0.999000,0.4980
0.999025,0.6157
0.999050,0.7398
0.999075,0.8679
0.999100,1.0009
0.999125,1.1129
0.999150,1.2168
0.999175,1.3176
0.999200,1.3966
0.999225,1.4868
0.999250,1.5795
0.999275,1.6722
0.999300,1.7850
0.999325,1.8833
0.999350,1.9881
0.999375,2.0952
0.999400,2.2000
0.999425,2.3120
0.999450,2.4176
0.999475,2.5248
0.999500,2.6223
0.999525,2.7166
0.999550,2.8068
0.999575,2.8842
0.999600,2.9623
0.999625,3.0349
0.999650,3.0961
0.999675,3.1477
0.999700,3.1888
0.999725,3.2178
0.999750,3.2363
0.999775,3.2460
0.999800,3.2476
0.999825,3.2388
0.999850,3.2178
0.999875,3.1856
0.999900,3.1437
0.999925,3.0905
0.999950,3.0308
0.999975,2.9591
1.000000,2.7681
1.000025,2.7979
1.000050,2.8205
1.000075,2.8769
1.000100,2.9607
1.000125,3.0341
1.000150,3.0977
1.000175,3.1501
1.000200,3.1912
1.000225,3.2186
1.000250,3.2355
1.000275,3.2460
1.000300,3.2460
1.000325,3.2379
1.000350,3.2170
1.000375,3.1832
1.000400,3.1404
1.000425,3.0905
1.000450,3.0316
1.000475,2.9648
1.000500,2.8850
1.000525,2.7963
1.000550,2.7061
1.000575,2.6150
1.000600,2.5199
1.000625,2.4168
1.000650,2.3120
1.000675,2.2000
1.000700,2.0977
1.000725,1.9953
1.000750,1.8946
1.000775,1.8019
1.000800,1.6939
1.000825,1.5924
1.000850,1.4868
1.000875,1.3595
1.000900,1.2273
1.000925,1.0944
1.000950,0.9477
1.000975,0.8091
1.001000,0.6834
1.001025,0.5585
1.001050,0.4505
1.001075,0.3562
1.001100,0.2732
1.001125,0.1999
1.001150,0.1394
1.001175,0.0919
1.001200,0.0572
1.001225,0.0338
1.001250,0.0201
1.001275,0.0161
1.001300,0.0210
1.001325,0.0387
1.001350,0.0693
1.001375,0.1112
1.001400,0.1652
1.001425,0.2297
1.001450,0.3078
1.001475,0.3981
1.001500,0.4980
1.001525,0.6141
1.001550,0.7382
1.001575,0.8671
1.001600,1.0001
1.001625,1.1129
1.001650,1.2177
1.001675,1.3160
1.001700,1.3941
1.001725,1.4844
1.001750,1.5771
1.001775,1.6705
1.001800,1.7850
1.001825,1.8833
1.001850,1.9881
1.001875,2.0936
1.001900,2.1984
1.001925,2.3112
1.001950,2.4152
1.001975,2.5240
1.002000,2.6223
1.002025,2.7166
1.002050,2.8076
1.002075,2.8850
1.002100,2.9623
1.002125,3.0349
1.002150,3.0961
1.002175,3.1485
1.002200,3.1896
1.002225,3.2178
1.002250,3.2363
1.002275,3.2460
1.002300,3.2460
1.002325,3.2379
1.002350,3.2170
1.002375,3.1840
1.002400,3.1429
1.002425,3.0897
1.002450,3.0292
1.002475,2.9583
1.002500,2.8793
1.002525,2.7963
1.002550,2.7101
1.002575,2.6247
1.002600,2.5232
1.002625,2.4184
1.002650,2.3120
1.002675,2.2032
1.002700,2.1097
1.002725,1.9985
1.002750,1.8881
1.002775,1.7785
1.002800,1.6722
1.002825,1.5851
1.002850,1.4836
1.002875,1.3635
1.002900,1.2322
1.002925,1.0927
1.002950,0.9485
1.002975,0.8123
1.003000,0.6769
1.003025,0.5544
1.003050,0.4505
1.003075,0.3594
1.003100,0.2772
1.003125,0.2031
1.003150,0.1402
1.003175,0.0919
1.003200,0.0572
1.003225,0.0338
1.003250,0.0210
1.003275,0.0161
1.003300,0.0218
1.003325,0.0387
1.003350,0.0701
1.003375,0.1136
1.003400,0.1660
1.003425,0.2297
1.003450,0.3046
1.003475,0.3925
1.003500,0.4988
1.003525,0.6149
1.003550,0.7382
1.003575,0.8736
1.003600,1.0081
1.003625,1.1113
1.003650,1.2088
1.003675,1.2910
1.003700,1.3692
1.003725,1.4747
1.003750,1.5835
1.003775,1.6947
1.003800,1.7914
1.003825,1.8881
1.003850,1.9881
1.003875,2.0920
1.003900,2.2105
1.003925,2.3160
1.003950,2.4144
1.003975,2.5143
1.004000,2.6110
1.004025,2.7117
1.004050,2.8068
1.004075,2.8906
1.004100,2.9656
1.004125,3.0357
1.004150,3.0969
1.004175,3.1477
1.004200,3.1896
1.004225,3.2186
1.004250,3.2363
1.004275,3.2460
1.004300,3.2468
1.004325,3.2379
1.004350,3.2194
1.004375,3.1872
1.004400,3.1429
1.004425,3.0913
1.004450,3.0308
1.004475,2.9591
1.004500,2.8850
1.004525,2.7963
1.004550,2.7053
1.004575,2.6134
1.004600,2.5111
1.004625,2.4152
1.004650,2.3177
1.004675,2.2185
1.004700,2.1130
1.004725,2.0001
1.004750,1.8873
1.004775,1.7801
1.004800,1.6899
1.004825,1.5900
1.004850,1.4884
1.004875,1.3724
1.004900,1.2314
1.004925,1.0968
1.004950,0.9485
1.004975,0.8002
1.005000,0.6721
1.005025,0.5536
1.005050,0.4505
1.005075,0.3602
1.005100,0.2748
1.005125,0.2015
1.005150,0.1394
1.005175,0.0919
1.005200,0.0580
1.005225,0.0338
1.005250,0.0210
1.005275,0.0161
1.005300,0.0218
1.005325,0.0387
1.005350,0.0701
1.005375,0.1128
1.005400,0.1644
1.005425,0.2297
1.005450,0.3086
1.005475,2.0703
1.005500,2.0219
1.005525,1.9300
1.005550,1.9083
1.005575,1.8519
1.005600,1.8148
1.005625,1.7237
1.005650,1.5610
1.005675,1.4232
1.005700,1.2596
1.005725,1.2870
1.005750,1.2870
1.005775,1.2322
1.005800,1.1709
1.005825,1.0114
1.005850,0.9122
1.005875,0.8244
1.005900,0.8244
1.005925,0.8316
1.005950,0.7470
1.005975,0.6810
1.006000,0.5818
1.006025,0.5117
1.006050,0.4642
1.006075,0.4456
1.006100,0.4303
1.006125,0.3554
1.006150,0.3022
1.006175,0.2482
1.006200,0.2015
1.006225,0.1716
1.006250,0.1483
1.006275,0.1297
1.006300,0.0999
1.006325,0.0733
1.006350,0.0548
1.006375,0.0371
1.006400,0.0274
1.006425,0.0210
1.006450,0.0169
1.006475,0.0137
1.006500,0.0121
1.006525,0.0129
1.006550,0.0169
1.006575,0.0218
1.006600,0.0379
1.006625,0.0588
1.006650,0.0790
1.006675,0.0959
1.006700,0.1096
1.006725,0.1571
1.006750,0.1934
1.006775,0.2474
1.006800,0.3070
1.006825,0.3248
1.006850,0.3401
1.006875,0.3562
1.006900,0.4166
1.006925,0.4505
1.006950,0.5577
1.006975,0.6745
1.007000,0.7124
1.007025,0.7462
1.007050,0.7478
1.007075,0.7583
1.007100,0.7623
1.007125,1.3281
1.007150,1.2338
1.007175,1.1758
1.007200,1.1435
1.007225,1.0927
1.007250,1.6093
1.007275,1.5400
1.007300,1.5158
1.007325,1.5021
1.007350,1.4755
1.007375,1.6214
1.007400,1.7165
1.007425,1.8664
1.007450,1.9615
1.007475,2.0122
1.007500,2.0404
1.007525,2.0026
1.007550,2.1089
1.007575,2.1589
1.007600,2.2919
1.007625,2.3990
1.007650,2.4917
1.007675,2.5304
1.007700,2.5232
1.007725,2.5949
1.007750,2.6086
1.007775,2.7061
1.007800,2.8181
1.007825,2.8826
1.007850,2.9188
1.007875,2.9333
1.007900,2.9478
1.007925,2.9664
1.007950,3.0228
1.007975,3.0856
1.008000,3.1251
1.008025,3.1541
1.008050,3.1711
1.008075,3.1832
1.008100,3.1968
1.008125,3.2186
1.008150,3.2379
1.008175,3.2484
1.008200,3.2525
1.008225,3.2508
1.008250,3.2508
1.008275,3.2468
1.008300,3.2476
1.008325,3.2484
1.008350,3.2444
1.008375,3.2210
1.008400,3.1832
1.008425,3.1549
1.008450,3.1179
1.008475,3.1074
1.008500,3.1130
1.008525,3.1034
1.008550,3.0486
1.008575,2.9615
1.008600,2.8963
1.008625,2.8149
1.008650,2.8116
1.008675,2.7923
1.008700,2.7705
1.008725,2.6980
1.008750,2.5707
1.008775,2.5312
1.008800,2.4377
1.008825,2.4482
1.008850,2.4039
1.008875,2.3209
1.008900,2.2218
1.008925,2.0453
1.008950,2.0284
1.008975,1.9703
1.009000,1.9736
1.009025,1.9123
1.009050,1.7810
1.009075,1.6746
1.009100,1.5070
1.009125,1.5489
1.009150,1.5473
1.009175,1.5118
1.009200,1.4473
1.009225,1.2773
1.009250,1.1596
1.009275,1.0355
1.009300,1.0379
1.009325,1.0565
1.009350,0.9928
1.009375,0.9316
1.009400,0.8147
1.009425,0.7156
1.009450,0.6245
1.009475,0.6052
1.009500,0.5915
1.009525,0.5109
1.009550,0.4682
1.009575,0.3957
1.009600,0.3393
1.009625,0.3119
1.009650,0.2869
1.009675,0.2659
1.009700,0.2127
1.009725,0.1628
1.009750,0.1297
1.009775,0.0967
1.009800,0.0774
1.009825,0.0612
1.009850,0.0467
1.009875,0.0347
1.009900,0.0250
1.009925,0.0193
1.009950,0.0161
1.009975,0.0137
1.010000,0.0137
1.010025,0.0161
1.010050,0.0218
1.010075,0.0274
1.010100,0.0387
1.010125,0.0717
1.010150,0.1032
1.010175,0.1394
1.010200,0.1757
1.010225,0.1894
1.010250,0.1942
1.010275,0.2079
1.010300,0.2732
1.010325,0.3006
1.010350,0.3860
1.010375,0.4771
1.010400,0.4940
1.010425,0.5286
1.010450,0.5319
1.010475,0.5746
1.010500,0.6012
1.010525,0.7430
1.010550,0.8929
1.010575,0.9549
1.010600,1.0057
1.010625,0.9928
1.010650,0.9823
1.010675,0.9864
1.010700,1.5247
1.010725,1.4385
1.010750,1.3974
1.010775,1.3772
1.010800,1.3482
1.010825,1.5094
1.010850,1.6174
1.010875,1.7737
1.010900,1.8535
1.010925,1.8833
1.010950,1.9042
1.010975,1.8559
1.011000,1.9784
1.011025,2.0485
1.011050,2.1879
1.011075,2.3064
1.011100,2.4007
1.011125,2.4297
1.011150,2.4071
1.011175,2.4651
1.011200,2.4732
1.011225,2.5844
1.011250,2.7109
1.011275,2.7971
1.011300,2.8382
1.011325,2.8479
1.011350,2.8729
1.011375,2.8858
1.011400,2.9511
1.011425,3.0268
1.011450,3.0727
1.011475,3.1074
1.011500,3.1275
1.011525,3.1421
1.011550,3.1590
1.011575,3.1864
1.011600,3.2146
1.011625,3.2323
1.011650,3.2412
1.011675,3.2452
1.011700,3.2452
1.011725,3.2436
1.011750,3.2492
1.011775,3.2541
1.011800,3.2557
1.011825,3.2444
1.011850,3.2194
1.011875,3.1977
1.011900,3.1678
1.011925,3.1558
1.011950,3.1558
1.011975,3.1469
1.012000,3.1058
1.012025,3.0373
1.012050,2.9857
1.012075,2.9164
1.012100,2.9035
1.012125,2.8963
1.012150,2.8874
1.012175,2.8116
1.012200,2.6908
1.012225,2.6295
1.012250,2.5240
1.012275,2.5401
1.012300,2.4982
1.012325,2.4281
1.012350,2.3386
1.012375,2.1734
1.012400,2.1629
1.012425,2.1033
1.012450,2.1323
1.012475,2.0799
1.012500,1.9574
1.012525,1.8430
1.012550,1.6367
1.012575,1.6448
1.012600,1.6206
1.012625,1.5964
1.012650,1.5400
1.012675,1.3893
1.012700,1.2886
1.012725,1.1580
1.012750,1.1669
1.012775,1.1870
1.012800,1.1161
1.012825,1.0492
1.012850,0.9203
1.012875,0.8139
1.012900,0.7366
1.012925,0.7245
1.012950,0.7148
1.012975,0.6302
1.013000,0.5649
1.013025,0.4811
1.013050,0.4255
1.013075,0.3707
1.013100,0.3505
1.013125,0.3336
1.013150,0.2659
1.013175,0.2297
1.013200,0.1845
1.013225,0.1418
1.013250,0.1201
1.013275,0.1015
1.013300,0.0838
1.013325,0.0621
1.013350,0.0419
1.013375,0.0306
1.013400,0.0226
1.013425,0.0177
1.013450,0.0145
1.013475,0.0129
1.013500,0.0137
1.013525,0.0145
1.013550,0.0201
1.013575,0.0411
1.013600,0.0564
1.013625,0.0846
1.013650,0.1152
1.013675,0.1289
1.013700,0.1434
1.013725,0.1555
1.013750,0.2136
1.013775,0.2506
1.013800,0.3207
1.013825,0.3973
1.013850,0.4126
1.013875,0.4336
1.013900,0.4440
1.013925,0.4884
1.013950,0.5061
1.013975,0.6318
1.014000,0.7648
1.014025,0.8163
1.014050,0.8711
1.014075,0.8639
1.014100,0.8711
1.014125,0.8873
1.014150,1.4473
1.014175,1.3474
1.014200,1.2853
1.014225,1.2596
1.014250,1.2225
1.014275,1.7407
1.014300,1.6641
1.014325,1.6319
1.014350,1.6214
1.014375,1.6012
1.014400,1.7487
1.014425,1.8486
1.014450,1.9905
1.014475,2.0783
1.014500,2.1339
1.014525,2.1694
1.014550,2.1412
1.014575,2.2443
1.014600,2.2903
1.014625,2.4023
1.014650,2.5078
1.014675,2.5941
1.014700,2.6360
1.014725,2.6408
1.014750,2.6972
1.014775,2.7093
1.014800,2.7891
1.014825,2.8898
1.014850,2.9462
1.014875,2.9817
1.014900,2.9994
1.014925,3.0139
1.014950,3.0341
1.014975,3.0856
1.015000,3.1388
1.015025,3.1703
1.015050,3.1944
1.015075,3.2097
1.015100,3.2194
1.015125,3.2283
1.015150,3.2404
1.015175,3.2500
1.015200,3.2549
1.015225,3.2565
1.015250,3.2508
1.015275,3.2460
1.015300,3.2363
1.015325,3.2315
1.015350,3.2283
1.015375,3.2194
1.015400,3.1864
1.015425,3.1356
1.015450,3.1010
1.015475,3.0542
1.015500,3.0478
1.015525,3.0542
1.015550,3.0453
1.015575,2.9841
1.015600,2.8866
1.015625,2.8205
1.015650,2.7335
1.015675,2.7335
1.015700,2.7101
1.015725,2.6771
1.015750,2.5973
1.015775,2.4555
1.015800,2.4136
1.015825,2.3193
1.015850,2.3346
1.015875,2.2911
1.015900,2.2040
1.015925,2.1001
1.015950,1.9131
1.015975,1.9059
1.016000,1.8495
1.016025,1.8454
1.016050,1.7834
1.016075,1.6415
1.016100,1.5424
1.016125,1.3901
1.016150,1.4328
1.016175,1.4417
1.016200,1.3925
1.016225,1.3208
1.016250,1.1484
1.016275,1.0267
1.016300,0.9074
1.016325,0.9130
1.016350,0.9308
1.016375,0.8631
1.016400,0.8107
1.016425,0.6955
1.016450,0.6165
1.016475,0.5552
1.016500,0.5327
1.016525,0.5206
1.016550,0.4352
1.016575,0.3796
1.016600,0.3191
1.016625,0.2667
1.016650,0.2418
1.016675,0.2176
1.016700,0.1950
1.016725,0.1547
1.016750,0.1136
1.016775,0.0886
1.016800,0.0629
1.016825,0.0467
1.016850,0.0330
1.016875,0.0234
1.016900,0.0185
1.016925,0.0145
1.016950,0.0137
1.016975,0.0137
1.017000,0.0145
1.017025,0.0210
1.017050,0.0314
1.017075,0.0443
1.017100,0.0564
1.017125,0.0701
1.017150,0.1104
1.017175,0.1467
1.017200,0.1910
1.017225,0.2369
1.017250,0.2522
1.017275,0.2603
1.017300,0.2772
1.017325,0.3336
1.017350,0.3602
1.017375,0.4585
1.017400,0.5633
1.017425,0.5963
1.017450,0.6350
1.017475,0.6334
1.017500,0.6616
1.017525,0.6866
1.017550,1.1766
1.017575,1.0895
1.017600,1.0331
1.017625,1.0210
1.017650,0.9904
1.017675,1.5440
1.017700,1.4473
1.017725,1.3949
1.017750,1.3764
1.017775,1.3458
1.017800,1.8438
1.017825,1.7689
1.017850,1.7423
1.017875,1.7318
1.017900,1.7165
1.017925,1.8632
1.017950,1.9639
1.017975,2.0993
1.018000,2.2081
1.018025,2.2862
1.018050,2.3104
1.018075,2.2822
1.018100,2.3499
1.018125,2.3652
1.018150,2.4788
1.018175,2.6013
1.018200,2.6932
1.018225,2.7432
1.018250,2.7528
1.018275,2.7915
1.018300,2.8020
1.018325,2.8721
1.018350,2.9607
1.018375,3.0139
1.018400,3.0502
1.018425,3.0727
1.018450,3.0881
1.018475,3.1066
1.018500,3.1445
1.018525,3.1815
1.018550,3.2041
1.018575,3.2226
1.018600,3.2323
1.018625,3.2371
1.018650,3.2412
1.018675,3.2476
1.018700,3.2549
1.018725,3.2589
1.018750,3.2557
1.018775,3.2428
1.018800,3.2307
1.018825,3.2105
1.018850,3.1993
1.018875,3.1952
1.018900,3.1848
1.018925,3.1493
1.018950,3.0929
1.018975,3.0510
1.019000,2.9954
1.019025,2.9841
1.019050,2.9857
1.019075,2.9736
1.019100,2.9027
1.019125,2.7915
1.019150,2.7214
1.019175,2.6231
1.019200,2.6319
1.019225,2.6037
1.019250,2.5489
1.019275,2.4635
1.019300,2.3072
1.019325,2.2790
1.019350,2.2097
1.019375,2.2363
1.019400,2.1895
1.019425,2.0848
1.019450,1.9776
1.019475,1.7793
1.019500,1.7785
1.019525,1.7366
1.019550,1.7149
1.019575,1.6552
1.019600,1.5126
1.019625,1.4135
1.019650,1.2757
1.019675,1.2990
1.019700,1.3144
1.019725,1.2491
1.019750,1.1758
1.019775,1.0267
1.019800,0.9138
1.019825,0.8236
1.019850,0.8236
1.019875,0.8316
1.019900,0.7535
1.019925,0.6882
1.019950,0.5883
1.019975,0.5141
1.020000,0.4473
1.020025,0.4287
1.020050,0.4142
1.020075,0.3401
1.020100,0.3030
1.020125,0.2490
1.020150,0.1990
1.020175,0.1757
1.020200,0.1523
1.020225,0.1330
1.020250,0.1040
1.020275,0.0725
1.020300,0.0548
1.020325,0.0371
1.020350,0.0274
1.020375,0.0210
1.020400,0.0169
1.020425,0.0145
1.020450,0.0121
1.020475,0.0129
1.020500,0.0161
1.020525,0.0210
1.020550,0.0395
1.020575,0.0604
1.020600,0.0806
1.020625,0.0983
1.020650,0.1104
1.020675,0.1579
1.020700,0.1934
1.020725,0.2482
1.020750,0.3070
1.020775,0.3248
1.020800,0.3417
1.020825,0.3570
1.020850,0.4118
1.020875,0.4336
1.020900,0.5448
1.020925,0.6624
1.020950,0.7003
1.020975,0.7438
1.021000,0.7398
1.021025,0.7607
1.021050,0.7865
1.021075,1.3337
1.021100,1.2338
1.021125,1.1693
1.021150,1.1475
1.021175,1.1073
1.021200,1.6335
1.021225,1.5513
1.021250,1.5134
1.021275,1.5037
1.021300,1.4820
1.021325,1.6391
1.021350,1.7463
1.021375,1.8914
1.021400,1.9663
1.021425,2.0042
1.021450,2.0340
1.021475,1.9985
1.021500,2.1194
1.021525,2.1807
1.021550,2.3040
1.021575,2.4071
1.021600,2.4974
1.021625,2.5296
1.021650,2.5240
1.021675,2.5908
1.021700,2.6021
1.021725,2.6996
1.021750,2.8173
1.021775,2.8834
1.021800,2.9180
1.021825,2.9301
1.021850,2.9406
1.021875,2.9583
1.021900,3.0179
1.021925,3.0848
1.021950,3.1267
1.021975,3.1558
1.022000,3.1751
1.022025,3.1864
1.022050,3.1993
1.022075,3.2202
1.022100,3.2388
1.022125,3.2484
1.022150,3.2525
1.022175,3.2516
1.022200,3.2500
1.022225,3.2468
1.022250,3.2476
1.022275,3.2476
1.022300,3.2428
1.022325,3.2194
1.022350,3.1799
1.022375,3.1501
1.022400,3.1106
1.022425,3.1018
1.022450,3.1098
1.022475,3.1026
1.022500,3.0534
1.022525,2.9688
1.022550,2.9051
1.022575,2.8278
1.022600,2.8205
1.022625,2.8020
1.022650,2.7851
1.022675,2.7085
1.022700,2.5804
1.022725,2.5360
1.022750,2.4345
1.022775,2.4442
1.022800,2.4015
1.022825,2.3233
1.022850,2.2242
1.022875,2.0485
1.022900,2.0316
1.022925,1.9663
1.022950,1.9744
1.022975,1.9139
1.023000,1.7818
1.023025,1.6786
1.023050,1.5086
1.023075,1.5489
1.023100,1.5481
1.023125,1.5142
1.023150,1.4505
1.023175,1.2813
1.023200,1.1604
1.023225,1.0234
1.023250,1.0291
1.023275,1.0508
1.023300,0.9840
1.023325,0.9300
1.023350,0.8075
1.023375,0.7188
1.023400,0.6503
1.023425,0.6302
1.023450,0.6141
1.023475,0.5214
1.023500,0.4626
1.023525,0.3941
1.023550,0.3417
1.023575,0.3135
1.023600,0.2885
1.023625,0.2675
1.023650,0.2144
1.023675,0.1644
1.023700,0.1305
1.023725,0.0975
1.023750,0.0749
1.023775,0.0596
1.023800,0.0459
1.023825,0.0322
1.023850,0.0242
1.023875,0.0193
1.023900,0.0153
1.023925,0.0137
1.023950,0.0137
1.023975,0.0153
1.024000,0.0210
1.024025,0.0282
1.024050,0.0379
1.024075,0.0709
1.024100,0.1040
1.024125,0.1394
1.024150,0.1765
1.024175,0.1910
1.024200,0.1958
1.024225,0.2103
1.024250,0.2700
1.024275,0.2958
1.024300,0.3812
1.024325,0.4722
1.024350,0.4948
1.024375,0.5311
1.024400,0.5351
1.024425,0.5754
1.024450,0.6028
1.024475,0.7446
1.024500,0.8929
1.024525,0.9582
1.024550,1.0097
1.024575,0.9960
1.024600,0.9823
1.024625,0.9759
1.024650,1.4997
1.024675,1.4215
1.024700,1.3885
1.024725,1.3740
1.024750,1.3474
1.024775,1.5045
1.024800,1.6109
1.024825,1.7664
1.024850,1.8535
1.024875,1.8889
1.024900,1.9083
1.024925,1.8575
1.024950,1.9727
1.024975,2.0348
